raw_comment,clean_comment
Might guy with 8 gates,might guy with 8 gates
never let bro cook again,never let bro cook again
Bro itachi fans like here 😅,bro itachi fans like here
"U forgot shibai and otsutsuki god, good video",u forgot shibai and otsutsuki god good video
"Shibai be like ''me is duniya ka papa hun papa""",shibai be like me is duniya ka papa hun papa
What about Might Guy,what about might guy
Bro Naruto baryon mode ???,bro naruto baryon mode
Bro forgot Might Guy 8 inner gate formation,bro forgot might guy 8 inner gate formation
Best edit i ever seen ❤🎉,best edit i ever seen
What about might guy 8 gates 😢😢,what about might guy 8 gates
Buddy this guy took this list outa his ass,buddy this guy took this list outa his ass
"Put Kakashi here is a thing but placing him over Hashirama is beyond level of glaze, also leaving out Nagato, Itachi, and Might guy who are by far superior (they even folded him)",put kakashi here is a thing but placing him over hashirama is beyond level of glaze also leaving out nagato itachi and might guy who are by far superior they even folded him
Bro rate hashirama below kakashi 😂,bro rate hashirama below kakashi
"Bro you forget the legend 
The god of genjutsu",bro you forget the legend the god of genjutsu
What about Night Guy?? 😂,what about night guy
MIGHT GUY 8 GATES🥷💪👊🥇💯🐲🐉🤛❤️‍🔥,might guy 8 gates
You forgot to put might guy in,you forgot to put might guy in
Shibai laughing at corner 😂😂,shibai laughing at corner
Shibai ain't pooping,shibai aint pooping
Think orochimaru with sharingan could be strongest only if his plan succeeded,think orochimaru with sharingan could be strongest only if his plan succeeded
Seriously hasirama should be on 4 or 5,seriously hasirama should be on 4 or 5
"Nah, with that genjitsu itachi has there’s no way he ain’t on that list",nah with that genjitsu itachi has theres no way he aint on that list
Where is Shibai Otsutsuki??,where is shibai otsutsuki
those who said itachi....,those who said itachi
bro i thought Number got defeated by narato,bro i thought number got defeated by narato
Bah ki sundor ranking 😂,bah ki sundor ranking
Bro where is shibai,bro where is shibai
prime alive sage mode hashirama was stronger than Sasuke,prime alive sage mode hashirama was stronger than sasuke
"In my opinion top 10 strongest character in Naruto but mein yaha pe kisi bhi otsutsuki ko add nahi karunga kyuki wo God hein, 12.jiraiya sensei, 11.Tobirama Senju, 10.Itachi, 9.Pain, ab bohot log mujhse yeh kahenge ki Itachi pain se jyada powerful hein kyuki usne 4th great ninja war mein pain ko hara diya tha, pehli baat Itachi jab reanimate hua tha tab usse illness ki bimari bhi nahi thi jiski wajah se Itachi apne powers and mangekyo sharingan ko apne full potential pe use kar sakta hein,lekin jab pain(Nagato) reanimate hua tha to uske paas uske six pain nahi the jiski wajah se wo haar gaya lekin agar ham uske sage of six paths of pain ki power ko Itachi se compare kare To nagato Itachi se bohot hi jyada powerful hein, 8.DMS Kakashi,aur yaha pe mein DMS Kakashi ki baat kar raha hu jisme paas perfect susanoo,Duol mangekyo sharingan,Kamui and chidori hein aur kakashi ka yeh version Itachi aur Nagato se bohot hi jyada powerful hein, 7.KCM minato, 6.Hashirama, kuch log bolenge ki KCM minato Hashirama se jyada powerful hein lekin esa nahi hein because Hashirama ne madara aur uske perfect susanoo aur Kurama ko ek sath hara rakha hein aur 4th great ninja war mein usne 10 tails tak ko rok diya tha, 5.(8th inner gate) Might Guy maine might guy ko isiliye itna upar rakha hein kyuki might guy ne ten tails madara ko bhi almost maar diya tha, 4.Sasuke , ab 90% logo ko yahi lagta hein ki Sasuke aur Naruto ki powers equal hein aur esa log isilye kehte hein kyuki final valley mein Sasuke aur Naruto ki fight tie hogayi thi lekin esa nahi hein Naruto hamesha se Sasuke se jyada powerful tha aur baat kare final valley mein hui fight ki to Naruto chahta to Sasuke ko ussi wakt khatam kar deta lekin wo esa nahi karna chahta tha,lekin app log yeh bhi to dekho ki Naruto ne ek ese bande ko overpowered kiya jiske paas perfect susanoo,indra's arrow,chidori,EMS,6 tomoe rinnegan aur amaterasu jaise khatarnak techniques thi,lekin agar ham Boruto series waale Naruto ki baat kare jiske paas abhi kurama nahi hein aur Sasuke ke paas rinnegan nahi hein,abhi Sasuke jyada strong hein Naruto se lekin mein Shippuden wale Sasuke ko rank kar raha hu jo Naruto se strong nahi hein, 3.Naruto ,Naruto ne Shippuden ke end tak almost sabhi ko surpass kar diya tha, 4.Ten tails Obito, mein maanta hu ki Naruto ke paas Obito se bhi khatarnaak jutsu aur chakra reserve hein lekin yaha dekhe toh Naruto ten tails Obito se powerful nahi hein, 1.Madara uchiha, isme koi shak nahi hein ki madara number 1 position deserve karta hein sirf iss bande ko maarne ke liye pura shinobi world ek jut hogaya tha isse rokne ke liye khud Hagoromo ko aana pada jo ek god hein lekin tab bhi Koi madara ko infinity tsukiyomi activate karne se nahi rok paaya isse yeh pata chalta hein ki madara kitna jyada powerful hein.Agar aapko meri ranking pasand aayi To iss comment ke niche bas ek like kardena 😊❤❤.aur agar abhi bhi aapko koi doubt hein toh aap mujhe bata sakte ho ❤.",in my opinion top 10 strongest character in naruto but mein yaha pe kisi bhi otsutsuki ko add nahi karunga kyuki wo god hein 12jiraiya sensei 11tobirama senju 10itachi 9pain ab bohot log mujhse yeh kahenge ki itachi pain se jyada powerful hein kyuki usne 4th great ninja war mein pain ko hara diya tha pehli baat itachi jab reanimate hua tha tab usse illness ki bimari bhi nahi thi jiski wajah se itachi apne powers and mangekyo sharingan ko apne full potential pe use kar sakta heinlekin jab painnagato reanimate hua tha to uske paas uske six pain nahi the jiski wajah se wo haar gaya lekin agar ham uske sage of six paths of pain ki power ko itachi se compare kare to nagato itachi se bohot hi jyada powerful hein 8dms kakashiaur yaha pe mein dms kakashi ki baat kar raha hu jisme paas perfect susanooduol mangekyo sharingankamui and chidori hein aur kakashi ka yeh version itachi aur nagato se bohot hi jyada powerful hein 7kcm minato 6hashirama kuch log bolenge ki kcm minato hashirama se jyada powerful hein lekin esa nahi hein because hashirama ne madara aur uske perfect susanoo aur kurama ko ek sath hara rakha hein aur 4th great ninja war mein usne 10 tails tak ko rok diya tha 58th inner gate might guy maine might guy ko isiliye itna upar rakha hein kyuki might guy ne ten tails madara ko bhi almost maar diya tha 4sasuke ab 90 logo ko yahi lagta hein ki sasuke aur naruto ki powers equal hein aur esa log isilye kehte hein kyuki final valley mein sasuke aur naruto ki fight tie hogayi thi lekin esa nahi hein naruto hamesha se sasuke se jyada powerful tha aur baat kare final valley mein hui fight ki to naruto chahta to sasuke ko ussi wakt khatam kar deta lekin wo esa nahi karna chahta thalekin app log yeh bhi to dekho ki naruto ne ek ese bande ko overpowered kiya jiske paas perfect susanooindras arrowchidoriems6 tomoe rinnegan aur amaterasu jaise khatarnak techniques thilekin agar ham boruto series waale naruto ki baat kare jiske paas abhi kurama nahi hein aur sasuke ke paas rinnegan nahi heinabhi sasuke jyada strong hein naruto se lekin mein shippuden wale sasuke ko rank kar raha hu jo naruto se strong nahi hein 3naruto naruto ne shippuden ke end tak almost sabhi ko surpass kar diya tha 4ten tails obito mein maanta hu ki naruto ke paas obito se bhi khatarnaak jutsu aur chakra reserve hein lekin yaha dekhe toh naruto ten tails obito se powerful nahi hein 1madara uchiha isme koi shak nahi hein ki madara number 1 position deserve karta hein sirf iss bande ko maarne ke liye pura shinobi world ek jut hogaya tha isse rokne ke liye khud hagoromo ko aana pada jo ek god hein lekin tab bhi koi madara ko infinity tsukiyomi activate karne se nahi rok paaya isse yeh pata chalta hein ki madara kitna jyada powerful heinagar aapko meri ranking pasand aayi to iss comment ke niche bas ek like kardena aur agar abhi bhi aapko koi doubt hein toh aap mujhe bata sakte ho
Where's the god of genjutsu,wheres the god of genjutsu
Like seriously he put's obito under sasuke🤡🤡🤡🤡😹😹😹😹,like seriously he puts obito under sasuke
"My list top 10
1.kaguya
2.hagoromo
3.hamura
4.madara
5.naruto
6.sasuke
7.obito
8.might guy
9.kakashi
10.ashura otsutsuki",my list top 10 1kaguya 2hagoromo 3hamura 4madara 5naruto 6sasuke 7obito 8might guy 9kakashi 10ashura otsutsuki
Baryon mode?,baryon mode
Bro spsm naruto cooks hamura,bro spsm naruto cooks hamura
"My top 10 list
1) Kaguya
2) Haguromo
3) 10 tails madara 
4) 10 tails obito 
5)  Naruto six path
6) Sasuke six path 
7) might guy eight gates ( almost defeat 10tails madara) 
8) Hashirama sage mode or DMS kakashi
9) Ashura
10) Orewa namikaze minato K. C. M",my top 10 list 1 kaguya 2 haguromo 3 10 tails madara 4 10 tails obito 5 naruto six path 6 sasuke six path 7 might guy eight gates almost defeat 10tails madara 8 hashirama sage mode or dms kakashi 9 ashura 10 orewa namikaze minato k c m
Agree with this but not with DMS should be under hashirama,agree with this but not with dms should be under hashirama
Naruto Baryon Mode Solo,naruto baryon mode solo
"It's totally worng

Edo tensei Itachi Uchiha and Edo tensei Nagato uzumaki >>> Minato, kakashi, guy 

Bro they are damn immortals with hell powers and infinite chakra 💀🙆 

Reconsider your list 🫴
1- kaguya Otsutsuki 
2- hagoromo Otsutsuki 
3- hamura Otsutsuki 
4- Madara 10 tails 
5- Naruto six paths 
6- Sasuke Rinnegan 
7- 10 tails Obito 
8- Edo tensei Itachi having sword of totsuka 
9- Edo tensei Nagato 
10 - hashirama senju (Edo tensei)",its totally worng edo tensei itachi uchiha and edo tensei nagato uzumaki minato kakashi guy bro they are damn immortals with hell powers and infinite chakra reconsider your list 1 kaguya otsutsuki 2 hagoromo otsutsuki 3 hamura otsutsuki 4 madara 10 tails 5 naruto six paths 6 sasuke rinnegan 7 10 tails obito 8 edo tensei itachi having sword of totsuka 9 edo tensei nagato 10 hashirama senju edo tensei
Who is Kaguya Otsutsuk?,who is kaguya otsutsuk
Where is indra and asura?,where is indra and asura
Itachi uchiha is 4th place 😢😢,itachi uchiha is 4th place
"10. Hashirama 
9. Juubito
8. Dms kakashi
7. Might guy and the rest are on the point",10 hashirama 9 juubito 8 dms kakashi 7 might guy and the rest are on the point
Shibai otsutsuki,shibai otsutsuki
Shibai laughing in the corner 😂😂😂,shibai laughing in the corner
99999+missed call from shibai otsutski,99999missed call from shibai otsutski
"Kaguya  Otutsuki,Naruto Uzumaki,Sasuke Uchiha,Haguromo Otutsuki,Madara Uchiha, Hashirama Senju,Obito Uchiha, Kakashi Hatake,Minato Namikaze,Tobirama Senju, Pain Otutsuki,Might Guy.",kaguya otutsukinaruto uzumakisasuke uchihahaguromo otutsukimadara uchiha hashirama senjuobito uchiha kakashi hatakeminato namikazetobirama senju pain otutsukimight guy
This has to be ragebait,this has to be ragebait
no any one beat madara and kakashi,no any one beat madara and kakashi
To be honest hashirama must be at 5 atleast,to be honest hashirama must be at 5 atleast
Where's is Itachi,wheres is itachi
Bro watch Naruto in short,bro watch naruto in short
Bro naruto on baryon mode 😅😅,bro naruto on baryon mode
Itachi and might guy where,itachi and might guy where
Bro you watched Naruto from reels the ranking system is very bad 😂😂,bro you watched naruto from reels the ranking system is very bad
Where is Itachi Uchiha 🤔💀👿,where is itachi uchiha
Guy left the chat,guy left the chat
Where itachi x ❤❤❤,where itachi x
bro might guy is 8th st,bro might guy is 8th st
Where is itachi ???,where is itachi
Shibai is literally king of Ōtsutsuki,shibai is literally king of tsutsuki
"Kaguya Chan❤



















-Sanji",kaguya chan sanji
Itachi😂 also,itachi also
Faltó itachi 😢,falt itachi
"*10 DMS kakashi
   9.Indra 
    8 Asura 
     7 Obito 
      6 sasuke
       5 Naruto 
        4 hamura 
        3 madara 
         2 Hagoromo 
          1kaguya
😢😢",10 dms kakashi 9indra 8 asura 7 obito 6 sasuke 5 naruto 4 hamura 3 madara 2 hagoromo 1kaguya
Itachi be like，                                                   Itachi:What am i? A roach?,itachi be like itachiwhat am i a roach
"Kakashi above Minato? Bro you watched saburo i think. Minato is strong as end game Naruto. And Might Guy is way stronger than Kakashi, Sasuke and Naruto",kakashi above minato bro you watched saburo i think minato is strong as end game naruto and might guy is way stronger than kakashi sasuke and naruto
"For those going on about how he isnt including boruto characters even though the video's entitled strongest NARUTO characters and not BORUTO characters, here's your list:
10. Isshiki Otsutsuki
9. Kaguya Otsutsuki
8. Ada
7. Daemon
6. Naruto (Baryon Mode)
5. Code
4. Kawaki
3. Boruto Uzumaki
2. Jura
1. Shibai Otsutsuki",for those going on about how he isnt including boruto characters even though the videos entitled strongest naruto characters and not boruto characters heres your list 10 isshiki otsutsuki 9 kaguya otsutsuki 8 ada 7 daemon 6 naruto baryon mode 5 code 4 kawaki 3 boruto uzumaki 2 jura 1 shibai otsutsuki
Kaguya otsutsuki,kaguya otsutsuki
hashirama esay difit kakashi,hashirama esay difit kakashi
In shipuden I think obito is slightly stronger than sasuke🤔,in shipuden i think obito is slightly stronger than sasuke
I am OTSUTSUKI 😂,i am otsutsuki
Salute Lekin neeche se 🫡🫡🫡🫡🫡🫡,salute lekin neeche se
Any one tell me this song,any one tell me this song
Number one Shiva,number one shiva
"Indra and ashura, sm kabuto, night guy",indra and ashura sm kabuto night guy
Were is Itachi,were is itachi
"Zetsu can annhilate half of the list, he has Obito's body + his insane flexibility & resistance, i would argue he is the Naruto character with the best hax, unless you destroy the terrain or speedblitz he is gonna kill you",zetsu can annhilate half of the list he has obitos body his insane flexibility resistance i would argue he is the naruto character with the best hax unless you destroy the terrain or speedblitz he is gonna kill you
"Kaguya
Hagoromo
Jubidara
Naruto
Sasuke
DMS Kakashi
Might Guy
Jubito
Hamura
Hashirama
Kcm Minato
Itachi Edo + right eye of shisui
Nagato",kaguya hagoromo jubidara naruto sasuke dms kakashi might guy jubito hamura hashirama kcm minato itachi edo right eye of shisui nagato
Itachi Uchiha,itachi uchiha
He see Naruto in shorts,he see naruto in shorts
Might power 8 naget,might power 8 naget
Itachi laugh in corner,itachi laugh in corner
Naruto should be on number 1 .You forgot that he was the strongest Shinobi 🥷,naruto should be on number 1 you forgot that he was the strongest shinobi
Shibai outsuki,shibai outsuki
"Here is the real ranking -
1.kaguya
2.Hagoromo 
3. Madara (10 tails jinchuriki) 
4.Naruto (6 path sage mode + kcm ) 
5.sasuke (6 path boost + rinnegan)
6.Obito (10 tails jinchuriki)
7.hashirama senju
8.kakashi(dms)
9.might guy
10.minato (kcm)
11.nagato / pain
12.killer bee
13.jiraya 
14.itachi
15.tobirama",here is the real ranking 1kaguya 2hagoromo 3 madara 10 tails jinchuriki 4naruto 6 path sage mode kcm 5sasuke 6 path boost rinnegan 6obito 10 tails jinchuriki 7hashirama senju 8kakashidms 9might guy 10minato kcm 11nagato pain 12killer bee 13jiraya 14itachi 15tobirama
He didn’t flinch for Sakura 😂,he didnt flinch for sakura
Not even half a second was needed to rank Sakura at the bottom 😂😂,not even half a second was needed to rank sakura at the bottom
Bro didn't hesitate 😂😂,bro didnt hesitate
he was just waiting for Sakura being on 10💀,he was just waiting for sakura being on 10
Zoro lost again 💀,zoro lost again
Did Shino dirty Ngl,did shino dirty ngl
reactionless on sakura 😂,reactionless on sakura
Shino got hella aura,shino got hella aura
Man ngl this is probably the best aura ranking possible in here🗿,man ngl this is probably the best aura ranking possible in here
"If we talking pre shippuden Rock Lee, the moment when he drops the weights might have been the most aura any single character had in the show up to that point",if we talking pre shippuden rock lee the moment when he drops the weights might have been the most aura any single character had in the show up to that point
Shino got disrespected,shino got disrespected
Missed opportunity to put 3rd hokage as number 3,missed opportunity to put 3rd hokage as number 3
Bro ranked it perfect,bro ranked it perfect
Kakashi and madara has the most aura literally every person knows them,kakashi and madara has the most aura literally every person knows them
I love how bro didn't hesitate for that pink biscuit 🖐️🥰🤚,i love how bro didnt hesitate for that pink biscuit
This was actually a really great list,this was actually a really great list
2 old friends on top 2 always,2 old friends on top 2 always
Bro was keeping 10th slot free just for Sakura.,bro was keeping 10th slot free just for sakura
HEY BRO I REALLY APPERICIATE IT XD,hey bro i really appericiate it xd
Solid ass list,solid ass list
Those eyes are Too pretty... . ✨🙋🏾‍♀️,those eyes are too pretty
Rock Lee got aura after that Garaa fight,rock lee got aura after that garaa fight
Let bro cook again 👍,let bro cook again
Perfect list,perfect list
W list for real,w list for real
Putting Rock Lee on 6 is A CRIME,putting rock lee on 6 is a crime
Why are you put Sakura haruno 10 💔💔💔💔💔💔💔💔💔💔💔💔💔💔💔💔💔💔💔💔💔💔💔💔💔💔💔💔💔💔💔💔💔💔💔💔💔💔💔💔💔💔💔💔💔,why are you put sakura haruno 10
"Bro didn't even took time, as soon as he saw Sakura 😂😂😂😂😂",bro didnt even took time as soon as he saw sakura
W tier list,w tier list
Ain't no way Hiruzen's bum ahh got 4 while Killer Bee is 5,aint no way hiruzens bum ahh got 4 while killer bee is 5
Why you put sakura in 10th,why you put sakura in 10th
Shino that low is a disgrace,shino that low is a disgrace
Bro saved the bottom for Sakura😂,bro saved the bottom for sakura
bro put mr. 'we see the fit' shino at 9th,bro put mr we see the fit shino at 9th
Justice for Rock Lee🗿🗿🗿,justice for rock lee
The disrespect you Sheeno is wild,the disrespect you sheeno is wild
Bri was saving that 10th place for Sakura 😅,bri was saving that 10th place for sakura
Shino has so much aura and drip ngl,shino has so much aura and drip ngl
I didn’t have time to read her name before he clicked 10 for sakura,i didnt have time to read her name before he clicked 10 for sakura
The aura on rock Lee in the fight against gaara was insane tho,the aura on rock lee in the fight against gaara was insane tho
"rock lee at 6 ""can i take the weights off?""",rock lee at 6 can i take the weights off
"No second guess at all for Sakura, straight to 10",no second guess at all for sakura straight to 10
Shino has more aura than killer bee 🗿,shino has more aura than killer bee
"Shino at 9 is criminal, bro never lost a fight and always cold in naruto",shino at 9 is criminal bro never lost a fight and always cold in naruto
Thats accurate for me bro,thats accurate for me bro
Shino is nothing but aura. Having him under goofy ass suigetsu is a crime.,shino is nothing but aura having him under goofy ass suigetsu is a crime
Killer bee should be at number 4,killer bee should be at number 4
Shino has his bugs as aura,shino has his bugs as aura
Crazy shino being 9,crazy shino being 9
rock Lee's chunin exam arc and coming back even after deathly injuries is more than killer bee for me. Ik killer bee rapping and not giving a F abt ppl hating is massive aura but rock Lee standing up with his fighting stance against gaara even after both his legs destroyed is a winner for me 💪🗣️,rock lees chunin exam arc and coming back even after deathly injuries is more than killer bee for me ik killer bee rapping and not giving a f abt ppl hating is massive aura but rock lee standing up with his fighting stance against gaara even after both his legs destroyed is a winner for me
the only bad placement is rock lee. the weight drop was cold,the only bad placement is rock lee the weight drop was cold
Zoro is literally everywhere,zoro is literally everywhere
PERFECT LIST,perfect list
Bruh Shino had mad aura in the chunin exams,bruh shino had mad aura in the chunin exams
Let him rate again,let him rate again
Did lee dirty😖,did lee dirty
"Bro's aura when he kept sakura in the last place 😂😂😂😂😂😂
Edit:today is my birthday nobody wished me😢😢😢😢😢",bros aura when he kept sakura in the last place edittoday is my birthday nobody wished me
bro knew sakura was coming so he saved that number 10 spot,bro knew sakura was coming so he saved that number 10 spot
Bro knew he was getting Sakura,bro knew he was getting sakura
"pretty solid, but I would have ranked Lee as 5th, just because of the chunin exams scene",pretty solid but i would have ranked lee as 5th just because of the chunin exams scene
Shino is easily top 4 on this list for aura,shino is easily top 4 on this list for aura
Lee at 6 is crazy hes top 4 for sure,lee at 6 is crazy hes top 4 for sure
He have no reaction for sakura in his mind He is like that: 😒,he have no reaction for sakura in his mind he is like that
You are bad why you keep sakura last,you are bad why you keep sakura last
bro I said everything the exact same,bro i said everything the exact same
"NAH, nah nah nah BROoo rock lee's aura is insane",nah nah nah nah brooo rock lees aura is insane
Kakashi has the most aura here,kakashi has the most aura here
"Meanwhile naruto, kushina, minato, hinata, neji, tusunade, orochimaru, jiraiya, shikamaru, garra, tobirama, sasuke, itachi and obito laughing at the corner ! 🙂",meanwhile naruto kushina minato hinata neji tusunade orochimaru jiraiya shikamaru garra tobirama sasuke itachi and obito laughing at the corner
Kankuro above shino is insane,kankuro above shino is insane
Rock Lee standing up in the chin in exams was crazy tho,rock lee standing up in the chin in exams was crazy tho
Sasuke pov: why in last💀,sasuke pov why in last
"Naaaaaahhh Sakura got done dirty, being below Shino and Kankuro is nasty work 😭😭🙏🙏",naaaaaahhh sakura got done dirty being below shino and kankuro is nasty work
"Honestly? Fair ratings. If this was part 1 though, Shino and Kankuro wouldve been on the upper half, before they became comic relief.",honestly fair ratings if this was part 1 though shino and kankuro wouldve been on the upper half before they became comic relief
"Ts not tuff, why we still stuck on aura pmo 🥀😭🙏",ts not tuff why we still stuck on aura pmo
Shino used to have mad aura,shino used to have mad aura
Rock lee 6 is criminal💀,rock lee 6 is criminal
Rock Lee Must to be higher,rock lee must to be higher
Sakura in the manga is a aura farmer too,sakura in the manga is a aura farmer too
"Bro, it should be a crime to put lee that low did you not watch the exams",bro it should be a crime to put lee that low did you not watch the exams
am i the only one who saw zoro  who is NOT a naruto character at the start and almost every time he starts the spin?,am i the only one who saw zoro who is not a naruto character at the start and almost every time he starts the spin
Rocklee needs to be higher tbh,rocklee needs to be higher tbh
Hashirama is underrated,hashirama is underrated
"everything was spot on, except people be sleeping on Shino. He's cold and calculated. Jutsus are unique and versatile. Honestly, a wasted potential of character.",everything was spot on except people be sleeping on shino hes cold and calculated jutsus are unique and versatile honestly a wasted potential of character
NEVER COOK AGAIN,never cook again
There's no way you put Rock lee at 6,theres no way you put rock lee at 6
I like the reaction when he rank sakura no tension at all*,i like the reaction when he rank sakura no tension at all
Shino at 9 is a travesty.,shino at 9 is a travesty
Bros is mewing from birth,bros is mewing from birth
How to hell does kankuro get above shino,how to hell does kankuro get above shino
Shine is at least in top 5 he was straight aura farming whole time he dindt stop when he was grown like sasuke,shine is at least in top 5 he was straight aura farming whole time he dindt stop when he was grown like sasuke
Lee has more aura than 6 bro,lee has more aura than 6 bro
Rock lee got the most aura,rock lee got the most aura
Rocklees rank was good.,rocklees rank was good
aura shino??? come on,aura shino come on
Hagaromo has left the chat,hagaromo has left the chat
Tenten has left the chat. She was in the wrong room.,tenten has left the chat she was in the wrong room
Hagoromo left the chat,hagoromo left the chat
"Itachi: Oh thank goodness! I’m not on here, I finally get some rest",itachi oh thank goodness im not on here i finally get some rest
The ramen guy should be #1.,the ramen guy should be 1
Remember. Hagoromo gave Naruto and Sasuke their powers.,remember hagoromo gave naruto and sasuke their powers
Nagato: And now... this world shall know Pain!,nagato and now this world shall know pain
One thing I think that gets overlooked about double Mangekyou Obito is that his Kamui would be faster than Kakashi's. And using it doesn't have to send someone to another dimension intact. Like with Deidara's arm. He could rapid fire pluck parts of your body off into another dimension.,one thing i think that gets overlooked about double mangekyou obito is that his kamui would be faster than kakashis and using it doesnt have to send someone to another dimension intact like with deidaras arm he could rapid fire pluck parts of your body off into another dimension
Love this guy huge fan of his,love this guy huge fan of his
"the fact Minato is in top 10 and died long long before the series ended,should tell us how broken he truly was....",the fact minato is in top 10 and died long long before the series endedshould tell us how broken he truly was
Where's Hagoromo?,wheres hagoromo
"Hagoromo, Hamura, Indra, Ashura, and arguably Nagato should all be up there.",hagoromo hamura indra ashura and arguably nagato should all be up there
"Kaguya, Madara, Obito, Kakashi, Naruto, Sasuke, Guy, Hashirama, Minato",kaguya madara obito kakashi naruto sasuke guy hashirama minato
I love how everyone on the list has some sort of special ability except the goat might guy who's just an absolutely chad,i love how everyone on the list has some sort of special ability except the goat might guy whos just an absolutely chad
"If we aren’t including hagoromo, lowk valid list. Also I really do enjoy your videos, keep up the great work man",if we arent including hagoromo lowk valid list also i really do enjoy your videos keep up the great work man
Yeah pretty accurate.,yeah pretty accurate
You forgot about Kaguya's kids?,you forgot about kaguyas kids
Ive always wondered how strong kaguya could have been if she trained her abilities,ive always wondered how strong kaguya could have been if she trained her abilities
It has obviously been implied in the show that Madara can't enter the kamui dimension with his rinnegan and there is no such link shown due to the fact he needed kakashis eye to get obito back from the kamui dimension.Kamui can only be accessed by Kamui users🙄,it has obviously been implied in the show that madara cant enter the kamui dimension with his rinnegan and there is no such link shown due to the fact he needed kakashis eye to get obito back from the kamui dimensionkamui can only be accessed by kamui users
"I get how dimensional travel counters full kamui absorption, but what about partial?",i get how dimensional travel counters full kamui absorption but what about partial
I'm guessing Minato being above Nagato (Not! Pain) we're assuming it's Minato with sage mode and KCM. Because if it's not than Nagato should be above Minato (Pre-death).,im guessing minato being above nagato not pain were assuming its minato with sage mode and kcm because if its not than nagato should be above minato predeath
Kakashi was not able to speed blitz kaguya. She was flying towards him thinking she'd kill him with the ash bones and keep going but the ash bones didn't work ending up with kakashi right in kaguyas face. That's not a speed feat.,kakashi was not able to speed blitz kaguya she was flying towards him thinking shed kill him with the ash bones and keep going but the ash bones didnt work ending up with kakashi right in kaguyas face thats not a speed feat
"Hey Nick, I think you have forgotten that power to travel between dimensions doesn't save you from kamui. If some vital organ of yours gets teleported into kamui dimension then you are done. Even kaguya had the ability to travel between dimensions like madara",hey nick i think you have forgotten that power to travel between dimensions doesnt save you from kamui if some vital organ of yours gets teleported into kamui dimension then you are done even kaguya had the ability to travel between dimensions like madara
I think Madara could have surpassed Kaguya but we'll never know. He certainly was heading in that direction.,i think madara could have surpassed kaguya but well never know he certainly was heading in that direction
"If i remember madara was actually about to go all out on naruto and sasuke, but was stabbed in the back by zetsu",if i remember madara was actually about to go all out on naruto and sasuke but was stabbed in the back by zetsu
Won't hagoromo and hamura come in this list?,wont hagoromo and hamura come in this list
"10""  is Tobyrama",10 is tobyrama
"Kakashi didn’t blitz kaguya, she wasn’t expecting him to phase through the ash bones (seen with the “!” Above kaguya’s head when this happened), she probably thought he was dead",kakashi didnt blitz kaguya she wasnt expecting him to phase through the ash bones seen with the above kaguyas head when this happened she probably thought he was dead
"I was going to say hagaromo right below Kaguya, but somebody beat me to the punch-",i was going to say hagaromo right below kaguya but somebody beat me to the punch
It’s official he is intentionally lying about kamui and how it works,its official he is intentionally lying about kamui and how it works
Thought dimensional travel with the 3rd Sharrigan was only exclusive to kaguya?,thought dimensional travel with the 3rd sharrigan was only exclusive to kaguya
"“Only the truly strong follow my anime
Podcast” 🤣",only the truly strong follow my anime podcast
Completely off topic but can’t Gon get his nen back If Alaka Hills them,completely off topic but cant gon get his nen back if alaka hills them
"The Obito downplay is crazy, who do you think would be stronger Kakashi with DMS or the original owner of those eyes and is an uchiha? I mean it’s common sense that Obito would be stronger than Kakashi with dms with or without feats",the obito downplay is crazy who do you think would be stronger kakashi with dms or the original owner of those eyes and is an uchiha i mean its common sense that obito would be stronger than kakashi with dms with or without feats
"Even if Madara can leave Kamui, if Kakashi or Obito only send like, his head and upper chest to the dimension. . . He’s dead or at least screwed. We know from Deidada that Kamui can and will rip someone apart, so it doesn’t matter if you can go get you could theoretically severed body part unless you are actually immortal. 

Kakashi’s eye is OP.",even if madara can leave kamui if kakashi or obito only send like his head and upper chest to the dimension hes dead or at least screwed we know from deidada that kamui can and will rip someone apart so it doesnt matter if you can go get you could theoretically severed body part unless you are actually immortal kakashis eye is op
This video is now long enough to be monetized. 😆,this video is now long enough to be monetized
"Hagaromo and his whole family need to get a mention, and hashirama is being seriously undervalued.",hagaromo and his whole family need to get a mention and hashirama is being seriously undervalued
One of the dumbest things I see is when people will say stuff like Kakashi with DMS is stronger than Obito with his DMS when they’re literally Obito’s eyes in the first place! Kakashi wouldn’t have any of that if not for Obito. Obito literally as a spirit teleported his eyes into Kakashi!,one of the dumbest things i see is when people will say stuff like kakashi with dms is stronger than obito with his dms when theyre literally obitos eyes in the first place kakashi wouldnt have any of that if not for obito obito literally as a spirit teleported his eyes into kakashi
Hagaromo and Hamura: am I a joke to you?,hagaromo and hamura am i a joke to you
Night Guy would like a word with your Madara placement...,night guy would like a word with your madara placement
Definitely Madara is NR2  We can debate if he is NR1 but we have confirmation that Kaguya has .ore chakra than him and she is the origin of chakra itself in Naruto verse. So ill give her NR1 but Definitely madara is NR2 there is no way Naruto or Sasuke can 1vs1 a Borderline immortal madara with limitless chakra who LITERALLY LAUGHED AT NARUTO saying he cant beat him alone with half of the 6paths power.  Ppl wank Naruto and Sasuke a lot but Considering The OMG BIG ATTACKS ain't doing shit to madara not can he only absorb Jutsus but MF has mastery of truth seeking orbs that is only seen being surpassed by obito since thats all obito ever did with 6paths power and MF madara with 1 Renigan was more than confident he could take on Jubito by himself  with 1 Renigan and Hashirama sage mode by himself.  So that really shows where Madara Scale and the 10 tail amp should be FAR FAR SUPERIOR then Naruto and Sasukes amp even with half of Haguramos power. At least on a 1vs1 they ain't winning vs him. specially since they have no way to kill him....they couldn't even seal him on a 2vs1 let alone kill him on a 1vs1.,definitely madara is nr2 we can debate if he is nr1 but we have confirmation that kaguya has ore chakra than him and she is the origin of chakra itself in naruto verse so ill give her nr1 but definitely madara is nr2 there is no way naruto or sasuke can 1vs1 a borderline immortal madara with limitless chakra who literally laughed at naruto saying he cant beat him alone with half of the 6paths power ppl wank naruto and sasuke a lot but considering the omg big attacks aint doing shit to madara not can he only absorb jutsus but mf has mastery of truth seeking orbs that is only seen being surpassed by obito since thats all obito ever did with 6paths power and mf madara with 1 renigan was more than confident he could take on jubito by himself with 1 renigan and hashirama sage mode by himself so that really shows where madara scale and the 10 tail amp should be far far superior then naruto and sasukes amp even with half of haguramos power at least on a 1vs1 they aint winning vs him specially since they have no way to kill himthey couldnt even seal him on a 2vs1 let alone kill him on a 1vs1
"perfect list, most people forget that in the last fight of the series naruto vs sasuke, naruto only had 50% of kurama while other 50% +8 other tiled beast had sasuke, so basicaly it was 50% kurama vs 50% kurama and naruto vs sasuke + 8 beasts
absolutely crazy 💀
sorry for bad grammar, hope its not too bad✌️",perfect list most people forget that in the last fight of the series naruto vs sasuke naruto only had 50 of kurama while other 50 8 other tiled beast had sasuke so basicaly it was 50 kurama vs 50 kurama and naruto vs sasuke 8 beasts absolutely crazy sorry for bad grammar hope its not too bad
"If Hinata had the Tenseigan, then She'd be in the top 5.",if hinata had the tenseigan then shed be in the top 5
"Kakashi's use of kamui doesnt teleport the whole person to the dimension tho, just large parts making it more of an anti-defense kinda attack not a ""teleport you elsewhere"" kinda attack",kakashis use of kamui doesnt teleport the whole person to the dimension tho just large parts making it more of an antidefense kinda attack not a teleport you elsewhere kinda attack
"1. Prime Hagoromo 
2. Unnerfed Madara with rinne-sharingan and
using all rinnegan abilities at full potential 
3. Kaguya with rinne-sharingan 
4. Sasuke with using all rinnegan abilities at full potential
5. Naruto with using TSBs at full potential
6. DMS Kakashi
7. Juubito with Kamui
8. Prime Hamura
9. 8th gate Gai
10. SM Hashirama
11. KCM2 Edo Minato
12. Edo Nagato
13. Prime Tobirama
14. Edo Itachi
15. Prime Hiruzen",1 prime hagoromo 2 unnerfed madara with rinnesharingan and using all rinnegan abilities at full potential 3 kaguya with rinnesharingan 4 sasuke with using all rinnegan abilities at full potential 5 naruto with using tsbs at full potential 6 dms kakashi 7 juubito with kamui 8 prime hamura 9 8th gate gai 10 sm hashirama 11 kcm2 edo minato 12 edo nagato 13 prime tobirama 14 edo itachi 15 prime hiruzen
Tbh I’m more interested in the Part 1 timeline before everybody turned into gods…,tbh im more interested in the part 1 timeline before everybody turned into gods
"1. Kaguya
2. Hagoromo
3. Madara
4. Naruto
5. Sasuke
6. Obito
7. Kakashi
8. Hashirama
9. Minato 

Guy does not scale to anyone over Hashirama, Guy cannot kill Hashirama and Minato certainly can kite him out of the duration of the 8 gates.",1 kaguya 2 hagoromo 3 madara 4 naruto 5 sasuke 6 obito 7 kakashi 8 hashirama 9 minato guy does not scale to anyone over hashirama guy cannot kill hashirama and minato certainly can kite him out of the duration of the 8 gates
Hagoromo doesn't technically exist i guess,hagoromo doesnt technically exist i guess
8 gates guy claps kakashi,8 gates guy claps kakashi
1 more person and their in the tournament of power,1 more person and their in the tournament of power
Btw six said that I think it was the databooks said that only kaguya has enough chakra to use the rinnesharingan for dimensional traveling so you have to keep that in mind if you are talking about dms kakashi vs madara,btw six said that i think it was the databooks said that only kaguya has enough chakra to use the rinnesharingan for dimensional traveling so you have to keep that in mind if you are talking about dms kakashi vs madara
You forgot about the ninja ostrich,you forgot about the ninja ostrich
"Can we just talk about how many different powers and combos contribute to the sheer strength of those characters?

And then Guy knows like 10 jutsus at most and is STILL on the list?",can we just talk about how many different powers and combos contribute to the sheer strength of those characters and then guy knows like 10 jutsus at most and is still on the list
I’ve never followed your podcast purely out of spite of you plugging it every video,ive never followed your podcast purely out of spite of you plugging it every video
"Also Madara doesn’t have the chakra needed to use Amenominaka, it was specifically stated the only person with enough chakra to use it in any capacity was kaguya",also madara doesnt have the chakra needed to use amenominaka it was specifically stated the only person with enough chakra to use it in any capacity was kaguya
It's kind of crazy for me to think. Did Obito ever take damage from random items flying through the kamui dimension? Like what if he dodged a fist right as Kakashi transported a kunai and got hit in the shoulder or something? How wild would it be for the person fighting Obito?,its kind of crazy for me to think did obito ever take damage from random items flying through the kamui dimension like what if he dodged a fist right as kakashi transported a kunai and got hit in the shoulder or something how wild would it be for the person fighting obito
Where’s Zetsu?,wheres zetsu
"I would replace someone with sakura, idk who but someone, probably hashirama or minato",i would replace someone with sakura idk who but someone probably hashirama or minato
"Haguromo, just watching this.",haguromo just watching this
I think bro forgot hagaromo and hamura 😂,i think bro forgot hagaromo and hamura
"Random thought, what would happen if the 10 tails at full power just appeared on an island in the new world (One Piece Obv)? Don't really expect an answer but I wanted to ask somewhere.",random thought what would happen if the 10 tails at full power just appeared on an island in the new world one piece obv dont really expect an answer but i wanted to ask somewhere
30:52 because for the plot he was nerfed so hard like he could easily kill obito in 4th great ninja war multiple times like even black zetsu was able to put a hole in jubidara and minato should have easily able to kill obito and making minato look like idiot in 4th great ninja war like what the hell ? Wasn't he is the one of the genius shinobi to ever exists,3052 because for the plot he was nerfed so hard like he could easily kill obito in 4th great ninja war multiple times like even black zetsu was able to put a hole in jubidara and minato should have easily able to kill obito and making minato look like idiot in 4th great ninja war like what the hell wasnt he is the one of the genius shinobi to ever exists
Thank youuu respect on Kaguya.  They literally had to jump her just to seal her.  They are not stronger than her 😂,thank youuu respect on kaguya they literally had to jump her just to seal her they are not stronger than her
Monetization,monetization
Where is Hagaromo?,where is hagaromo
sleeeeeping on might guy,sleeeeeping on might guy
If a person obtains a non awakened sharingan can they awaken it themselves?,if a person obtains a non awakened sharingan can they awaken it themselves
bro caped so hard,bro caped so hard
they got to touch Kaguya simultaneously.. 😔,they got to touch kaguya simultaneously
I think Kibas dog should’ve been number 1,i think kibas dog shouldve been number 1
"Where's Hagaromo?
He's no.1.",wheres hagaromo hes no1
"At this point, I’m really very tired of refuting the point that Naruto loses Jubi Madara. For once, please just hear me out on this. Naruto had been fighting for almost 3 days nonstop at the same tier as when he fought Madara. Madara had been fighting for what, 20 minutes. Let Madara wear himself out for pushing 3 days and let’s revisit this fight",at this point im really very tired of refuting the point that naruto loses jubi madara for once please just hear me out on this naruto had been fighting for almost 3 days nonstop at the same tier as when he fought madara madara had been fighting for what 20 minutes let madara wear himself out for pushing 3 days and lets revisit this fight
The disrespect on Kiba,the disrespect on kiba
"Kaguya couldn't be killed and had to be sealed by Hagoromo and hamura working together

Meanwhile, Sasuke and Naruto had help from Sakura and Kakashi with both of Obito's mangekyo sharingan

Kaguya only ever lost because she got outnumbered, outsmarted and had the ten tails removed both times",kaguya couldnt be killed and had to be sealed by hagoromo and hamura working together meanwhile sasuke and naruto had help from sakura and kakashi with both of obitos mangekyo sharingan kaguya only ever lost because she got outnumbered outsmarted and had the ten tails removed both times
Day 44 of asking Nick to do a you know nothing about zabuza,day 44 of asking nick to do a you know nothing about zabuza
i agree but dms obito managed to sync kamui with one of kaguya’s portal,i agree but dms obito managed to sync kamui with one of kaguyas portal
"DMS Obito also has dimension hopping abilities tho (with aid of Sakura, sure but could you imagine a prime DMS Obito???)",dms obito also has dimension hopping abilities tho with aid of sakura sure but could you imagine a prime dms obito
"I basically agree. The only caveat I have is since it’s meaning adult Naruto and Sasuke from chapter 700. That means the last has happened and Toneri is stronger than Kaguya from statements and promotional material. And can possibly be after Momoshiki and he’s stronger than Toneri. So Naruto and Sasuke over Kaguya.. BUT.. 
if you’re just meaning within the 700 chapters of Naruto at the time of release which didn’t have The Last or the Boruto movie then yeah Adult Naruto and Sasuke are featless at that point in time.",i basically agree the only caveat i have is since its meaning adult naruto and sasuke from chapter 700 that means the last has happened and toneri is stronger than kaguya from statements and promotional material and can possibly be after momoshiki and hes stronger than toneri so naruto and sasuke over kaguya but if youre just meaning within the 700 chapters of naruto at the time of release which didnt have the last or the boruto movie then yeah adult naruto and sasuke are featless at that point in time
Uchiha vs the root/ ambu?,uchiha vs the root ambu
"Kaguya has dimensional abilities as well, arguably the strongest one since its from her rimnesharingan.

If dms kakashi kamui shuriken with perfect susano works on kaguya itll work on madara",kaguya has dimensional abilities as well arguably the strongest one since its from her rimnesharingan if dms kakashi kamui shuriken with perfect susano works on kaguya itll work on madara
"Regarding Dimensional Travel negating Kamui’s usefulness… that’s only half true.

Because even if you can travel to other dimensions… if Kamui Kamui’s your head away from your body, you have a problem.",regarding dimensional travel negating kamuis usefulness thats only half true because even if you can travel to other dimensions if kamui kamuis your head away from your body you have a problem
DMS Obito cant be touched because no one else has the counter-kamui but i understand why he is lower bcuz it was short-lived,dms obito cant be touched because no one else has the counterkamui but i understand why he is lower bcuz it was shortlived
You could argue Obito was using Kakashi as a vessel for the DMS which makes him at least equal if not stronger,you could argue obito was using kakashi as a vessel for the dms which makes him at least equal if not stronger
"Ik what guy did against Madara but I can’t put him above Hashirama and Minato, I feel like Minato could teleport away and Hashirama maybe maybe could get killed by Guy if he takes the brunt of the 8 gates attacks but I imagine he has more tricks up his sleeve than we’ve seen since he beat Madara a couple times",ik what guy did against madara but i cant put him above hashirama and minato i feel like minato could teleport away and hashirama maybe maybe could get killed by guy if he takes the brunt of the 8 gates attacks but i imagine he has more tricks up his sleeve than weve seen since he beat madara a couple times
The mighty guy?,the mighty guy
"Black zetsu literally orchestrated the whole show, he is kishimoto",black zetsu literally orchestrated the whole show he is kishimoto
"Hagoromo probably have the most insane feats of the whole Naruto boruto verse . Even freaking dead , he still had some connection and a near-omniscient to the mortal world. Had some control over life and death as he was able to manifest into the mortal world and even summon deal souls and then sent them back. This is impressive as shibai and they downplaying him due to lack of statements",hagoromo probably have the most insane feats of the whole naruto boruto verse even freaking dead he still had some connection and a nearomniscient to the mortal world had some control over life and death as he was able to manifest into the mortal world and even summon deal souls and then sent them back this is impressive as shibai and they downplaying him due to lack of statements
"Obito DMS has no feats of his own, but he has abilities that have shown feats such as DMS Kamui Susanoo, as well as Hashirama Cells, which gives him regen and access to wood release. I honestly think if DMS Obito was allowed to fight at full power, he is stronger than Kakashi",obito dms has no feats of his own but he has abilities that have shown feats such as dms kamui susanoo as well as hashirama cells which gives him regen and access to wood release i honestly think if dms obito was allowed to fight at full power he is stronger than kakashi
How do you feel after the Minato one shot? Does Minato move up any?,how do you feel after the minato one shot does minato move up any
"I would say as follows: Kaguya, Madara, Hashirama, Naruto, Sasuke, Minato, Guy, Kakishi and Obito. But if Obito had both eyes then it would flip thr scrip for alot of ppl on this list.",i would say as follows kaguya madara hashirama naruto sasuke minato guy kakishi and obito but if obito had both eyes then it would flip thr scrip for alot of ppl on this list
Crazy how guy is up there when he has no ninjutsu or genjutsu he is just pure will and determination he was the mvp,crazy how guy is up there when he has no ninjutsu or genjutsu he is just pure will and determination he was the mvp
We just forgetting about Hagoromo and indra and ashura,we just forgetting about hagoromo and indra and ashura
What about toneri,what about toneri
Leroy Jenkins!!!,leroy jenkins
"This is my Top 10 list...
Tell me Yours...",this is my top 10 list tell me yours
DMS kakashi laughing in Corner 😂,dms kakashi laughing in corner
"Top ten strongest ❎
Top ten his favourite 😂😂",top ten strongest top ten his favourite
MIGHT guy loughing on corner 😂,might guy loughing on corner
That kaguya picture though-,that kaguya picture though
Justice for might guy 🐲,justice for might guy
Ramen guy laughing in corner,ramen guy laughing in corner
True legend Hits Hard❤️‍🔥💀,true legend hits hard
Show us solo levelling next pls,show us solo levelling next pls
Dms kakashi 💀💀,dms kakashi
I love the videos,i love the videos
Never let bro cook again 🙌😭,never let bro cook again
"''I MADARA DECLARE , YOU ARE THE STRONGEST OF THEM ALL'' you forget to include him",i madara declare you are the strongest of them all you forget to include him
Incorrect rankings but good vid,incorrect rankings but good vid
Dms Kakashi be like: bro does he hate me or is he dumb,dms kakashi be like bro does he hate me or is he dumb
Never let bro cook again and what was Kaguyas picture 😳,never let bro cook again and what was kaguyas picture
You for got shibai okutsuki,you for got shibai okutsuki
The fact that dms kakashi ain't even on this list is just diabolical 🙁,the fact that dms kakashi aint even on this list is just diabolical
Kakashi and might guy laughing at corner,kakashi and might guy laughing at corner
dms kakashi left the chat,dms kakashi left the chat
Bro forgot the otsutsuki god💀💀,bro forgot the otsutsuki god
Rating 10/10💯,rating 1010
"Where's indra, ashura, might guy?",wheres indra ashura might guy
Could you send me that kaguya picture 😏,could you send me that kaguya picture
Bro forgot dms kakashii,bro forgot dms kakashii
tobirama not being here is dirty asf,tobirama not being here is dirty asf
Crazy how Hashirama beat Madara in most of their fights and he's still under him,crazy how hashirama beat madara in most of their fights and hes still under him
Madara standing in the corner:,madara standing in the corner
Putting madara at n⁰5 is a crime,putting madara at n5 is a crime
You are right but 1st is hogoromo kakashi was siting in the chair,you are right but 1st is hogoromo kakashi was siting in the chair
"Tobirama, Kakashi DMS and Might Guy left the chat",tobirama kakashi dms and might guy left the chat
"Excuse me?
Wha abt Shibai Otsutsuki",excuse me wha abt shibai otsutsuki
Noodle guy can cook that whole universe.,noodle guy can cook that whole universe
Shibai laughing at the corner 🤣,shibai laughing at the corner
itachi is never peaked but you give him the 10 stop is cool,itachi is never peaked but you give him the 10 stop is cool
"Itachi was a genius with genjutsu and
Nail polish 😂",itachi was a genius with genjutsu and nail polish
Bro where is our uchiha killer tobirama,bro where is our uchiha killer tobirama
Where is Kakashi,where is kakashi
It's so sad because baryon mode is so powerful but its only 1 time use but creators could have made it like if you use baryon mode you can use 9 tails for 1 month or year,its so sad because baryon mode is so powerful but its only 1 time use but creators could have made it like if you use baryon mode you can use 9 tails for 1 month or year
Kakashi needs to be there,kakashi needs to be there
Kakashi is laughing 😂😂😂😂😂,kakashi is laughing
No hate for Itachi my favourite one ❤ but Where is Jiraya sense 🥺❤ he 's powerful than Itachi and other sanin too,no hate for itachi my favourite one but where is jiraya sense he s powerful than itachi and other sanin too
Isshiki and momoshikki otsutsuki laughing at corner,isshiki and momoshikki otsutsuki laughing at corner
You miss something……. Shibai otsusuki,you miss something shibai otsusuki
You can make vidio after watching reel😅,you can make vidio after watching reel
Mmm...where's Kakashi 😮,mmmwheres kakashi
"GUYS DO NOT GET MAD AT HIM, HE SAID THIS IS *HIS* TOP 10",guys do not get mad at him he said this is his top 10
But where is might guy and kakashi,but where is might guy and kakashi
Kakashi? Might Guy?,kakashi might guy
Shibai laughing on corner ☠️💀☠️💀☠️,shibai laughing on corner
"Bro forgot might guy , who singlehandedly can defeat itachi",bro forgot might guy who singlehandedly can defeat itachi
You forgot about shibai,you forgot about shibai
What about Kakashi,what about kakashi
How  is obito stroger than his teacher and what about kakashi,how is obito stroger than his teacher and what about kakashi
True same mine,true same mine
the show creater didnt even know to kill madara because he was so op and naruto showed be number one because able to he was able to seal kagya,the show creater didnt even know to kill madara because he was so op and naruto showed be number one because able to he was able to seal kagya
DMS Kakashi and Might Guy Crying,dms kakashi and might guy crying
might guy with 8gates😮‍💨📈,might guy with 8gates
"I completely agree, but if boruto exclude, shouldnt talk about baryon mode",i completely agree but if boruto exclude shouldnt talk about baryon mode
What about kakashi,what about kakashi
😢 Itachi My Favouri,itachi my favouri
Yall missing out on fp Isshiki,yall missing out on fp isshiki
Where is Guy,where is guy
Bro missed pronounced Madara,bro missed pronounced madara
Where is might guy😊,where is might guy
Might guy laughing in the corner 😂 MIGHT GUY a man that nearly beat Madara uchiha in the 4th great Shinobi war,might guy laughing in the corner might guy a man that nearly beat madara uchiha in the 4th great shinobi war
I was going to yell when i saw hashirama at 7..but thrn i realized its all canon,i was going to yell when i saw hashirama at 7but thrn i realized its all canon
The creator of the manga said Madara was stronger than Naruto and sasuke combined,the creator of the manga said madara was stronger than naruto and sasuke combined
Might guy may in the list atleast top 5,might guy may in the list atleast top 5
Where is might guy and rockly😢,where is might guy and rockly
Isshiki and dms kakashi ??,isshiki and dms kakashi
I'm only interested in kaguya with this list view,im only interested in kaguya with this list view
"Maito gui, trio sannin , indra and asura ,",maito gui trio sannin indra and asura
Dms kakashi 😢,dms kakashi
Byron mode Naruto is stronger than kaguya and so6p,byron mode naruto is stronger than kaguya and so6p
Nagato is underrated. If it wasn’t for 1 Amaterasu move he would have beat Naruto Itachi and Bea all at the same time,nagato is underrated if it wasnt for 1 amaterasu move he would have beat naruto itachi and bea all at the same time
but bro Kakashi?😅,but bro kakashi
Might guy button>>>>>>>>>,might guy button
The pic he use..,the pic he use
My opinion I think Naruto is the strongest because of his personality to never give up,my opinion i think naruto is the strongest because of his personality to never give up
Hashirama should be #1 no matter what. Tons of shinobi use his cells only hashirama and madara were equal in terms of power with hashirama still exceeding madara greatly as shown in their battles and also when Orochimaru reanimated the kages and said the first is the only one who I can’t control completely and could break free at any moment.,hashirama should be 1 no matter what tons of shinobi use his cells only hashirama and madara were equal in terms of power with hashirama still exceeding madara greatly as shown in their battles and also when orochimaru reanimated the kages and said the first is the only one who i cant control completely and could break free at any moment
Naruto in baryon mode abaolutely walks kaguya..,naruto in baryon mode abaolutely walks kaguya
What about Night guy??? 😂,what about night guy
Madura and Guy sensei😂,madura and guy sensei
He also has one arm,he also has one arm
Tumne toh murdo ko first pe rakha hai😅,tumne toh murdo ko first pe rakha hai
What about shibai,what about shibai
"1.Kaguya
2.Hagoromo
3.Naruto
4.Sasuke
5.Madara
6.Hamura
7.Obito
9.Hashirama
10.Ashura",1kaguya 2hagoromo 3naruto 4sasuke 5madara 6hamura 7obito 9hashirama 10ashura
Where legendary sanin jiraya 😢,where legendary sanin jiraya
Where is jiraya sensei,where is jiraya sensei
"What about 
Ashura outsutsuki 
Might guy
isshiki
Father of Kakashi (white fang of konoha)
Tobirama senju",what about ashura outsutsuki might guy isshiki father of kakashi white fang of konoha tobirama senju
Might guy and dms kakashi  ✅✍️,might guy and dms kakashi
"Madara
Kakashi
Obito",madara kakashi obito
Where are guy and kakashi😂,where are guy and kakashi
Where iş jiraiya,where i jiraiya
Hashirama not in top 3 is crazy😢😮,hashirama not in top 3 is crazy
Bro is in Itachi's Genjutsu,bro is in itachis genjutsu
Bro watched Naruto on insta reel😅😅,bro watched naruto on insta reel
Kaguya must be laughing in the corner😂,kaguya must be laughing in the corner
Bro is the real reel watcher😂,bro is the real reel watcher
Madara be like : Naruto come here 👋👊💪,madara be like naruto come here
Nagato: “am I a joke to you?”,nagato am i a joke to you
Chill guys...admin is reel watcher 😂😂,chill guysadmin is reel watcher
Bro got trapped in a genjutsu,bro got trapped in a genjutsu
MADARA IS FOURTH  PLACE . BRO  DREAMING 😅😅😅,madara is fourth place bro dreaming
I think this guy watched naruto from cctv camera😹😹😹😹😅,i think this guy watched naruto from cctv camera
Might guy and Hashirama laughing at corner,might guy and hashirama laughing at corner
Le kaguya:ARE YOU SURE?! 😈,le kaguyaare you sure
Hasirama senju on corner of the chat 😅,hasirama senju on corner of the chat
"Itachi is goated I'm happy to see him on the list.
However how is Kakashi stronger than Minato and Jiraya ??",itachi is goated im happy to see him on the list however how is kakashi stronger than minato and jiraya
"Sasuke looking like this
👺",sasuke looking like this
"Haguromo,kaguya,hamura and hasiramaa laugh in a corner😂😂",haguromokaguyahamura and hasiramaa laugh in a corner
"Most powerfull❌️
Favorite characters✅️",most powerfull favorite characters
"It's all opinions, personally I'd have Minato over Kakashi. And Hashirama not being on the list is a crime.",its all opinions personally id have minato over kakashi and hashirama not being on the list is a crime
Bro you are a reel watcher for sure!,bro you are a reel watcher for sure
Never let bro cook again 😂😂,never let bro cook again
I think the title of the video is wrong 😅😅,i think the title of the video is wrong
This powerful series is absolutely good 😊,this powerful series is absolutely good
Legends are must be picnic outside🤣🤣,legends are must be picnic outside
Le outsuki gang : Naruto wanna fight👊🏻💪🏻👋🏻,le outsuki gang naruto wanna fight
"1 naruto
2 madara",1 naruto 2 madara
Guy crying outside directly mention madara you are strong 🐉,guy crying outside directly mention madara you are strong
Bro based this ranking of insta reels,bro based this ranking of insta reels
Kaguya and hashirama laughing at corner 😂😂,kaguya and hashirama laughing at corner
love naruto❤,love naruto
*_Minato be like: that is my son but popularity better than me_*,minato be like that is my son but popularity better than me
Bro where is the White Fang,bro where is the white fang
"Orochimaru is underrated, he was a powerful villain, had followers, suprised many, leader of the sound village, infiltrated the leaf, had powerful jutsu, killed his mentor, trained one of the strongest people in naruto universe, had pretty good IQ, and one of the legendary three sannin.",orochimaru is underrated he was a powerful villain had followers suprised many leader of the sound village infiltrated the leaf had powerful jutsu killed his mentor trained one of the strongest people in naruto universe had pretty good iq and one of the legendary three sannin
"1st naruto
2nd Madara and hasirama
3rd all",1st naruto 2nd madara and hasirama 3rd all
"""Hey i heard your strong..""",hey i heard your strong
"Correct is 
1kaguya 
2.naruto.
3.sasuke
4.Harashima
5.madmra
6.itachi",correct is 1kaguya 2naruto 3sasuke 4harashima 5madmra 6itachi
Not having Might Guy on here is diabolical work. Even Madara acknowledged him as one of his strongest opponents,not having might guy on here is diabolical work even madara acknowledged him as one of his strongest opponents
Itachi is a most powerful❤❤❤,itachi is a most powerful
"Where are: hashirama , kaguya,sakumo , Nagato",where are hashirama kaguyasakumo nagato
Kakashi Best 👌👌👌👌🔥🔥🔥🔥🔥🔥🔥🔥🔥🔥🔥🔥🔥🔥🔥🔥🔥🔥🔥🔥,kakashi best
Unless this is og Naruto series only characters I refuse to believe this list😂,unless this is og naruto series only characters i refuse to believe this list
"1 itachi
2 madara
3 Obito
4 pain",1 itachi 2 madara 3 obito 4 pain
"As itachi fan, madara not being 1st or at least 2nd is crazy",as itachi fan madara not being 1st or at least 2nd is crazy
"Hiruzen10
Tobirama9
Kakashi8
Minato7 
Obito 6
Hashirama5
Madara4
Kaguya3
Sasuke 2
Naruto1",hiruzen10 tobirama9 kakashi8 minato7 obito 6 hashirama5 madara4 kaguya3 sasuke 2 naruto1
Cabletoe is slept on. That reanimation jutsu is ridiculous. In top of that we was able to fight toe to toe against Sausme and Itachi and they had to team up to beat him,cabletoe is slept on that reanimation jutsu is ridiculous in top of that we was able to fight toe to toe against sausme and itachi and they had to team up to beat him
Where is sasuke 😂,where is sasuke
Bro this video is super ❤❤,bro this video is super
"1. Kaguya Ootsutsuki
2. Rikodou Sennin (Hagoromo Ootsutsuki)
3. Madara Uchiha
4. Obito Uchiha
5. Naruto Uzumaki/Sasuke Uchiha
6. Indra Ootsutsuki/Ashura Ootsutsuki
7. Maito Gai (with 8 chakra gates)
8. Hashirama Senju
9. Minato Namikaze
10. Kakashi Hatake (with 2 mangekyou sharingan)",1 kaguya ootsutsuki 2 rikodou sennin hagoromo ootsutsuki 3 madara uchiha 4 obito uchiha 5 naruto uzumakisasuke uchiha 6 indra ootsutsukiashura ootsutsuki 7 maito gai with 8 chakra gates 8 hashirama senju 9 minato namikaze 10 kakashi hatake with 2 mangekyou sharingan
What about the otsutsuki members?,what about the otsutsuki members
"The Strongest Uchiha
1. Madara
2. Itachi
3. Obito
4. sasuke
5. Shisui
6. Sarada",the strongest uchiha 1 madara 2 itachi 3 obito 4 sasuke 5 shisui 6 sarada
Madara:wake up from reality and this not the power of your creaction,madarawake up from reality and this not the power of your creaction
Where is Pain,where is pain
Black zetsu: bro is an insane watches naruto in his dream,black zetsu bro is an insane watches naruto in his dream
Good edit bro gg naruto is the best anime❤❤,good edit bro gg naruto is the best anime
Relax guys Bro can't find difference between reel and real,relax guys bro cant find difference between reel and real
Good of genjutsu,good of genjutsu
How do all these lists skip over Hanzo the Salamander?,how do all these lists skip over hanzo the salamander
"Where are these legends 😅
Hashirama
Tobirama
White fang
kaguya 
hagoromo
 indra 
ashura 
And many more , who agree 😊",where are these legends hashirama tobirama white fang kaguya hagoromo indra ashura and many more who agree
Otsusukī Hagoromo *Sitting in the corner.... 😅😅,otsusuk hagoromo sitting in the corner
Bro just woke up from tskouyuomi,bro just woke up from tskouyuomi
Only legends know kaguya otsusuki is the most powerful charector in Naruto,only legends know kaguya otsusuki is the most powerful charector in naruto
Please tell me what is going on with the obito picture,please tell me what is going on with the obito picture
Mever make a list again 😂,mever make a list again
Jiraya is 3 position ❤❤❤😢,jiraya is 3 position
"kagura eating chakra fruit,while watching the 3rd great ninja war..😅😅😅",kagura eating chakra fruitwhile watching the 3rd great ninja war
Bro where is Kagaya 😂😂,bro where is kagaya
Bro got trapped in itachi genjutsu,bro got trapped in itachi genjutsu
Hagoromo seeing from a side how my son progressing well😂,hagoromo seeing from a side how my son progressing well
What about kaguya otsutsuki,what about kaguya otsutsuki
I am itachi fan,i am itachi fan
this is if every one was how they should have been,this is if every one was how they should have been
Bro Hagoromo you miss it😅😅,bro hagoromo you miss it
Naruto ??? Where is otsutsuki???,naruto where is otsutsuki
Bhai gaara ki spelling galat hai,bhai gaara ki spelling galat hai
Perfect example of reels watcher 😂😂,perfect example of reels watcher
Where is hashirama ? 😢😢,where is hashirama
Never let bro cook again😭,never let bro cook again
Bro where are otsutsuki🎉,bro where are otsutsuki
Might Guy needs to be listed.,might guy needs to be listed
Harshirama and kaguya be like: And now we r jokers.,harshirama and kaguya be like and now we r jokers
Bro is in itachi genjutsu,bro is in itachi genjutsu
Bro in parallel universe 😂,bro in parallel universe
Bhai tm might guy ko bhul gye,bhai tm might guy ko bhul gye
Hogoromo:Am I a joke to you?,hogoromoam i a joke to you
Never let this guy to rank,never let this guy to rank
Bro where is kaguya otsusuki,bro where is kaguya otsusuki
"Itachi should be like 15~20.Also,you forgot to put Kaguya",itachi should be like 1520alsoyou forgot to put kaguya
hashirama be like i am in another universe brooo,hashirama be like i am in another universe brooo
Who the heck made this?,who the heck made this
"I think I am long way to goo ,I am still on naruto 😅😅😅 starting season",i think i am long way to goo i am still on naruto starting season
Bro forgot the otutsuki clan,bro forgot the otutsuki clan
Kaguya on the corner of the YouTube shorts,kaguya on the corner of the youtube shorts
Side effect of watching anime from yf shorts😂,side effect of watching anime from yf shorts
Bro really watched naruto from reels,bro really watched naruto from reels
Kakashi hatake,kakashi hatake
“I’m sure he’s killed some Uchiha just with his looks.” LOL.,im sure hes killed some uchiha just with his looks lol
"Who saw Kakashi real face 
👇",who saw kakashi real face
"Kakashi and Sasuke❤❤❤❤
Minato❤❤❤❤❤❤❤❤❤❤",kakashi and sasuke minato
"“No explanation, itachi is itachi.”🗿
Edit: it’s been over a year since I posted this comment, why are ppl still responding kakashi 😭",no explanation itachi is itachi edit its been over a year since i posted this comment why are ppl still responding kakashi
"“Kakashi hatake “
                             _ The most handsome guy_",kakashi hatake the most handsome guy
"TeamKakashi hatake
👇",teamkakashi hatake
Kakashi sensei❤ He shamelessly read Jerraya Sensei's book😂 Naruto calls Jerry sensei a shameless sensei😂,kakashi sensei he shamelessly read jerraya senseis book naruto calls jerry sensei a shameless sensei
Kakashi is my all time fav 🤩😍,kakashi is my all time fav
Kakashi Hatake 😊😊😊❤,kakashi hatake
"""Number 6 Tobirama. I'm sure he kills some uchihas just with his look"" I'm dead 😂",number 6 tobirama im sure he kills some uchihas just with his look im dead
"Kakashi""the handsome man""",kakashithe handsome man
That hair tells everything.. Kakashi Hatake❤💥,that hair tells everything kakashi hatake
"ITS KAKASHIII!!! And lol the, “No explanation, itachi is itachi” got me😅😂❤",its kakashiii and lol the no explanation itachi is itachi got me
Kakashi Hatake ❤❤My favourite Handsome Naruto Caracter❤❤❤❤❤❤❤,kakashi hatake my favourite handsome naruto caracter
"Here to remind you of Darui, Juugo, Kiba and Asuma",here to remind you of darui juugo kiba and asuma
Kakashi fans like here❤❤❤❤,kakashi fans like here
kakashi hatake is very very very handsome,kakashi hatake is very very very handsome
"“Those curly hairs suits him a lot.” 
Wtf is bro talking about 💀",those curly hairs suits him a lot wtf is bro talking about
Kakashi hatake ❤❤❤❤,kakashi hatake
The one who always has the book called icha icha paradies😂😂😂(kakashi),the one who always has the book called icha icha paradieskakashi
"""No explenation,Itachi is Itachi.""😅",no explenationitachi is itachi
Kakashi's looks is bordering to a genjutsu in itself.,kakashis looks is bordering to a genjutsu in itself
“His eyes makes him super handsome”😂😂😂 his whole clan has the same eyes,his eyes makes him super handsome his whole clan has the same eyes
Kakashi has the whole village drooling at just a glimpse of his face,kakashi has the whole village drooling at just a glimpse of his face
"I love how itachi needs no explanation, itachi is itachi",i love how itachi needs no explanation itachi is itachi
Kakashi is a 1no. Handsome 😍,kakashi is a 1no handsome
"Kakashi.          Itachi.             Minato
  Like.           Comment.         Comment
                       This❤.               💛",kakashi itachi minato like comment comment this
The fact that Shisui is not in this list is a crime,the fact that shisui is not in this list is a crime
"Shikamaru is so underrated.. With that hair style, cool attitude and his intellectual skills makes him so handsome. On top of it, he is pure hearted that he didn't care a damn about Naruto being Jinjuriki while everyone in the village gave a cold look on him. He is the type of guy who would look handsome in real life too",shikamaru is so underrated with that hair style cool attitude and his intellectual skills makes him so handsome on top of it he is pure hearted that he didnt care a damn about naruto being jinjuriki while everyone in the village gave a cold look on him he is the type of guy who would look handsome in real life too
Jiraya in his younger days 🤩,jiraya in his younger days
Team Kakashi 😳🥴💕,team kakashi
It's ofc Kakashi kun 😫😖😣🤧🤭🤍,its ofc kakashi kun
"Hashirama nr 1, but obito was also handsome especially in the end with the white hair tho",hashirama nr 1 but obito was also handsome especially in the end with the white hair tho
Gaara is way too handsome for being on no. 10,gaara is way too handsome for being on no 10
Kakashi is so handsome that when he pulled off his mask to eat his ramen the waiters were freaking blushing and heart eyed.,kakashi is so handsome that when he pulled off his mask to eat his ramen the waiters were freaking blushing and heart eyed
Kakashi hatake🔥🔥🔥🔥🔥,kakashi hatake
"no. 4. Itachi. ""no explanation, Itachi is Itachi"" got me rolling on the floor 😂 -I pridefully simp for Itachi and Neji.-",no 4 itachi no explanation itachi is itachi got me rolling on the floor i pridefully simp for itachi and neji
Kakashi Hatake,kakashi hatake
Kakashi Is unbeatable 🎉🎉fr fr,kakashi is unbeatable fr fr
"Remember guys,this is a grown man😭🙏🏾.",remember guysthis is a grown man
"Kakashi is my first love, at that timeI was 7 y.o and I still love him 😂😂😂😂",kakashi is my first love at that timei was 7 yo and i still love him
Sasuke kun 😍😍 is number 1💕,sasuke kun is number 1
1. Haku (if we agreed he's male),1 haku if we agreed hes male
Kakashi Hatake💚💚,kakashi hatake
Kakashi but when 'itachi' is mentioned I got brushed 😳,kakashi but when itachi is mentioned i got brushed
Kakashi Hatake most  handsome,kakashi hatake most handsome
"World Wide Handsome, Kakashi! 🤣🤣🤣
Any army here?💜💜💜",world wide handsome kakashi any army here
"Nahhh all the uchiha should be on that list, especially madara he was looking GOOD",nahhh all the uchiha should be on that list especially madara he was looking good
Number 1 of course Kakashi Hatake 😏 he's damn handsome ❤❤❤❤,number 1 of course kakashi hatake hes damn handsome
"Madara in the BACK : FOOLS, WAKE UP TO REALITY",madara in the back fools wake up to reality
Kakashi hatake is unstoppable,kakashi hatake is unstoppable
"Team Hidan and Itachi❤

👇",team hidan and itachi
The Deadpool is iconic now😂,the deadpool is iconic now
"Madara, Sai, Hashirama? Also in Boruto.. Konohamaru and Udon the biggest glow up.",madara sai hashirama also in boruto konohamaru and udon the biggest glow up
"*kakashi hatake*








he is super cool and handsome bruh i love him and












shikamaru too ❤",kakashi hatake he is super cool and handsome bruh i love him and shikamaru too
Of course Kakashi hatake❤❤❤❤❤❤❤ Naruto funs put a 👍,of course kakashi hatake naruto funs put a
Kakashi is so beautifaul,kakashi is so beautifaul
Naruto in that moon & hinata movie looked so handsome,naruto in that moon hinata movie looked so handsome
Oh man it's Kakashi hatake the most handsome mask boy as it's stuck with his style 😍😂😍,oh man its kakashi hatake the most handsome mask boy as its stuck with his style
"Hatake Kakashi team
👇",hatake kakashi team
Kakashi hatake 🎉,kakashi hatake
Kakashi lite uchiha,kakashi lite uchiha
"“You uchihas are very handsome. However, you I want to avoid.” -Mizukage to Madara 😏",you uchihas are very handsome however you i want to avoid mizukage to madara
"I like naruto ,kakashi❤❤ but my respect is more for itachi❤❤❤❤",i like naruto kakashi but my respect is more for itachi
"Kakashi 
Always reading 📚 books 😂",kakashi always reading books
Hatake Kakashi,hatake kakashi
Its a crime that theres not genma😭😭 hes so handsome honestly,its a crime that theres not genma hes so handsome honestly
kakashi hatake still handsome ❤❤❤,kakashi hatake still handsome
Kakashi hatake Kakashi ❤❤❤❤❤❤❤❤❤❤❤❤❤❤❤❤❤❤❤❤❤❤❤❤❤ Kakashi is number one,kakashi hatake kakashi kakashi is number one
We got Deadpool  in Naruto before gta 6😂,we got deadpool in naruto before gta 6
"Kabuto over shisui, obito and izuna is a crime",kabuto over shisui obito and izuna is a crime
"Hidan, Deidara, Yahiko (Pain), Sasori, Itachi ❤",hidan deidara yahiko pain sasori itachi
Mr.worldwide kakashi😍💜,mrworldwide kakashi
"""No explanation, itachi is itachi"" these words made me laugh inside my mind😂😂😂😂Itachi is so good-looking and he is so charismatic",no explanation itachi is itachi these words made me laugh inside my minditachi is so goodlooking and he is so charismatic
"“No explanation, Itachi is itachi”😮‍💨",no explanation itachi is itachi
Sasuke Uchiha and Itachi Uchiha ❤❤❤💓💓🖤✨✨,sasuke uchiha and itachi uchiha
Hatake kakashi🔥🔥🥵🥵😎😎,hatake kakashi
Kakashi hatake ❤❤❤❤❤❤❤❤🎉🎉🎉🎉🎉🎉🎉😂🎉😊😊😊😊,kakashi hatake
Naruto without the headband 😍,naruto without the headband
Is there stats to back this up or did you let your zesty side take over?,is there stats to back this up or did you let your zesty side take over
Shikamaru is the one guy that seems like he’ll look good in any outfit without even trying 😅,shikamaru is the one guy that seems like hell look good in any outfit without even trying
Gaara: curly hair,gaara curly hair
Hahahah the first one was Kakashi,hahahah the first one was kakashi
Kakashi is always #1 in my eyes.😊,kakashi is always 1 in my eyes
"Team kakshi
👇🏻",team kakshi
bro getting a lil too zesty,bro getting a lil too zesty
"Hashirama should be top 5 
Iruka should’ve made the list
Jiraiya too",hashirama should be top 5 iruka shouldve made the list jiraiya too
1:Minato 🔥 2:sasuke 3: kakashi 4:negi 5: madara and itachi but childness cute 🥰 my boy obito 💔💘,1minato 2sasuke 3 kakashi 4negi 5 madara and itachi but childness cute my boy obito
Bro sasuke Sakura ki song edit chey,bro sasuke sakura ki song edit chey
I love how serious sasuke looks😊😊😊,i love how serious sasuke looks
"Best is Kakashi! ❤
He's over 50 and still looks better than everyone else.",best is kakashi hes over 50 and still looks better than everyone else
Kakashi my all time favorite ❤❤❤❤❤❤,kakashi my all time favorite
"Which Naruto moment is your favorite? Share in the comments. 
For more content like this, click here: https://youtube.com/playlist?list=PLmZTDWJGfRq0t3QNZXpZTA8RYUIY978iM&si=1wUE98c3WL507pw-",which naruto moment is your favorite share in the comments for more content like this click here
Not even an Honorable Mention for Minato arriving on the battlefield during the 4th Great Ninja War? That was one of the most badass entrances in anime history!,not even an honorable mention for minato arriving on the battlefield during the 4th great ninja war that was one of the most badass entrances in anime history
Naruto changed my life one of the greatest anime of all time,naruto changed my life one of the greatest anime of all time
I don’t care what nobody says. Lee dropping the weights is the most iconic Naruto moment EVERRRR,i dont care what nobody says lee dropping the weights is the most iconic naruto moment everrrr
"Naruto was actually the first anime I ever watched. It even rekindle my love for art, I’ll never forget that day. Someone showed me Naruto vs Orochimaru, and I instantly loved it.

 Naruto’s slap from hell alone, is  one of my favorite moments in the series.",naruto was actually the first anime i ever watched it even rekindle my love for art ill never forget that day someone showed me naruto vs orochimaru and i instantly loved it narutos slap from hell alone is one of my favorite moments in the series
Naruto fan for life,naruto fan for life
"How could you forget ""Naruto vs Neji"" in the finals of the Chūnin Exams? That changed so much, both for Naruto, the peoples view of him and how Neji approached his future and family.",how could you forget naruto vs neji in the finals of the chnin exams that changed so much both for naruto the peoples view of him and how neji approached his future and family
The village finally accepting Naruto after he beats pain will always be my favorite moment,the village finally accepting naruto after he beats pain will always be my favorite moment
"Naruto Meeting his parents, and Naruto asking Iruku to be his father at his wedding should have been in top 10",naruto meeting his parents and naruto asking iruku to be his father at his wedding should have been in top 10
Naruto easily deserves his place in the big 3,naruto easily deserves his place in the big 3
Iruka has always been like a father figure to Naruto and asking him to be his dad at his wedding with Hinata was very touching,iruka has always been like a father figure to naruto and asking him to be his dad at his wedding with hinata was very touching
One of the BEST anime series,one of the best anime series
"I'm actually re-watching Naruto right now. I just finished AoT, and tried getting into Bleach and Jojo... and ended up back here. Great series. Another great moment that I think deserved a place on the list was Naruto's first multi shadow-clone jutsu. What sets Naruto apart from other great anime is that it starts extremely hot, I think that's what hooked most viewers.",im actually rewatching naruto right now i just finished aot and tried getting into bleach and jojo and ended up back here great series another great moment that i think deserved a place on the list was narutos first multi shadowclone jutsu what sets naruto apart from other great anime is that it starts extremely hot i think thats what hooked most viewers
"Naruto completely changed my perspective on living life, interacting with others and figuring things out on the daily, whether it be at a grocery store, in traffic or even just relaxing. There’s something about this show that you just come out a better person after watching from beginning to end. And the best part is you don’t even know you’re changing until you’re needing to binge the next episode and nearing the ending. It is THE best story of all time, better than Jurassic Park, better than the Avengers, better than Gone With The Wind or The Wizard of Oz. Each character has meaning and purpose, it is a reflection of our lives. Anybody who watches doesn’t know how blessed they are to have this unforgettable experience.",naruto completely changed my perspective on living life interacting with others and figuring things out on the daily whether it be at a grocery store in traffic or even just relaxing theres something about this show that you just come out a better person after watching from beginning to end and the best part is you dont even know youre changing until youre needing to binge the next episode and nearing the ending it is the best story of all time better than jurassic park better than the avengers better than gone with the wind or the wizard of oz each character has meaning and purpose it is a reflection of our lives anybody who watches doesnt know how blessed they are to have this unforgettable experience
"This show shaped so much of how I interact with the world, the fights aside this story does emotional scenes and ideals so damn good maaaan it's one of the only shows that can invoke tears from me on any level",this show shaped so much of how i interact with the world the fights aside this story does emotional scenes and ideals so damn good maaaan its one of the only shows that can invoke tears from me on any level
"When Naruto returns to the village on Kakashi's back after talking to Nagato, and everyone finally recognizes him. That's peak moment, always hits me.",when naruto returns to the village on kakashis back after talking to nagato and everyone finally recognizes him thats peak moment always hits me
"Thats the power of the show. 
Even when the show has ended, still it's merchandise are off the charts.
The show is widely popular. 

I have been a biggest fan of this show for as long as I remember!",thats the power of the show even when the show has ended still its merchandise are off the charts the show is widely popular i have been a biggest fan of this show for as long as i remember
Tobirama raising his finger and Hashirama getting mad at him was iconic,tobirama raising his finger and hashirama getting mad at him was iconic
Naruto’s outburst during the written portion of the chuunin exam will always be iconic. Influencing all the ninjas left to not quit and the proctor to chuckle. And then his test is blank!,narutos outburst during the written portion of the chuunin exam will always be iconic influencing all the ninjas left to not quit and the proctor to chuckle and then his test is blank
"Naruto vs pain, Naruto vs Gaara, Rock Lee vs Gaara, Naruto becoming Hokage, Naruto vs Sasuke (both final battles of the first part and Shippuden), Naruto and Kurama working together, the rasengan and shadow clone jutsu are among My favorites",naruto vs pain naruto vs gaara rock lee vs gaara naruto becoming hokage naruto vs sasuke both final battles of the first part and shippuden naruto and kurama working together the rasengan and shadow clone jutsu are among my favorites
"i loved how much we got with shikamaru dealing with his grief for Asuma,the episode is so well done and really breathes life into shikamaru's inner thoughts and feelings",i loved how much we got with shikamaru dealing with his grief for asumathe episode is so well done and really breathes life into shikamarus inner thoughts and feelings
When Jaryiah died I had to take a break from the show for a week to properly mourn,when jaryiah died i had to take a break from the show for a week to properly mourn
"Naruto vs Sasuke, Naruto becoming Hokage & Naruto vs Gaara",naruto vs sasuke naruto becoming hokage naruto vs gaara
Please do Top 30 Anime Characters that DIDN’T deserve the Hate.,please do top 30 anime characters that didnt deserve the hate
This is the first time in 8 years I’ve seen a watch mojo video on my recommended page,this is the first time in 8 years ive seen a watch mojo video on my recommended page
Kakashi vs obito being forgotten is criminal,kakashi vs obito being forgotten is criminal
Minato vs Tobi should be top 15 at least. We finally got to see the legendary yellow flash in action. He didn’t even need to power up to beat someone that everybody has been trying to touch the entire series.,minato vs tobi should be top 15 at least we finally got to see the legendary yellow flash in action he didnt even need to power up to beat someone that everybody has been trying to touch the entire series
26:53 😢…. Still hurts,2653 still hurts
"I still remember 2007, waiting for shippuden.. looking up videos of it on YouTube becauze I couldn’t watch yet. That was the first I’d heard it in Japanese and seeing sasuke grown, talking to the nine tails is iconic.",i still remember 2007 waiting for shippuden looking up videos of it on youtube becauze i couldnt watch yet that was the first id heard it in japanese and seeing sasuke grown talking to the nine tails is iconic
This channel is criminally underrated.,this channel is criminally underrated
Legit. When Naruto meets his mom breaks me. Well actually both his parents but still,legit when naruto meets his mom breaks me well actually both his parents but still
This was absolutely wonderful!!! The video took me over an hour to finish because I kept pausing and going on and on about each moment 🤦🏻‍♀️🤦🏻‍♀️😂😂 Iconic 🙌🙌🔥🔥 Thank you ❤️,this was absolutely wonderful the video took me over an hour to finish because i kept pausing and going on and on about each moment iconic thank you
"I first watched Naruto when I was about four years old. By that time, it had already been airing for around three years, but I quickly caught on. By the time Shippuden came out, I was already a massive Naruto fan. It's extremely hard to believe how fast those 10 years of Shippuden passed—and even more unreal that it’s already been nearly a decade since it ended.

Thinking back to when I waited a whole week for each new episode, I couldn't even comprehend the idea of Shippuden having 500 episodes if someone had told me at the beginning it's going to be that long. Watching anime over such a long period is a completely different experience compared to binge-watching. The story just hits differently, and the emotions are incomparable. The pacing, fillers, and storytelling all felt natural. I enjoyed the fillers as much as the canon episodes and would never skip them like some people do—they just added depth to the story and the world of the anime.

I’m missing some key moments, but to include them all, we’d need something like a ""Top 300 Naruto Moments"" list. Some of the most unforgettable moments for me include how Naruto changed Nagato’s way of thinking, the fight where Konan nearly killed Obito, how the Legendary Sannin found the three kids and Jiraiya raised them, all of Orochimaru’s attempts to kidnap Naruto, Sasuke’s fight with the Eight-Tails, Naruto breaking through the barriers after training and joining the Great War, Shikamaru’s father’s death, Obito’s death, Neji’s death, Asuma’s death, Grandma Chiyo’s death, Rin’s death—and so many other unforgettable losses.

Then there was Sakura ""confessing"" to Naruto, Naruto vs. Neji in the Chunin Exams, Sasuke finally killing that bastard Danzo, Sasuke learning the truth about Itachi, Sasuke and revived Itachi’s reunion, Naruto's training rasengan, Tsunade giving Naruto her necklace, Naruto training moments with Jiraya, Naruto mastering Rasen-Shuriken and using it for the first time, annoucement of Jiraya's death to Tsunade and Naruto, and countless other memorable moments.

This show has been great, a true masterpiece and lifework dedication from Masashi Kishimoto and all other participating animators and artists. Thank you :)",i first watched naruto when i was about four years old by that time it had already been airing for around three years but i quickly caught on by the time shippuden came out i was already a massive naruto fan its extremely hard to believe how fast those 10 years of shippuden passedand even more unreal that its already been nearly a decade since it ended thinking back to when i waited a whole week for each new episode i couldnt even comprehend the idea of shippuden having 500 episodes if someone had told me at the beginning its going to be that long watching anime over such a long period is a completely different experience compared to bingewatching the story just hits differently and the emotions are incomparable the pacing fillers and storytelling all felt natural i enjoyed the fillers as much as the canon episodes and would never skip them like some people dothey just added depth to the story and the world of the anime im missing some key moments but to include them all wed need something like a top 300 naruto moments list some of the most unforgettable moments for me include how naruto changed nagatos way of thinking the fight where konan nearly killed obito how the legendary sannin found the three kids and jiraiya raised them all of orochimarus attempts to kidnap naruto sasukes fight with the eighttails naruto breaking through the barriers after training and joining the great war shikamarus fathers death obitos death nejis death asumas death grandma chiyos death rins deathand so many other unforgettable losses then there was sakura confessing to naruto naruto vs neji in the chunin exams sasuke finally killing that bastard danzo sasuke learning the truth about itachi sasuke and revived itachis reunion narutos training rasengan tsunade giving naruto her necklace naruto training moments with jiraya naruto mastering rasenshuriken and using it for the first time annoucement of jirayas death to tsunade and naruto and countless other memorable moments this show has been great a true masterpiece and lifework dedication from masashi kishimoto and all other participating animators and artists thank you
"Undoubtedly and undisputedly... ""Naruto stops the pain"" is the number 1 iconic moment for sure.",undoubtedly and undisputedly naruto stops the pain is the number 1 iconic moment for sure
You can easily make a top 50 list. Maybe even top 100. Asuma and Nejis deaths are tear jerkers. The first time we get to see Naruto interact with Kurama was crazy. When Kakashi meets his father as he's somewhere between life and death during Pains attack on Konoha. When we get to see who Pain really is. Moments where Iruka is being the best step-dad ever could easily be a list on its own. Bee being a complete idiot could also have a few spots on here 🤣,you can easily make a top 50 list maybe even top 100 asuma and nejis deaths are tear jerkers the first time we get to see naruto interact with kurama was crazy when kakashi meets his father as hes somewhere between life and death during pains attack on konoha when we get to see who pain really is moments where iruka is being the best stepdad ever could easily be a list on its own bee being a complete idiot could also have a few spots on here
This is the goat. Best anime ever,this is the goat best anime ever
This deserves way more likes.,this deserves way more likes
"Toby turned to Madara was one of the iconic moment in naruto. “Whaat, I don’t believe it.. kidding, it is just as I expected”",toby turned to madara was one of the iconic moment in naruto whaat i dont believe it kidding it is just as i expected
Right in the feels. Thanks for making me feel this on Christmas.,right in the feels thanks for making me feel this on christmas
Your channel is underrated.,your channel is underrated
20:37 Gara got Flashbacks,2037 gara got flashbacks
Naruto's first rasenshuriken dudes,narutos first rasenshuriken dudes
Thank you for some goated content it’s nice seeing this on my feed from an amazing YouTube channel,thank you for some goated content its nice seeing this on my feed from an amazing youtube channel
By FAR my favorite anime series BELIEVE IT!!,by far my favorite anime series believe it
This was top-notch quality.,this was topnotch quality
"naruto and hinata finally kiss in the moonlight shot  . .that was epic in the theater in rochester MN,  the entire theater erupted in chears as if someone won the stanley cup at a home game",naruto and hinata finally kiss in the moonlight shot that was epic in the theater in rochester mn the entire theater erupted in chears as if someone won the stanley cup at a home game
"When Naruto and Kurama became friends, that was spectacular. 🎉",when naruto and kurama became friends that was spectacular
Just as i hope..Naruto arrival vs Pain always give me chills,just as i hopenaruto arrival vs pain always give me chills
Definitely would've added when he Does become the hero and saves the village. And they all praise him. You hear Kakashis inner monolog of how he grew up so fast. As the whole village chants his name.,definitely wouldve added when he does become the hero and saves the village and they all praise him you hear kakashis inner monolog of how he grew up so fast as the whole village chants his name
Naruto falling into kakashi and being acknowledge by the village after defeating pain,naruto falling into kakashi and being acknowledge by the village after defeating pain
You’re an amazing creator.,youre an amazing creator
So much talent in one video.,so much talent in one video
Any Minato moment is top tier!,any minato moment is top tier
Amazing production value.,amazing production value
This was exactly what I needed.,this was exactly what i needed
You always explain things so well.,you always explain things so well
"How about a video on Best Scenes From Each Pixar Movie So Far:
Toy Story- Buzz and Woody falling with style
Ratatouille- Remmy cooking
Coco- Miguel singing Remember Me  to Coco
WALL-E: Captain literally standing up to AUTO
Toy Story 3- Aliens saved the toys from being burnt and the fans from crying
etc.",how about a video on best scenes from each pixar movie so far toy story buzz and woody falling with style ratatouille remmy cooking coco miguel singing remember me to coco walle captain literally standing up to auto toy story 3 aliens saved the toys from being burnt and the fans from crying etc
This video has great replay value.,this video has great replay value
You never disappoint.,you never disappoint
"The famous ‘Naturo’ mangaka Masashi Kishimoto turned 50 years old, and his manga masterpiece turned 25 few months ago.",the famous naturo mangaka masashi kishimoto turned 50 years old and his manga masterpiece turned 25 few months ago
Very integral part of my life,very integral part of my life
So much effort went into this.,so much effort went into this
You’re so talented!,youre so talented
Watchmojo should also do a Top 10 or 20 Iconic Sailor Moon moments. There are already iconic moment videos on the big three now so now we need one for the mother of anime.,watchmojo should also do a top 10 or 20 iconic sailor moon moments there are already iconic moment videos on the big three now so now we need one for the mother of anime
Your uploads always make my feed better.,your uploads always make my feed better
Really appreciate this upload.,really appreciate this upload
Naruto Fans: Assemble!,naruto fans assemble
I’ve never clicked “like” so fast.,ive never clicked like so fast
"Overlooked moments:
Iruka Sensei sharing an icicle with Naruto, after Pervy Sage's passing
Shikamaru finals cries after playing shoji with his dad",overlooked moments iruka sensei sharing an icicle with naruto after pervy sages passing shikamaru finals cries after playing shoji with his dad
"Naruto meeting Kushina should be no1 for sure. Everyone who watched those episodes cried, so nicely presented in this intergalactic theme, giving the protective feeling as all mothers do!
 Kurama and Naruto scene, when the ‘Little Brat’ lectured Kurama and made him understood what he is all about should be in second place!",naruto meeting kushina should be no1 for sure everyone who watched those episodes cried so nicely presented in this intergalactic theme giving the protective feeling as all mothers do kurama and naruto scene when the little brat lectured kurama and made him understood what he is all about should be in second place
Loved the transitions.,loved the transitions
Thanks watchmojo ❤😭🥳,thanks watchmojo
29:41 still an awesome battle 😊,2941 still an awesome battle
Such a unique video concept.,such a unique video concept
"Well, the intro scene itself is legendary.",well the intro scene itself is legendary
Could Madara Uchiha capable to kill scarlet witch from MCU?,could madara uchiha capable to kill scarlet witch from mcu
Here’s an idea for your next video. How about top 10 anime sibling fights?,heres an idea for your next video how about top 10 anime sibling fights
that naruto request for iruka to be his dad at his wedding had me balling,that naruto request for iruka to be his dad at his wedding had me balling
"Naruto, Sasuke, Sakura, and Kakashi will always be my favorite characters in the Naruto Franchise and any moment with these characters will always be amazing! Also it's hard to decide what iconic moments from Naruto I love the most, but I guess I love that Sakura actually cuts her hair and her fighting skills are pretty good and it's funny that she calls Naruto an idiot sometimes. Heck, she called Sasuke an idiot one time too.🤩😂🥷🏻🌸🗡️⚔️",naruto sasuke sakura and kakashi will always be my favorite characters in the naruto franchise and any moment with these characters will always be amazing also its hard to decide what iconic moments from naruto i love the most but i guess i love that sakura actually cuts her hair and her fighting skills are pretty good and its funny that she calls naruto an idiot sometimes heck she called sasuke an idiot one time too
Such a creative idea!,such a creative idea
This was well researched.,this was well researched
Such a wholesome moment.,such a wholesome moment
This gave me goosebumps.,this gave me goosebumps
Such a clever approach.,such a clever approach
This was so entertaining!,this was so entertaining
I wish u woulda added when they village acknowledged him after pain Top 10 Moment fs buh great video,i wish u woulda added when they village acknowledged him after pain top 10 moment fs buh great video
"I was waiting for Naruto returning  to the Konokha to fight Pain, during the whole video, and this video didn’t disappoint me😁🫡 (Also Rock lee vs Gaara moment deserves top-2)",i was waiting for naruto returning to the konokha to fight pain during the whole video and this video didnt disappoint me also rock lee vs gaara moment deserves top2
30:16 The reactions to Rock Lee dropping his leg weights 🤣🤣🤣🤣🤣🤣 Sakura and Kakashi's reactions kill me every time,3016 the reactions to rock lee dropping his leg weights sakura and kakashis reactions kill me every time
New idea 💡 do top 30 kids shows that adults love,new idea do top 30 kids shows that adults love
"How you missed the moment when Obito watches Rin die and went completely berserk is something that is beyond my comprehension. That moment was one of the most powerful and iconic moments in the entire Naruto. That moment is much better like half of the moments you put here.
Another moment extremely iconic and powerful is when Edo Tensei Itachi liberates himself from the Edo Tensei user. I think you didn't do your homework very well to miss this 2 of the most iconic moments ever.",how you missed the moment when obito watches rin die and went completely berserk is something that is beyond my comprehension that moment was one of the most powerful and iconic moments in the entire naruto that moment is much better like half of the moments you put here another moment extremely iconic and powerful is when edo tensei itachi liberates himself from the edo tensei user i think you didnt do your homework very well to miss this 2 of the most iconic moments ever
This is gold!,this is gold
"Rock Lee vs Cara is
 100%ATTACK VS %100%DEFENSE",rock lee vs cara is 100attack vs 100defense
Zetsu betrayal to Madara not making the list is a crime 😢,zetsu betrayal to madara not making the list is a crime
My recommended is finally doing something right.,my recommended is finally doing something right
So creative and unique.,so creative and unique
Perfect timing!,perfect timing
You explained it perfectly.,you explained it perfectly
In that same #1 clip; there's the moment that Naruto asks Tsundae if Kakashi was on a mission away from the village. Ultimately learning of Kakashi's death by her silence.,in that same 1 clip theres the moment that naruto asks tsundae if kakashi was on a mission away from the village ultimately learning of kakashis death by her silence
The Minato flashback when he meets A and Bee.,the minato flashback when he meets a and bee
Naruto arriving at the village after speaking to nagato. Best feel good moment,naruto arriving at the village after speaking to nagato best feel good moment
Boruto could never be better 😢,boruto could never be better
Kakashi a bad man,kakashi a bad man
"Can you do it for boruto, too? :D nice cutted! Thx",can you do it for boruto too d nice cutted thx
Sasuke and Naruto fighting together is always insane💀,sasuke and naruto fighting together is always insane
"Madara boding the whole army back in the fourth great ninja war back in Shippuden was the craziest shit that he has done in all of Naruto, nobody can do what he did,",madara boding the whole army back in the fourth great ninja war back in shippuden was the craziest shit that he has done in all of naruto nobody can do what he did
WHY IS BORUTO IN HERE???!!!!😭😭😭😭😭😭😭😭,why is boruto in here
Momoshiki Fight Complete is on the one. For me its the best fight.,momoshiki fight complete is on the one for me its the best fight
The Madara one is me when I fight outsiders with gojo in tsb,the madara one is me when i fight outsiders with gojo in tsb
The animators who animated madaras fight need to get a raise,the animators who animated madaras fight need to get a raise
"Madara was a badass, I think part of why he was destroying the army is because he didn’t have to worry about friendly fire while the army did.",madara was a badass i think part of why he was destroying the army is because he didnt have to worry about friendly fire while the army did
"My favorite one was when Minato and Tobi fought. 
Minato used the timing of kamui being deactivated against obito. At the moment obito was just about to grab him, he teleports above obito and hits him with the rasengan before obito could even think about reactivating kamui.",my favorite one was when minato and tobi fought minato used the timing of kamui being deactivated against obito at the moment obito was just about to grab him he teleports above obito and hits him with the rasengan before obito could even think about reactivating kamui
Yall gotta add when he brought out the toads and sage mode against pain. Cloak in the wind ready to beat sumn. I’m talkin bout AURA,yall gotta add when he brought out the toads and sage mode against pain cloak in the wind ready to beat sumn im talkin bout aura
"Madara vs the Shinobi Army be like: 

1 gorilla (Madara) vs. Even more men (soldiers)",madara vs the shinobi army be like 1 gorilla madara vs even more men soldiers
Tengai shinsei was the most aura thing,tengai shinsei was the most aura thing
Itachi missed one,itachi missed one
Naruto has BUILT IN GENJUSTU,naruto has built in genjustu
Bro first one  not Naruto series it's Boruto series,bro first one not naruto series its boruto series
Bro first sin is on boruto,bro first sin is on boruto
4 is Boruto 😅,4 is boruto
Watching these when I was a kid with my older brother was probably the coolest thing ever to me at the time😭😭😭,watching these when i was a kid with my older brother was probably the coolest thing ever to me at the time
where the fk is deidara vs sasuke 2,where the fk is deidara vs sasuke 2
"Despite it being number ten, the Sakura & Chiyo vs. Sasori fight will always be so fucking cool to me. The usage of puppet Jutsu on a living person, Sakura finally able to do something, somewhat on her own, the Backstory behind Sasori and Chiyo, the reveal of Sasori turning himself into a puppet?!
It all just ties up with this wonderful bow of a fight.",despite it being number ten the sakura chiyo vs sasori fight will always be so fucking cool to me the usage of puppet jutsu on a living person sakura finally able to do something somewhat on her own the backstory behind sasori and chiyo the reveal of sasori turning himself into a puppet it all just ties up with this wonderful bow of a fight
The disrespect @ 18:45 🤣 Ino and Choji were there too dang it. They did stuff lol,the disrespect 1845 ino and choji were there too dang it they did stuff lol
This was made 7 years ago but all of the comments are like 3 months to 8 days ago for some rason,this was made 7 years ago but all of the comments are like 3 months to 8 days ago for some rason
This dude madara we're throwing people at people😂,this dude madara were throwing people at people
"Thank you for ending the Sasuke vs. 8 tails fight were it ""really"" ended.",thank you for ending the sasuke vs 8 tails fight were it really ended
you know its a good battle when that shamisen comes in,you know its a good battle when that shamisen comes in
I was really expecting jiraya vs pain in top 1 😢,i was really expecting jiraya vs pain in top 1
The intro hooked me instantly.,the intro hooked me instantly
"Yea the 8 tails jinchuriki that be me, the rappin killa bee wweeeeeeeeeeeeeeeeee",yea the 8 tails jinchuriki that be me the rappin killa bee wweeeeeeeeeeeeeeeeee
I paused my music for this and it was worth it.,i paused my music for this and it was worth it
I can’t stop replaying that part.,i cant stop replaying that part
This made my brain happy.,this made my brain happy
My recommended is finally doing something right.,my recommended is finally doing something right
This gave me goosebumps.,this gave me goosebumps
"15:21  probably the first time in the Naruto series where flame release actually did something. All the other times prior to this fight every fire technique is either dodged, absorbed or litteraly just tanked",1521 probably the first time in the naruto series where flame release actually did something all the other times prior to this fight every fire technique is either dodged absorbed or litteraly just tanked
I learned so much in 10 minutes.,i learned so much in 10 minutes
People always miss orochimaru vs 4 tails,people always miss orochimaru vs 4 tails
The internet needs more of this.,the internet needs more of this
naruto shippuden is the spiritual finale we all deserved.,naruto shippuden is the spiritual finale we all deserved
So much effort went into this.,so much effort went into this
This is the best thing ever in a man's/child's life! The feels the everything! :),this is the best thing ever in a manschilds life the feels the everything
My fav is madar vs might guy❤,my fav is madar vs might guy
Madara be playing dynasty warriors,madara be playing dynasty warriors
"it’s just so good, that’s all that needs to be said.",its just so good thats all that needs to be said
Not having time stamps is diabolical,not having time stamps is diabolical
"18:20

The only time fire ball was useful in Naruto. Lol",1820 the only time fire ball was useful in naruto lol
2:01 “return the slabbbb”,201 return the slabbbb
My eyes are blessed.,my eyes are blessed
Instant classic.,instant classic
I didn’t realize I needed this.,i didnt realize i needed this
10/10 would watch again.,1010 would watch again
This was exactly what I needed.,this was exactly what i needed
This video deserves more attention.,this video deserves more attention
Such a clever approach.,such a clever approach
This made me laugh so hard.,this made me laugh so hard
I appreciate the clarity.,i appreciate the clarity
This was so fun to watch.,this was so fun to watch
i feel bad for the future generations that are going to miss out on this,i feel bad for the future generations that are going to miss out on this
This deserves way more likes.,this deserves way more likes
This made my day better.,this made my day better
I’m surprised 1st and 2nd VS The 3rd isn’t in this! In my opinion that’s top three.,im surprised 1st and 2nd vs the 3rd isnt in this in my opinion thats top three
You’ve got my respect for this one.,youve got my respect for this one
you've done a great service to the community bro. thx :),youve done a great service to the community bro thx
This is how it should be done.,this is how it should be done
This is quality content.,this is quality content
Perfect timing!,perfect timing
Such a cool idea.,such a cool idea
Is it me or does the quality sound amazing compared to the English version,is it me or does the quality sound amazing compared to the english version
One word: Awesome!,one word awesome
"The Sasori fight truly was a moment. First time in the series having a fight of this scale, Sakura actually being impressive and the first big Akatsuki fight - which I never would have guessed would have Sakura mainly involved. The chereography @7:08 always gets me.",the sasori fight truly was a moment first time in the series having a fight of this scale sakura actually being impressive and the first big akatsuki fight which i never would have guessed would have sakura mainly involved the chereography 708 always gets me
39:01 that's just a shadow clone of Madara😂,3901 thats just a shadow clone of madara
You really inspire me.,you really inspire me
Love the editing style.,love the editing style
Missing deidara vs sasuke,missing deidara vs sasuke
You always make the best videos.,you always make the best videos
Good comp; best 👌,good comp best
"Itachi was a beast, sasuke was so weak lol",itachi was a beast sasuke was so weak lol
Bro cut waaay too much out of Bee fight,bro cut waaay too much out of bee fight
"Where is Rock Lee bro? he has so many cool fights. Chunin exams against Gaara, Drunken fist against Kimimaro in the Sasuke Retrieval arc, those are just the ones WITHOUT using the gates. he had so much aura all the time, absolutely a top 5 character of all time",where is rock lee bro he has so many cool fights chunin exams against gaara drunken fist against kimimaro in the sasuke retrieval arc those are just the ones without using the gates he had so much aura all the time absolutely a top 5 character of all time
Are the fights different in sub versions compared to dub because i don’t remember the itachi vs saskue fight being like this,are the fights different in sub versions compared to dub because i dont remember the itachi vs saskue fight being like this
Where's Might Guy vs Madara??,wheres might guy vs madara
Taijutsu > Ninjutsu in terms of entertainment,taijutsu ninjutsu in terms of entertainment
"How the hell i totally forgot how sakura ends the fight against that kazekage puppet. And i totally forgot also that the kazekage puppet uses iron sand to make this weird web type of thing around sakura. I actually remembered that the whole fight took place inside that cave. I dont remember them being outside, or sakura faking being dead and then all of the sudden supprise attacking and one shotting the kazekage puppet. Is there different type of edits or soomething to this fight, or do i just remember wrong ? Also this was heavily cut, while i saw the fight back then, between few episodes.",how the hell i totally forgot how sakura ends the fight against that kazekage puppet and i totally forgot also that the kazekage puppet uses iron sand to make this weird web type of thing around sakura i actually remembered that the whole fight took place inside that cave i dont remember them being outside or sakura faking being dead and then all of the sudden supprise attacking and one shotting the kazekage puppet is there different type of edits or soomething to this fight or do i just remember wrong also this was heavily cut while i saw the fight back then between few episodes
"The pain vs naturo fight was goofy as fuk. 😂😂😂, wouldn't have put it on this list.",the pain vs naturo fight was goofy as fuk wouldnt have put it on this list
Might guy vs Madara should not be put on 7 rank,might guy vs madara should not be put on 7 rank
The way im shitting on this toilet and watching this is diabolical. I almost lost myself in these toxic fumes.. what is coming outta me.. this is crazy cause I got some fine shyt over and she needs to use it after me.. bruh im finished but I can't move cause my legs is weak,the way im shitting on this toilet and watching this is diabolical i almost lost myself in these toxic fumes what is coming outta me this is crazy cause i got some fine shyt over and she needs to use it after me bruh im finished but i cant move cause my legs is weak
"The pain fight is good but only for the first half, when he goes 9 tails the animation quality drops and it's really sad",the pain fight is good but only for the first half when he goes 9 tails the animation quality drops and its really sad
Im sorry but any top 10 that has sakura as the main fighter is not a top 10 naruto fight you might want to re analyze,im sorry but any top 10 that has sakura as the main fighter is not a top 10 naruto fight you might want to re analyze
Which version do you prefer?,which version do you prefer
"Sasuke wrecked natuto in the last bout, this is the first time I've seen it",sasuke wrecked natuto in the last bout this is the first time ive seen it
Gaara vs rock lee...??,gaara vs rock lee
27:46 Sasuke vs Itachi,2746 sasuke vs itachi
"Sakura has a ""Fight Scene""? where?",sakura has a fight scene where
"I dont like Sasuke fights.
He just comes up with new unknown jutsu just to help him survive",i dont like sasuke fights he just comes up with new unknown jutsu just to help him survive
"Lol never piss off Naruto,idc what shinobi you are no one is signing up for what pain faced and I mean no one lol",lol never piss off narutoidc what shinobi you are no one is signing up for what pain faced and i mean no one lol
"wORST top 10 of all time, I could name 10 better fights than this, also midoriya gets insane diffed by sakura",worst top 10 of all time i could name 10 better fights than this also midoriya gets insane diffed by sakura
Chose one of the worst fight as the top 10 wtf sakura vs sasori is dole,chose one of the worst fight as the top 10 wtf sakura vs sasori is dole
Killer b multy sword form look dumb as hell Naruto trying to hard to look cool,killer b multy sword form look dumb as hell naruto trying to hard to look cool
First fight is one of the worst Akatsuki fights made XDXD,first fight is one of the worst akatsuki fights made xdxd
I don’t fw wit sakura 🫤,i dont fw wit sakura
Amazing content as always.,amazing content as always
"Great job, keep it up.",great job keep it up
So much effort went into this.,so much effort went into this
Naruto is hidden gem of humour.  These type of sequence improved the show a lot.  If these comedic moments were not there.  Naruto would had been far less popular,naruto is hidden gem of humour these type of sequence improved the show a lot if these comedic moments were not there naruto would had been far less popular
Hashirama depression is golden,hashirama depression is golden
naruto also sleeping with them was crazyy,naruto also sleeping with them was crazyy
When u hear madara laughing and smiling and remembering that he is the same dude who is called the ghost of Uchiha and almost killed everyone,when u hear madara laughing and smiling and remembering that he is the same dude who is called the ghost of uchiha and almost killed everyone
"Hashi and Madara relationship man 😢😢.. Hilarious, Madara was almost more like the Naruto of the two",hashi and madara relationship man hilarious madara was almost more like the naruto of the two
I love seeing older madara smile and be happy. I wonder what went wrong why hashirama didn’t notice that HIS BEST FRIEND was spiraling.,i love seeing older madara smile and be happy i wonder what went wrong why hashirama didnt notice that his best friend was spiraling
It brings so much nostalgia 😩,it brings so much nostalgia
I can't stop laughing 😂😂😂,i cant stop laughing
10:23 he seemed disappointed to me 😂😂😂,1023 he seemed disappointed to me
9:16 Hinata Hyuga is blushing when she decided to go to the fireworks festival with Naruto Uzumaki... ❤❤❤,916 hinata hyuga is blushing when she decided to go to the fireworks festival with naruto uzumaki
first comment huraaaaaa,first comment huraaaaaa
What the beans is wrong with the frog,what the beans is wrong with the frog
10:42 episode number and name?,1042 episode number and name
"Lee : Neji 
Neji: forget it
😂😂😂😂😂😂",lee neji neji forget it
Sai is a savage,sai is a savage
"“You’ve raised a tsunade jr.”
XDD jiriya",youve raised a tsunade jr xdd jiriya
"""I understand thanks for the advice...Ugly""",i understand thanks for the adviceugly
"""Just like that's between your legs"" 
-sai",just like thats between your legs sai
"Naruto : Thats just wrong
Sakura : Grown men playing piggyback. Its almost creepy
Tenten : Oh brother
Neji : ...........
Rock Lee : What the?",naruto thats just wrong sakura grown men playing piggyback its almost creepy tenten oh brother neji rock lee what the
"Sai to Ino: ""Beautiful.""
Naruto: *sigh of relief*...oh wait",sai to ino beautiful naruto sigh of reliefoh wait
"Naruto: whatever that drawings nothing special
Sai: yes your right, like what's between your legs right?
Me: hahaha",naruto whatever that drawings nothing special sai yes your right like whats between your legs right me hahaha
“The opposite of what I think” damn sai’s a savage XD,the opposite of what i think damn sais a savage xd
"Neji??

F O R G E T  I T",neji f o r g e t i t
"3:38 -horn noise-
Lee: Neji?
Neji: FORGET IT",338 horn noise lee neji neji forget it
When Naruto looks straight at Sakura after Sai calls Ino beautiful 😂😂,when naruto looks straight at sakura after sai calls ino beautiful
The piggyback kills me everytime,the piggyback kills me everytime
5:00 omfg. The only thing that can beat naruto,500 omfg the only thing that can beat naruto
i crack up laughing everytime i watch lee go “neji” and he goes “forget it” 😂😂,i crack up laughing everytime i watch lee go neji and he goes forget it
6:36-6:42 suckura just pulled nauto from the hair dragging him in mid air like a damm atiffed animal😂😂😂,636642 suckura just pulled nauto from the hair dragging him in mid air like a damm atiffed animal
Guy’s voice actor must have had a LOT of fun doing his job.,guys voice actor must have had a lot of fun doing his job
First punch from sakura in two years. OOF!,first punch from sakura in two years oof
Death by Suffocation lols,death by suffocation lols
"No one:

Literally no one: 

Lee: CLIMB ON MY BACK NEJI-KUN~ 

*XDDD I’m sorry*",no one literally no one lee climb on my back nejikun xddd im sorry
Sakura is like naruto mom XD,sakura is like naruto mom xd
Damn said just roasted naruto,damn said just roasted naruto
"4:36 ""ur just gonna bomb me to death right?"" I actually can't 🤣🤣",436 ur just gonna bomb me to death right i actually cant
"""It looks even weirder when they're in motion."" LMAO BIG TIME!",it looks even weirder when theyre in motion lmao big time
"Naruto: Tch those drawings are nothing special 
Sai: Yes your right.. Just like what's between you legs right? 

Ouhhhhhhhhhh  get IT",naruto tch those drawings are nothing special sai yes your right just like whats between you legs right ouhhhhhhhhhh get it
"Sakura: Go on say it give it good just like you did to me

Me: 😳😳 Hol on WHAT",sakura go on say it give it good just like you did to me me hol on what
"Naruto:Whatever that drawing is nothing special 
Sai:yes your right just like what’s between your legs right 😂😭",narutowhatever that drawing is nothing special saiyes your right just like whats between your legs right
Sai is a straight Savage,sai is a straight savage
6:37 The way she swings Naruto around like a pillow 😭,637 the way she swings naruto around like a pillow
3:29 poor Kakashi,329 poor kakashi
3:39 I'm dead,339 im dead
3:25 me on Friday 3:27 me on Monday,325 me on friday 327 me on monday
4:23 OMG I just love the special bond between the Akatski 😂😂😂,423 omg i just love the special bond between the akatski
Lee: Neji Neji: FORGET IT 😂😂😂😂😂😂😂😂😂😂😂😂😂😂😂😂😂😂😂😂😂😂😂😂😂😂😂😂😂,lee neji neji forget it
"Damn when Sakura is mad, she’d probably kill madara by herself lmao",damn when sakura is mad shed probably kill madara by herself lmao
"Sakura really is a tunade jr

XDDDD",sakura really is a tunade jr xdddd
Lol I like how Sakura and Naruto have like that older sister and younger brother relationship. The way she scolds him so much.,lol i like how sakura and naruto have like that older sister and younger brother relationship the way she scolds him so much
"Sakura:Hurry up slow pokes!
Might Guy:You want us to hurry up OK
Sakura:Thank you! What are you doing Guy Sensi?
Might Guy: Just giving a piggy back ride!
Sakura:Oh brother! That looks gay stop please!
Kakashi:Sakura is right this looks gay guy so stop!
Might Guy:OK Ok !  I did look gay so .... Run Run OK Kakashi so you will be there first!
Kakashi:OK guy",sakurahurry up slow pokes might guyyou want us to hurry up ok sakurathank you what are you doing guy sensi might guy just giving a piggy back ride sakuraoh brother that looks gay stop please kakashisakura is right this looks gay guy so stop might guyok ok i did look gay so run run ok kakashi so you will be there first kakashiok guy
5:06 that roast though,506 that roast though
Omg tobi is so immature but he's kinda funny,omg tobi is so immature but hes kinda funny
5:05 SAI IS A SAVAGE LMFAO THAT PART WAS ONE OF THE BEST MOMENTS IN SHIPPUDEN,505 sai is a savage lmfao that part was one of the best moments in shippuden
"""What do you think you're doing attacking Kakashi sensei like that? You wrinkly old prune!"" 😂😂😂😭",what do you think youre doing attacking kakashi sensei like that you wrinkly old prune
2:55 best rivalry ever,255 best rivalry ever
Tsunade Jr. LOL🤣🤣🤣🤣🤣,tsunade jr lol
4:55 That got me by surprise XD,455 that got me by surprise xd
2:59-3:34 / 5:39 / 6:02 - My Favorite Scene EVER!! LOL 😂🤣,259334 539 602 my favorite scene ever lol
6:06 When Sai called Sakura ugly. Insert Oooohhhh burn vine meme,606 when sai called sakura ugly insert oooohhhh burn vine meme
"Sakura: it looks even weirder when their in motion
Lee: neji
Neji: forget it",sakura it looks even weirder when their in motion lee neji neji forget it
"Lee:Neji
Neji: DON'T EVEN",leeneji neji dont even
6:09 bruh narutos face makes me laugh all the time 😂😂😂🤣🤣,609 bruh narutos face makes me laugh all the time
6:05 sai ain't lying,605 sai aint lying
Danggg sai a savage,danggg sai a savage
"Naruto: pfft that drawing doesn’t mean anything 
Sai: yes your right just like the thing between your legs 
😂😂😂😂",naruto pfft that drawing doesnt mean anything sai yes your right just like the thing between your legs
7:14 naruto has a sharigan sensing evil chakra,714 naruto has a sharigan sensing evil chakra
The way When Sai Roasted Sakura :Naruto Gets so Triggerd Face*,the way when sai roasted sakura naruto gets so triggerd face
"Captain Yamato had the best moment with his ""draconian method"" face",captain yamato had the best moment with his draconian method face
"Sai: *calls ino beautiful*
*Years later*
Sai: ""And that's how I met your mom"".",sai calls ino beautiful years later sai and thats how i met your mom
"""Just like what's in between your legs""




Well they did the trick didn't they",just like whats in between your legs well they did the trick didnt they
6:36 I can't wait for sarada's part to boruto,636 i cant wait for saradas part to boruto
That was the third one 😂😂😂😂😂😄😄😄😄,that was the third one
2:58 I agree with Naruto on this one,258 i agree with naruto on this one
0:45 I agree with pervy sage on this one,045 i agree with pervy sage on this one
"naruto :that drawing is not special
sai: yeah right just like between in your legs",naruto that drawing is not special sai yeah right just like between in your legs
“Grown men playing piggy back” 😭😭😭,grown men playing piggy back
5:05 o my gosh get wrecked,505 o my gosh get wrecked
4:20 Hey I never knew that H2O Delirious was in Naruto this whole time,420 hey i never knew that h2o delirious was in naruto this whole time
6:49 had me dying 😂😂😂😂,649 had me dying
"3:06 
Neji: What the fuck is sensei on..? 😂😂",306 neji what the fuck is sensei on
5:07 I don’t remember Sai being that savage holy shit,507 i dont remember sai being that savage holy shit
5:10 Sakura said: ANNA OOP 🤭😂,510 sakura said anna oop
sie is lowkey the most savage naruto character,sie is lowkey the most savage naruto character
7:21 When you rage quit a game,721 when you rage quit a game
"Lee:neji
Neji:Forget it!
This reminds me so much of me and my brother",leeneji nejiforget it this reminds me so much of me and my brother
5:43 hahaha yamato's anger is way too funny with that face,543 hahaha yamatos anger is way too funny with that face
6:00omg I love when sai checks people out and being pervy 😂😂😂,600omg i love when sai checks people out and being pervy
5:05 ohh shit he got naruto good,505 ohh shit he got naruto good
"Lee bent over looking hella sus (beep beep) Lee:Neji?
Neji:forget it",lee bent over looking hella sus beep beep leeneji nejiforget it
"6:59 And that kids, is how I met your mother.",659 and that kids is how i met your mother
"Naruto: Easy Sakura 
Me: Sakura doesn’t take it easy",naruto easy sakura me sakura doesnt take it easy
5:06 how you know sai and DAMM THE ROAST,506 how you know sai and damm the roast
"Neji
*FORGRT IT!*",neji forgrt it
Sakura is strong,sakura is strong
6:17 lmao when sai got hit he sounded how roblox die 😂😂😂😂😅😅😅😅,617 lmao when sai got hit he sounded how roblox die
6:10 when you find a sweaty sock in your bed thats not yours,610 when you find a sweaty sock in your bed thats not yours
"Damn, Sakura has a *short* temper",damn sakura has a short temper
Toby: diedera senpai!!!,toby diedera senpai
HERE WE GOOOOOOOO,here we goooooooo
5:03 OH SHIT HE NEED SOME MILK,503 oh shit he need some milk
7:04 - 7:10. And that led to a marriage between those two,704 710 and that led to a marriage between those two
Tobi was funny as hell,tobi was funny as hell
Sai is a savage and op,sai is a savage and op
"""I've Got a Grand Spanken Ninjitsu"" Hilarious",ive got a grand spanken ninjitsu hilarious
"6:37
Sai speaks wisdom",637 sai speaks wisdom
2:51 THIS PART HAD ME SCREAMING,251 this part had me screaming
Poor Kakashi T^T,poor kakashi tt
0:43 there’s the part when tsunade jr appeared XDD,043 theres the part when tsunade jr appeared xdd
"Naruto: im so sick of this guy
Captain stares at naruto like a creep
Naruto: ahhhhh dont worry captain 
Captain: ok good",naruto im so sick of this guy captain stares at naruto like a creep naruto ahhhhh dont worry captain captain ok good
The legend never die dattebayo,the legend never die dattebayo
It’s sad how Naruto got kicked out of the whole entire show,its sad how naruto got kicked out of the whole entire show
They completely threw away a guy we watched through 720 episodes 😢😢,they completely threw away a guy we watched through 720 episodes
"Sarada left after seeing that mitsuki is there and she's not.

😂😂😂",sarada left after seeing that mitsuki is there and shes not
"I miss those golden days when -
Uzumaki Naruto used to be the strongest shinobi alive , Senju Hashirama the god of Shinobi and Uchiha Madara the greatest villen of whole shinobi world 😢😢😢",i miss those golden days when uzumaki naruto used to be the strongest shinobi alive senju hashirama the god of shinobi and uchiha madara the greatest villen of whole shinobi world
Sarada and himawari 😂😂,sarada and himawari
Sarada and Himawari just completely left out ig 💀🙏,sarada and himawari just completely left out ig
Naruto got nerfed so bad that he lost his talk no jutsu and plot armor. And he even lost kurama.,naruto got nerfed so bad that he lost his talk no jutsu and plot armor and he even lost kurama
They took out my boy uzumaki NARUTOOO and KURAMA cuz they were taking all the limelight😂😢,they took out my boy uzumaki narutooo and kurama cuz they were taking all the limelight
comment section full of naruto thats the power of naruto,comment section full of naruto thats the power of naruto
"I am pleased that atleast 1 OG character exists there 
UCHIHA SASUKE ❤",i am pleased that atleast 1 og character exists there uchiha sasuke
"""You don't even know Naruto yet, Boruto is ready, because you're just a beginner""",you dont even know naruto yet boruto is ready because youre just a beginner
Shibai otsutsuki  be like AYO WHERE I AM ??,shibai otsutsuki be like ayo where i am
Naruto and Sasuke is the most powerful character,naruto and sasuke is the most powerful character
In the manga naruto is stuck in a dimension by kawaki and the author said everyday that passes in boruto its a minute in naruto dimension so when naruto escapes with hinata both of them never age he will still look the same. Maybe all that time he had he learn to perfect his sage mode and learn hashirama cell to learn woodstyle and other jutsu. His going to be op.,in the manga naruto is stuck in a dimension by kawaki and the author said everyday that passes in boruto its a minute in naruto dimension so when naruto escapes with hinata both of them never age he will still look the same maybe all that time he had he learn to perfect his sage mode and learn hashirama cell to learn woodstyle and other jutsu his going to be op
When will the boruto two blue vortex be released as anime not like Manga from chapter or season 1 ? In netflix?,when will the boruto two blue vortex be released as anime not like manga from chapter or season 1 in netflix
I having that Tourette’s episode of cursing from South Park as this video is playing,i having that tourettes episode of cursing from south park as this video is playing
Where is sarada Uchiha,where is sarada uchiha
Shibai laughing in the corner😭💀,shibai laughing in the corner
"Boruto is good 
But Naruto is all our pure love and motivation...
Boruto can never surpass OG Naruto and Shippuden",boruto is good but naruto is all our pure love and motivation boruto can never surpass og naruto and shippuden
Rip Sarada and Naruto,rip sarada and naruto
I think you forgot sarada uchiha or should I say sun goodness ❤❤,i think you forgot sarada uchiha or should i say sun goodness
"You you are so good at that the writer has to remove everything from you to make others powerful.
That's the aura of my boy Uzumaki Naruto",you you are so good at that the writer has to remove everything from you to make others powerful thats the aura of my boy uzumaki naruto
once a legend now history,once a legend now history
Bro forgot to say hima,bro forgot to say hima
My first anime was naruto 😢,my first anime was naruto
Bro forgot Naruto and shibai,bro forgot naruto and shibai
Boruto is the op rn and the most powerful one.,boruto is the op rn and the most powerful one
Dont let bro cook,dont let bro cook
Where is Sarada and himawari?,where is sarada and himawari
Where is sarada and Himawari,where is sarada and himawari
You didn't add Naruto,you didnt add naruto
You forgot sarada,you forgot sarada
where is Jura and kasin koji?,where is jura and kasin koji
Daemon feels like one of those lazy boring isekais characters that’s just op for no reason,daemon feels like one of those lazy boring isekais characters thats just op for no reason
1st is shibai otsosuki 👀,1st is shibai otsosuki
They really dropped the ball with Rock and Metal. Metal could have surpassed all taijutsu users before him and perfected the inner gates to the point where it doesn't risk the user's life.,they really dropped the ball with rock and metal metal could have surpassed all taijutsu users before him and perfected the inner gates to the point where it doesnt risk the users life
Jura: I'm i a joke to you?,jura im i a joke to you
i miss the old series bro it is so sad that naruto and kurama were kicked of from the whole anime 😭,i miss the old series bro it is so sad that naruto and kurama were kicked of from the whole anime
"Have you forgotten the Uchiha princess who defeated Ryu?With the mangeyou Sharingan Her own place, where weak Mitsuki remained watching silently, and Himawari was with Kurama, who was training her.😢😢😢😢",have you forgotten the uchiha princess who defeated ryuwith the mangeyou sharingan her own place where weak mitsuki remained watching silently and himawari was with kurama who was training her
"Naruto , Sarada and hima completely out 😢",naruto sarada and hima completely out
Shibai laugh in the corner😂😂😂,shibai laugh in the corner
Boruto now. Naruto then 😢😮❤,boruto now naruto then
I guess I’ll finish watching the show. RIP Kurama,i guess ill finish watching the show rip kurama
Bro forgot the god of otsutsuki,bro forgot the god of otsutsuki
Shibai left the existence.,shibai left the existence
Shibai laugh in corner 😂😂,shibai laugh in corner
Are we going to forget about sarada,are we going to forget about sarada
i love how jura js doesnt exist anymore,i love how jura js doesnt exist anymore
What about Jura,what about jura
"Jura is laughing from corner😂😂😂
Trying to understand what the thing that is called love😂😂😂😂",jura is laughing from corner trying to understand what the thing that is called love
Where's himawaru,wheres himawaru
And also sarada uchiha,and also sarada uchiha
Honestly it's refreshing to see others getting spotlight. If y'all can't handle Naruto not being in a series about Boruto then don't watch it,honestly its refreshing to see others getting spotlight if yall cant handle naruto not being in a series about boruto then dont watch it
"I forgot about kawaki 
his stronger then mitsuki so he should be three (3) while mitsuki four(4)",i forgot about kawaki his stronger then mitsuki so he should be three 3 while mitsuki four4
i wish a new season comes,i wish a new season comes
Forgot hima😢,forgot hima
Sarada ang himawari...,sarada ang himawari
Konahamaru is now the strongest 😅,konahamaru is now the strongest
Naruto is lufing on the corner😂,naruto is lufing on the corner
"Guys we all watched the naruto show, and his goal was to become hokage which he did... bringing him back to a story that doesn't need him would be worse than not having him at all",guys we all watched the naruto show and his goal was to become hokage which he did bringing him back to a story that doesnt need him would be worse than not having him at all
"Himawary in the corner 

(Himawary) : yea sure😅",himawary in the corner himawary yea sure
Shibai otusuki laughing in corner,shibai otusuki laughing in corner
sasuke waving the OG flag,sasuke waving the og flag
Will have to make another one with Himawari soon lol,will have to make another one with himawari soon lol
yes but naruto disappeared from the series. My opinion is that Naruto should come back. 😢,yes but naruto disappeared from the series my opinion is that naruto should come back
Bro forgot shibai😂😂,bro forgot shibai
They had to nerf naruto so bad just so boruto could get some spotlight!,they had to nerf naruto so bad just so boruto could get some spotlight
1 urin sasuke ❤ boshqa hammasi kuchsiz sasuke yonida ❤,1 urin sasuke boshqa hammasi kuchsiz sasuke yonida
I get it’s borutos show and stuff and they gotta focus on him more than Naruto but cmon it’s crazy they kicked him out when he was where the show all started 😔,i get its borutos show and stuff and they gotta focus on him more than naruto but cmon its crazy they kicked him out when he was where the show all started
"Forgot about main characters like Naruto , kashin koji , isshiki , jura , himawari",forgot about main characters like naruto kashin koji isshiki jura himawari
Shibai otutsuki laughing at the corner,shibai otutsuki laughing at the corner
Baryon mod naruto?,baryon mod naruto
"Bros confidence 9.9
Bros knowledge 0.1",bros confidence 99 bros knowledge 01
Boruto number one,boruto number one
I thought Sauske was in a tree😭😭,i thought sauske was in a tree
Bro completely forgot about jura 💀,bro completely forgot about jura
Blud forgot about Shibai,blud forgot about shibai
"Madara was the the strongest character back then, and for me will be as it is forever",madara was the the strongest character back then and for me will be as it is forever
Jura premier,jura premier
Legends are not shown in the video,legends are not shown in the video
"For me It's impossible to forget ""the child of prosperity"", "" the copy ninja"", ""the yellow flash"", "" the hacker uchiha"",  ""the teleporter"", "" the god of genjutsu"". (Sorry if i missed any)",for me its impossible to forget the child of prosperity the copy ninja the yellow flash the hacker uchiha the teleporter the god of genjutsu sorry if i missed any
"Its make me sad , to not see Naruto 😭",its make me sad to not see naruto
But legend is Naruto old is gold 😢😢😢😢😢😢 🥇,but legend is naruto old is gold
Where is sarada Uchiha?,where is sarada uchiha
Man they nerfed Naruto in boruto,man they nerfed naruto in boruto
Shibai be like,shibai be like
"Who is this Daemon 
I think mitsuki supposed to be 3
Sasuke 2
While boruto 1",who is this daemon i think mitsuki supposed to be 3 sasuke 2 while boruto 1
Bro it's  so sad Naruto Uzumaki  and kurama  are kicked out  so whatever  baruto  does he will never  surpass  Naruto Uzumaki  the og the greatest of all time,bro its so sad naruto uzumaki and kurama are kicked out so whatever baruto does he will never surpass naruto uzumaki the og the greatest of all time
Where is Naruto uzumaki 😢,where is naruto uzumaki
"Boruto would still win against Daemon, even with his nasty ability.",boruto would still win against daemon even with his nasty ability
What episode the timeskip?,what episode the timeskip
The fact that they didn’t include Sarada..and actually even himawari,the fact that they didnt include saradaand actually even himawari
Naruto was just to strong I still watch Naruto to remember the hood old days,naruto was just to strong i still watch naruto to remember the hood old days
Notice how he did not say anything about the power of friendship ? Thats how he loses,notice how he did not say anything about the power of friendship thats how he loses
Just a reminder…. This show was about Ninjas originally 😂,just a reminder this show was about ninjas originally
Now I miss Madara he was the best 🥲,now i miss madara he was the best
I miss when Naruto has enemies with obvious weaknesses and level caps.,i miss when naruto has enemies with obvious weaknesses and level caps
This mf Naruto: I was like you before…,this mf naruto i was like you before
We really have become Dragon Ball at this point huh,we really have become dragon ball at this point huh
The Power scaling of the Naruto Series has gotten so ridiculous at this point😂,the power scaling of the naruto series has gotten so ridiculous at this point
"He is confident until he hear‘s 

„Hey, i heared you are pretty strong.“",he is confident until he hears hey i heared you are pretty strong
From Ninja to Alien God. Smh,from ninja to alien god smh
Sure he can see all potential futures...and in each he ends up like Yamcha,sure he can see all potential futuresand in each he ends up like yamcha
in the end we will learn that uzumaki was just another otsuski clan that hid on earth and instead of using their full name they changed it to uzumaki.,in the end we will learn that uzumaki was just another otsuski clan that hid on earth and instead of using their full name they changed it to uzumaki
It went from ninjas to gods whats next dragons,it went from ninjas to gods whats next dragons
Wait till he meets Saruto or Qaruto lol,wait till he meets saruto or qaruto lol
The best aspect about this is that it will be hard to powercreep even more and there will be no Sequel after this,the best aspect about this is that it will be hard to powercreep even more and there will be no sequel after this
he's basically God now😂😂😂😂,hes basically god now
I wish shibai is so transcendent and couldn't careless about his clan and what is happening.,i wish shibai is so transcendent and couldnt careless about his clan and what is happening
Another abilities besides that is that he can make waves just by moving his hand and he doesn't need a body to be alive,another abilities besides that is that he can make waves just by moving his hand and he doesnt need a body to be alive
Obviously he can be beat by the heart of the cards,obviously he can be beat by the heart of the cards
Look what they need to mimic a fraction of my power,look what they need to mimic a fraction of my power
He basically alien x,he basically alien x
"The crazy thing is that momoshiki said out of his mouth he knows all shinjutsu, but hasn’t told boruto how to counter any of them or used a single one. Makes him orochimaru 2.0",the crazy thing is that momoshiki said out of his mouth he knows all shinjutsu but hasnt told boruto how to counter any of them or used a single one makes him orochimaru 20
Can't wait to see this fight.,cant wait to see this fight
"He is Ywach's jr. They do the same thing but Ywach does more, but this is not beating Goku",he is ywachs jr they do the same thing but ywach does more but this is not beating goku
He look like nba young boy,he look like nba young boy
Im big fan of goku if he has so much power then its hard to defeat him,im big fan of goku if he has so much power then its hard to defeat him
You know you are so Goat that other's have to mention your name in thumbnail for views 🗿❤,you know you are so goat that others have to mention your name in thumbnail for views
"Ehh, I will just call Sailor Moon",ehh i will just call sailor moon
"can he see the 67th direction though?

that’s what i thought",can he see the 67th direction though thats what i thought
They made this show so lame now...,they made this show so lame now
"Shibai isn't an enemy, btw. He's supposed to be a plot device",shibai isnt an enemy btw hes supposed to be a plot device
Zeno- just fun😂😂😂😂😂,zeno just fun
I wonder if talk no jutsu would get reflected back on him since it’s Naruto’s  game ending attack every time. Shit is fatal.,i wonder if talk no jutsu would get reflected back on him since its narutos game ending attack every time shit is fatal
"You just heard the narator , can Goku create a universe , no he has all the power a God should have and more and now he has transcended just like rimuru, so i think he should be in the same shoe as rimuru and other stronger God",you just heard the narator can goku create a universe no he has all the power a god should have and more and now he has transcended just like rimuru so i think he should be in the same shoe as rimuru and other stronger god
so now he is 5d bro,so now he is 5d bro
Yeah the ending will be when they make a cut scene to hagoromo & the sage toad and the toad says “ and that’s the future I see”    The end,yeah the ending will be when they make a cut scene to hagoromo the sage toad and the toad says and thats the future i see the end
Yhwach and shibai 🤝,yhwach and shibai
bro is like way to op to the point that when he looses it’s gunna be to some bullshit and everyone gunna be mad,bro is like way to op to the point that when he looses its gunna be to some bullshit and everyone gunna be mad
"Goku fanatical fans be like
Goku can Beat Sun Wu Kong( the very person he is inspired by )😂😂😂😂😂",goku fanatical fans be like goku can beat sun wu kong the very person he is inspired by
"im listening to this and im thinking ""wtf are they going to do about him""",im listening to this and im thinking wtf are they going to do about him
He destroys goku badly that’s not even comparable even if we put them on the same level shibai hax are far too much for goku😭,he destroys goku badly thats not even comparable even if we put them on the same level shibai hax are far too much for goku
“Oh yeah let’s make universal and planetary level of strengths for a movie about ninjas”,oh yeah lets make universal and planetary level of strengths for a movie about ninjas
nah cuz goku can call zenosama,nah cuz goku can call zenosama
"Quick boys, tell him about the swing, SOMEBODY tell him about the swing",quick boys tell him about the swing somebody tell him about the swing
"Dragon ball power system runs on a simple logic which is if you're stronger than your opponent then hax is useless, it was said by whis in dbs manga . Example: Goku and freiza survived hakai which can destroy anything which belongs to mortal world so yeah he ain't doing anything to Goku. 


And also let's be real if this guy is an antagonist then how to you think baruto can defeat him , there must be some way so don't overrate someone without full context.",dragon ball power system runs on a simple logic which is if youre stronger than your opponent then hax is useless it was said by whis in dbs manga example goku and freiza survived hakai which can destroy anything which belongs to mortal world so yeah he aint doing anything to goku and also lets be real if this guy is an antagonist then how to you think baruto can defeat him there must be some way so dont overrate someone without full context
Maybe maybe not all depends on the conclusions of what happens inside situation,maybe maybe not all depends on the conclusions of what happens inside situation
CHEATING not supposed to be that overpowered 😊,cheating not supposed to be that overpowered
That’s OP like who fighting him?,thats op like who fighting him
"Shibai >> Goku

Easily 
Now Goku fans will bark",shibai goku easily now goku fans will bark
Yhwach on steroids 😭🙏🥀,yhwach on steroids
"While Goku at the start of DB Super was fighting Beerus their punches were about to Destroy the WHOLE universe, This clown would have 0 chance against serious Goku",while goku at the start of db super was fighting beerus their punches were about to destroy the whole universe this clown would have 0 chance against serious goku
Goku rn: beat me ?,goku rn beat me
"Goku  vs Shibai Ōtsutsuki would be a one-sided battle in favor of Shibai. While Goku has reached god-like levels with Ultra Instinct,  Shibai operates on a completely different plane of existence. He has transcended physical form, achieved true divinity through countless reincarnations, and wields shinjutsu—abilities that activate through mere thoughts or words, bypassing all conventional energy systems. Goku still relies on ki, speed, and technique, whereas Shibai is intangible, immortal, and immune to physical attacks. Even Goku’s most powerful moves like Hakai or True Ultra Instinct wouldn’t affect Shibai, who exists beyond time, space, and causality. In short, Goku can’t touch him, can’t sense him, and can’t defeat him. Shibai wins effortlessly. All the attacks that Goku mere think will be reflected on him, not mentionating the Omnipotence that can erase Goku instantly and Goku can't speedblitz Shibai because Shibai has no physical body and exists on a higher plane of reality. His powers activate through shinjutsu, which work instantly with gestures or words, bypassing time and space. Even if Goku is faster than light, he can't touch or interact with Shibai, who is intangible, immortal, and immune to physical attacks. Speed means nothing against someone who transcends causality and can erase existence with a thought.",goku vs shibai tsutsuki would be a onesided battle in favor of shibai while goku has reached godlike levels with ultra instinct shibai operates on a completely different plane of existence he has transcended physical form achieved true divinity through countless reincarnations and wields shinjutsuabilities that activate through mere thoughts or words bypassing all conventional energy systems goku still relies on ki speed and technique whereas shibai is intangible immortal and immune to physical attacks even gokus most powerful moves like hakai or true ultra instinct wouldnt affect shibai who exists beyond time space and causality in short goku cant touch him cant sense him and cant defeat him shibai wins effortlessly all the attacks that goku mere think will be reflected on him not mentionating the omnipotence that can erase goku instantly and goku cant speedblitz shibai because shibai has no physical body and exists on a higher plane of reality his powers activate through shinjutsu which work instantly with gestures or words bypassing time and space even if goku is faster than light he cant touch or interact with shibai who is intangible immortal and immune to physical attacks speed means nothing against someone who transcends causality and can erase existence with a thought
"""Hi, my name's Goku!🙂 I heard you're strong.😈"" 💀",hi my names goku i heard youre strong
"Miss when people were just Ninjas defending their villages. Was more relatable to people fighting for their countries. 

They should’ve made it in boruto that another great ninja war started since history repeats itself and Naruto or Sasuke died the same way tobirama did.",miss when people were just ninjas defending their villages was more relatable to people fighting for their countries they shouldve made it in boruto that another great ninja war started since history repeats itself and naruto or sasuke died the same way tobirama did
"I think the story will show that the creation and life cycle of the entire universe is due to the life cycle of the Otsutsuki. An Otsutsuki (call them a the progenitor of their own universe/reality), will eat enough Chakra fruit that they will evolve more and more, awakening more Dojutsu/evolving their Dojutsu and awakening (or just learning or even creating) more Shinjutsu, as well as causing their chakra pool to expand exponentially completely independent of their consuming of chakra fruit. That is until they awaken the Jogan as well as eventually awaken an astronomical chakra pool, at that point they use their astronomical chakra pool and Jogan to create their very own universe (shedding their old body, leaving it behind in the process), truly becoming the God of their own reality. This new universe is a training ground if you will for other Otsutsuki to do the same, to devour planets, become stronger, eat chakra fruit, evolve and eventually become their own God as well. So I don't think we will ever see Shibi Otsutsuki, he already fucked off and created is own reality that he is God of. I do think though that in order for Boruto to protect Earth from ever being devoured or targeted by the Otsutsuki that he will some how obtain enough chakra to use his Jogan to create a new universe, pulling the Earth and PureLands into it before sealing it off from all other Otsutsuki",i think the story will show that the creation and life cycle of the entire universe is due to the life cycle of the otsutsuki an otsutsuki call them a the progenitor of their own universereality will eat enough chakra fruit that they will evolve more and more awakening more dojutsuevolving their dojutsu and awakening or just learning or even creating more shinjutsu as well as causing their chakra pool to expand exponentially completely independent of their consuming of chakra fruit that is until they awaken the jogan as well as eventually awaken an astronomical chakra pool at that point they use their astronomical chakra pool and jogan to create their very own universe shedding their old body leaving it behind in the process truly becoming the god of their own reality this new universe is a training ground if you will for other otsutsuki to do the same to devour planets become stronger eat chakra fruit evolve and eventually become their own god as well so i dont think we will ever see shibi otsutsuki he already fucked off and created is own reality that he is god of i do think though that in order for boruto to protect earth from ever being devoured or targeted by the otsutsuki that he will some how obtain enough chakra to use his jogan to create a new universe pulling the earth and purelands into it before sealing it off from all other otsutsuki
When people say naruto is becoming like dragon ball they clearly dont know about boruto this why i think kaguya should have been a human along with her clan and she pulled an eve and ate the forbidden fruit,when people say naruto is becoming like dragon ball they clearly dont know about boruto this why i think kaguya should have been a human along with her clan and she pulled an eve and ate the forbidden fruit
"Soooo, no weakness. I wonder how Boruto is gonna handle this one.",soooo no weakness i wonder how boruto is gonna handle this one
"The thing Goku stans need to understand is, he is NOT as powerful as they make him out to be.
His ki is off the charts, competing with a destroyer god.
However, he folds to hax abilities. If not for a timely senzu bean, Hit would have killed him with a single attack, when Goku put the bounty on himself.
Most of Dragon Ball's power levels are from their energy output. You can destroy a moon with less than 1000, as demonstrated by Roshi in the OG series, using an energy blast, but nobody is trying to claim Roshi could shatter the moon to pieces with a single punch.
Take it a step later, when Goku is in the millions, and he struggles to off-load a chunk of rock that Frieza dropped on him. If only 1000 can bust a moon, why is more than a million struggling with so much less, unless there is a bias in the power level?",the thing goku stans need to understand is he is not as powerful as they make him out to be his ki is off the charts competing with a destroyer god however he folds to hax abilities if not for a timely senzu bean hit would have killed him with a single attack when goku put the bounty on himself most of dragon balls power levels are from their energy output you can destroy a moon with less than 1000 as demonstrated by roshi in the og series using an energy blast but nobody is trying to claim roshi could shatter the moon to pieces with a single punch take it a step later when goku is in the millions and he struggles to offload a chunk of rock that frieza dropped on him if only 1000 can bust a moon why is more than a million struggling with so much less unless there is a bias in the power level
loved it back when madara was the strongest enemy.,loved it back when madara was the strongest enemy
"The power creep was too crazy only gods can surpass them.

Let me guess next, they will make some space ship and go to other planets?",the power creep was too crazy only gods can surpass them let me guess next they will make some space ship and go to other planets
"His a god, so yes!",his a god so yes
Talk Nojutsu about be peak content 😁,talk nojutsu about be peak content
"""I have Heard you are strong""",i have heard you are strong
Source: Trust me bro.,source trust me bro
Goku wished he has this much aura when shibai hasn’t even been revealed 😭,goku wished he has this much aura when shibai hasnt even been revealed
Otsusuki Shibai vs Super Tengen Toppa Guren Lagann when,otsusuki shibai vs super tengen toppa guren lagann when
"Just call Saitama, the freelance hero. He’d deal with this Shibai dude, but you gotta buy some groceries for him in exchange.",just call saitama the freelance hero hed deal with this shibai dude but you gotta buy some groceries for him in exchange
What I’m getting at is the creator just wanted 1 person to have all the power,what im getting at is the creator just wanted 1 person to have all the power
Looks like we need a nother anime to defeat this dud. I already have a idea but i am too young to do it😢,looks like we need a nother anime to defeat this dud i already have a idea but i am too young to do it
Bro the power of friendship will take him out,bro the power of friendship will take him out
always remember  he become god  not born as god 😏,always remember he become god not born as god
"Do you think he can beat zeno, grand priest",do you think he can beat zeno grand priest
He is still not immune to Talk no jutsu,he is still not immune to talk no jutsu
Lmao Momoshiki soloes this space Alien,lmao momoshiki soloes this space alien
they just giving out powers atp,they just giving out powers atp
"Big Bore can still defeat him, after he spends two years in the Hyper Burger-Eating Dine Chamber.",big bore can still defeat him after he spends two years in the hyper burgereating dine chamber
He can turn goku into youcha and it's over,he can turn goku into youcha and its over
Is Shibai universal lvl at this point 😂,is shibai universal lvl at this point
I miss when scrolls were useful,i miss when scrolls were useful
Here's a senju bean...,heres a senju bean
"So good that all this all powerful beings appear in order of strenght, do you guys think the guy that is more powerful than this one is just waiting in line, number in had, waiting to show up once the power of friendship and a mecha-ninja with lasers, teletransportation and time travel powers defeats this one? At this point each villain is just like playing superhero when you where a child ""I shoot you with invisible killing laser"" - ""nah ah, I have an invisible killer laser shield""",so good that all this all powerful beings appear in order of strenght do you guys think the guy that is more powerful than this one is just waiting in line number in had waiting to show up once the power of friendship and a mechaninja with lasers teletransportation and time travel powers defeats this one at this point each villain is just like playing superhero when you where a child i shoot you with invisible killing laser nah ah i have an invisible killer laser shield
Op corniness,op corniness
I think if he met Goku he’d see every outcome leads to him losing to some over hand or some op bs frfr,i think if he met goku hed see every outcome leads to him losing to some over hand or some op bs frfr
"Yeah plot and ""power of friendship"" says otherwise",yeah plot and power of friendship says otherwise
"Cringe how people are still crying ""This was about ninjas"" when the first episode was a giant fox killing everyone. 
It really shows they know nothing about the series and Boruto.",cringe how people are still crying this was about ninjas when the first episode was a giant fox killing everyone it really shows they know nothing about the series and boruto
Goku Super Saiyan is all he needs for the entire Naruto/Boruto verse.,goku super saiyan is all he needs for the entire narutoboruto verse
Uzumaki is the reason why they seald,uzumaki is the reason why they seald
This low key kills the whole naruto plot because if man can see everything in past and present and can travel anywhere y is this man just letting everything go to hell for him and his team...,this low key kills the whole naruto plot because if man can see everything in past and present and can travel anywhere y is this man just letting everything go to hell for him and his team
so basically the Yhwach of the boruto verse,so basically the yhwach of the boruto verse
What about Kamui's dimension,what about kamuis dimension
Shibai looking into the future meanwhile Goku speedblitz,shibai looking into the future meanwhile goku speedblitz
Final   fight god vs Naruto /baruto / and all the top fighters 🎉 can’t wait plot just taken to long to build about time Naruto come back he will b around the same age as his son that mean we will get to see a lot of cool fights and team ups,final fight god vs naruto baruto and all the top fighters cant wait plot just taken to long to build about time naruto come back he will b around the same age as his son that mean we will get to see a lot of cool fights and team ups
Shibai destroys the DB verse.😂😂,shibai destroys the db verse
Ofc yes as he deflects the attacks and can directly hit the most powerful attack of goku at the point(eg like hidan),ofc yes as he deflects the attacks and can directly hit the most powerful attack of goku at the pointeg like hidan
What if hiddan's Evil GoD did 1v1 with him 😅,what if hiddans evil god did 1v1 with him
The almighty,the almighty
He can make goku want to rather die than to fight him...so yes...its op and he doesn't even have to fight him...,he can make goku want to rather die than to fight himso yesits op and he doesnt even have to fight him
Goku be like Super Saiyan God finish 😂😂😂😂,goku be like super saiyan god finish
"I'm waiting to see how he is going to be beaten
Is it possible?",im waiting to see how he is going to be beaten is it possible
"Madara : ""Wake Up To Reality""",madara wake up to reality
Bro's in Itachi's genjustue....,bros in itachis genjustue
Wait a second hashirama is in 20😂😂😂,wait a second hashirama is in 20
Kaguya at 10 is crazy just cuz of her abilities,kaguya at 10 is crazy just cuz of her abilities
"Jinwoo in the distance: “kakashi madara, kaguya. Arise”",jinwoo in the distance kakashi madara kaguya arise
Where is might guy in the list 😢,where is might guy in the list
Hashirama in 20  and💀💀💀 kakashi in 19 is that mean Kakashi can defeat Hashirama💀💀💀,hashirama in 20 and kakashi in 19 is that mean kakashi can defeat hashirama
Pretty good I have some disagreements but very good rating,pretty good i have some disagreements but very good rating
Where is Jura,where is jura
Bro where jura,bro where jura
Where is yellow flash😢😢😢,where is yellow flash
Kaguya on 10th😵‍💫😭,kaguya on 10th
Naruto baryon mode☠️,naruto baryon mode
Naruto at 7 is crazy 😂😂😂😂😂,naruto at 7 is crazy
Sasuke in  12 and Naruto in 7??????,sasuke in 12 and naruto in 7
Only Otsusuki ?,only otsusuki
Bro forgot jura,bro forgot jura
Quem organizou esta lista estava louco,quem organizou esta lista estava louco
Eida should be higher because her eye I forget what it's called,eida should be higher because her eye i forget what its called
The top is correct but where is Jura ?!,the top is correct but where is jura
Where is ramen guy😢,where is ramen guy
"who tf is deamon, eida and code NL bro i miss old naruto",who tf is deamon eida and code nl bro i miss old naruto
Bro I think you are new in Naruto and in boruto,bro i think you are new in naruto and in boruto
How is Eida stronger than Naruto baryon mode,how is eida stronger than naruto baryon mode
Ninjas no more need to train in this accursed world if the plot wants u you will be having colourful eye with different abilities,ninjas no more need to train in this accursed world if the plot wants u you will be having colourful eye with different abilities
WHERE MINATO NAMIKAZE?,where minato namikaze
Where is jura?,where is jura
Kakashi over Hashirama is wild 😂,kakashi over hashirama is wild
"Bro Naruto,sasuke ,kaguya,kawaki,boruto,might guy,obito,hashirama,Haguromo are top10. Never let him rank",bro narutosasuke kaguyakawakiborutomight guyobitohashiramahaguromo are top10 never let him rank
Why the ten tails kinda..,why the ten tails kinda
Might guy sliming in corner😂😂😂 never let bro rank againg,might guy sliming in corner never let bro rank againg
Bro forget shizus,bro forget shizus
What a fool you are!😂😂😂,what a fool you are
"Admin father counter 
               👇🏻",admin father counter
This is a really good list ngl,this is a really good list ngl
Where is itachi,where is itachi
Jura laughing in the corner ☠️,jura laughing in the corner
What is this where is jirya and i have some disaggrement but ok,what is this where is jirya and i have some disaggrement but ok
Where is Zabuja😢😢😢,where is zabuja
Confident such interesting confident but what about knowledge 🤔🤔😂,confident such interesting confident but what about knowledge
"What?  Where is Himawari?★
And Naruto is 7  it’s very crazy and how Kawaki is over Deamon? 😅",what where is himawari and naruto is 7 its very crazy and how kawaki is over deamon
bro watched naruto and boruto on shorts,bro watched naruto and boruto on shorts
"Kaguya 10!? Eida 6!? Code 8!? What the hell, bro? Kaguya 2-4 places. So, in your opinion Eida>Code>Kaguya!? Bro, you did good ragebyte me",kaguya 10 eida 6 code 8 what the hell bro kaguya 24 places so in your opinion eidacodekaguya bro you did good ragebyte me
Never let bro rank again indra before obito is crazy...,never let bro rank again indra before obito is crazy
(ten tails sitting in the back......),ten tails sitting in the back
Who is shibai,who is shibai
Wait where is itachi😂😂😂,wait where is itachi
Kakashi and itachi,kakashi and itachi
but indira ashura hagoromo hamura kaguya and momoshiki can defeat eida they are not affected by her omnipotence,but indira ashura hagoromo hamura kaguya and momoshiki can defeat eida they are not affected by her omnipotence
Wait why is kakashi higher than Hashirama,wait why is kakashi higher than hashirama
Kawaki súper sobre valorado,kawaki sper sobre valorado
I thought you don't see naruto and brouto anime,i thought you dont see naruto and brouto anime
Where is jura and hidari,where is jura and hidari
"Sasuke>>kaguya/momo
dms>indra/ashura
toneri>kaguya/hamura/hagoromo
+ many characters that can beat hashi incl guy, mitsuki, sarada etc hima too in future way stronger.",sasukekaguyamomo dmsindraashura tonerikaguyahamurahagoromo many characters that can beat hashi incl guy mitsuki sarada etc hima too in future way stronger
What abt himawari bruh 😢,what abt himawari bruh
Where Itachi might guy jura,where itachi might guy jura
Bro is dreaming Madara is the 2nd strongest character in Naruto and Boruto Shippuden,bro is dreaming madara is the 2nd strongest character in naruto and boruto shippuden
Where is pain,where is pain
"Hagurmo was in madara level without the ten tails 
You should count him with it he prob surpasse kaguia",hagurmo was in madara level without the ten tails you should count him with it he prob surpasse kaguia
Eida is more stronger than Naruto!?,eida is more stronger than naruto
Kkkkkkkkkkkkkakashi 19!?,kkkkkkkkkkkkkakashi 19
Madara and sasuke 13 and 12😂😂😂😂😂😂😂😂😂😂😂😂😂😅,madara and sasuke 13 and 12
All correct 🎉,all correct
Wth list is wrong,wth list is wrong
Did you watch Naruto from shorts,did you watch naruto from shorts
Naruto is the second😢,naruto is the second
You don't know Boruto ability and Naruto and susule,you dont know boruto ability and naruto and susule
Honestly bro i read your comments and your like replaying to everything if i was you i would have skipped it and not getting toxic on kids im not being disrespectful or anything just dont waste time on haters or the guys that doesnt agree 😅 👍,honestly bro i read your comments and your like replaying to everything if i was you i would have skipped it and not getting toxic on kids im not being disrespectful or anything just dont waste time on haters or the guys that doesnt agree
It's isn't real,its isnt real
Why kaguya so low,why kaguya so low
narutos 1 hashiramas top 10 and madara kakasi obito and minto saske kagya  hagarmo and shibai are the top ten,narutos 1 hashiramas top 10 and madara kakasi obito and minto saske kagya hagarmo and shibai are the top ten
Where is sarada,where is sarada
Where is Sakura 😂,where is sakura
Naruto Baryon Mode should be at no.2,naruto baryon mode should be at no2
Madara at 10th place? but he is,madara at 10th place but he is
I miss when this series was actually about ninja. The Sci fi alien shit fucked up the lore man,i miss when this series was actually about ninja the sci fi alien shit fucked up the lore man
This video is fake,this video is fake
What   hashirsma 20 at less  top 5😢😢😢,what hashirsma 20 at less top 5
Madara at 4😊😊,madara at 4
"According to Chatgpt 
1. Kayuga otsutsuki
2.isshiki otsutsuki
3.Naruto uzumaki (the strongest version in his peak) 
4.sasuke uchiha (the strongest version in his peak)
5. Momoshiki otsutsuki
6.Boruto uzumaki in his prime and peak 
7.Hogoromo otsutsuki
8.Hashirama in his peak and prime
9. Madara Uchiha in his peak and prime
10. Obito uchiha",according to chatgpt 1 kayuga otsutsuki 2isshiki otsutsuki 3naruto uzumaki the strongest version in his peak 4sasuke uchiha the strongest version in his peak 5 momoshiki otsutsuki 6boruto uzumaki in his prime and peak 7hogoromo otsutsuki 8hashirama in his peak and prime 9 madara uchiha in his peak and prime 10 obito uchiha
All right bro but deamon >>kawaki and boruto you can search it anywhere,all right bro but deamon kawaki and boruto you can search it anywhere
Hasirama is stronger then kakashi😂 also where is minato,hasirama is stronger then kakashi also where is minato
Where is Sasuke?,where is sasuke
Joke this editor is a joke hashirama 20 yeah?😅😂😂😂,joke this editor is a joke hashirama 20 yeah
"i think Kurama was created by Hogoromo right? and with Kurama Naruto is above him. What kind of scaling are you based on. and Tentails has infinite chakra and compared to Baryon mode and it can make its host nearly unkillable. I argue Kaguya, Hogoromo, Madara >> sasuke, Code NL, momoshiki naruto",i think kurama was created by hogoromo right and with kurama naruto is above him what kind of scaling are you based on and tentails has infinite chakra and compared to baryon mode and it can make its host nearly unkillable i argue kaguya hogoromo madara sasuke code nl momoshiki naruto
"naruto 7

isshiki 5 

bro naruto is defeat isshiki",naruto 7 isshiki 5 bro naruto is defeat isshiki
kaguya rank higer then momoshiki and code,kaguya rank higer then momoshiki and code
Actually naruto baryon mode surpasses all,actually naruto baryon mode surpasses all
Meu mn que tier list merda parabens conseguio errar todos,meu mn que tier list merda parabens conseguio errar todos
Naruto bryon mode below eshiki is crazy,naruto bryon mode below eshiki is crazy
You Fool Editor 🤡🤡 Madara is The Strongest uchiha 🗿🗿,you fool editor madara is the strongest uchiha
"BM Naruto > eida, Isshiki, kawaki",bm naruto eida isshiki kawaki
Bro watching boruto from reels,bro watching boruto from reels
I don’t think this guy really knows Boruto,i dont think this guy really knows boruto
bro did you even read boruto?,bro did you even read boruto
Bro do you even know how much powerful Boruto is rn ? 💀,bro do you even know how much powerful boruto is rn
Why is Eida here?,why is eida here
i love this song and the edit is amazingp ls tell song name,i love this song and the edit is amazingp ls tell song name
Boruto littery moved so quick he was standing on code and he's stronger than naruto he's stronger than daemon,boruto littery moved so quick he was standing on code and hes stronger than naruto hes stronger than daemon
Jigen was OP when he showed up and a certified aura farmer😎😌,jigen was op when he showed up and a certified aura farmer
Is the boruto two vortex is the end of that first a normal ninjutso now we have that good of otsutsuki,is the boruto two vortex is the end of that first a normal ninjutso now we have that good of otsutsuki
Jura is the second strongest behind shibai😂  kashin koji confirmed that he’s the strongest threat they’ve ever faced.,jura is the second strongest behind shibai kashin koji confirmed that hes the strongest threat theyve ever faced
What is this song,what is this song
"Daemon be like 
Eat 5 Star and do nothing 
Kabhi kuch na karke to dekho 😂",daemon be like eat 5 star and do nothing kabhi kuch na karke to dekho
the demo is stronger than the shibai because if the shiba tries to use an attack inside it dies instantly,the demo is stronger than the shibai because if the shiba tries to use an attack inside it dies instantly
Falta himawari uzumaki ?!,falta himawari uzumaki
Ain't no way that bum code is higher than Sarada and Eida,aint no way that bum code is higher than sarada and eida
"I'm not a manga reader , some people say jougan is the strongest eye, so are there feats to back this up in manga? i dont know but it kinda feels that boruto will be the strongest if he masters it after shibai",im not a manga reader some people say jougan is the strongest eye so are there feats to back this up in manga i dont know but it kinda feels that boruto will be the strongest if he masters it after shibai
Source: Trust me bro 😂,source trust me bro
Shibai a literal cuss word,shibai a literal cuss word
Baryon mode isnt in 2 blue vortex,baryon mode isnt in 2 blue vortex
Where is Sasuke,where is sasuke
Bro you forget borushiki with jougan,bro you forget borushiki with jougan
Very powerful and storang💪🏻💪🏻💪🏻💪🏻💪🏻💪🏻💪🏻💪🏻👍🏻👍🏻👍🏻👍🏻👍🏻🤛🏻🤛🏻👍🏻😯😯😯,very powerful and storang
Where is momoshiki,where is momoshiki
I didn't know daemon was that strong,i didnt know daemon was that strong
Ishiki vs jura plz plz plz plz plz,ishiki vs jura plz plz plz plz plz
"Deamon be like 
Eat 5star do nothing 😁😁😁",deamon be like eat 5star do nothing
Bro Daemon is fraud confirmed in chapter 28 😂😂😂😂😂,bro daemon is fraud confirmed in chapter 28
Mano se Daemon fosse tão forte assim jura já estava morte,mano se daemon fosse to forte assim jura j estava morte
Bro should know about Manga,bro should know about manga
Code bat isshiki sans limiteurs et jura bat code limiteur alors changé isshikinet jura il est où mamushi,code bat isshiki sans limiteurs et jura bat code limiteur alors chang isshikinet jura il est o mamushi
Wait till Himawari blooms 😂,wait till himawari blooms
Hidari? Jigen?,hidari jigen
"Nice video but 
Jura is the strongest except from Shibai 

Shibai 
Jura
Current Kawaki or Daemon
Baryon mode Naruto/Boruto 
Ishikki 
Hidari/Mamushi 
Sarada 
Eida
Ryu/Matsuri 
Code",nice video but jura is the strongest except from shibai shibai jura current kawaki or daemon baryon mode narutoboruto ishikki hidarimamushi sarada eida ryumatsuri code
Isiki kaha ce a geya vo to mar cuka hai,isiki kaha ce a geya vo to mar cuka hai
Isshiki has the level of code un unlimited,isshiki has the level of code un unlimited
Where hima bruhh are you watch in reel,where hima bruhh are you watch in reel
"Bro this anime is called baruto  for a reason,why would be called baruto if baruto in sixth place,do you really watch baruto",bro this anime is called baruto for a reasonwhy would be called baruto if baruto in sixth placedo you really watch baruto
I mean it says that daemon and Eid’s power don’t work against Boruto and kawaki and Boruto has been confirmed to be stronger than BM Naruto i mean I love Naruto but I listen to the facts my guy,i mean it says that daemon and eids power dont work against boruto and kawaki and boruto has been confirmed to be stronger than bm naruto i mean i love naruto but i listen to the facts my guy
"you forgot no 2, is orochimaru",you forgot no 2 is orochimaru
"Where is hagoromo
Because he is stronger than naruto in bm?",where is hagoromo because he is stronger than naruto in bm
What a buns list lol,what a buns list lol
daemon not two powerful,daemon not two powerful
"Bro boruto can one shot naruto baryon mode with his karma,jougan and full power rasengan uzuhiko and he can one shot isshiki",bro boruto can one shot naruto baryon mode with his karmajougan and full power rasengan uzuhiko and he can one shot isshiki
Bro what the ...,bro what the
But eida literally switched boruto and kawaki 😅,but eida literally switched boruto and kawaki
Bro where sasuke,bro where sasuke
"1st shibai otsutsuki
2nd boruto (in manga)",1st shibai otsutsuki 2nd boruto in manga
Meanwhile saruto solo whole Naruto Boruto,meanwhile saruto solo whole naruto boruto
Boruto  : You are not see the my jogun  and karna power,boruto you are not see the my jogun and karna power
Eida pi red que momoshiki😅,eida pi red que momoshiki
Bro lerned boruto from Disney land,bro lerned boruto from disney land
Jura second,jura second
all are perfect but daemon should be lower than jura and boruto,all are perfect but daemon should be lower than jura and boruto
"Top 10 atualmente do Boruto Two Blue Vórtex

1- Shibai Otsutsuki
2- Daemon Otsutsuki
4- Boruto Otsutsuki, Jura (10 Caldas) e depois o Kawaki Uzumaki/Otsutsuki
5- Sarada Uchiha (Mangekyou Sharingan Oohirume) ""A Deusa do Sol e do Amaterasu"" e depois Shinju Hidari
6- Ada/Eida Otsutsuki, Shinju Matsuri e depois Shinju Ryo
7- Code
8- Delta
9- Sakura Uchiha
10- Shinju Mamushi, Kashin Koji, Mitsuki e depois Himawari",top 10 atualmente do boruto two blue vrtex 1 shibai otsutsuki 2 daemon otsutsuki 4 boruto otsutsuki jura 10 caldas e depois o kawaki uzumakiotsutsuki 5 sarada uchiha mangekyou sharingan oohirume a deusa do sol e do amaterasu e depois shinju hidari 6 adaeida otsutsuki shinju matsuri e depois shinju ryo 7 code 8 delta 9 sakura uchiha 10 shinju mamushi kashin koji mitsuki e depois himawari
Ce classement est faut,ce classement est faut
Why is Eida on this list. Where is Himawari? Lol,why is eida on this list where is himawari lol
Do you know boruto,do you know boruto
R u I’ll ? Wrong,r u ill wrong
"Momoshiki stronger than Jura and boruto, we can seen that on chapter 105, because we have not seen momoshiki reniggen hax",momoshiki stronger than jura and boruto we can seen that on chapter 105 because we have not seen momoshiki reniggen hax
Boruto tiene el ojo de shibai,boruto tiene el ojo de shibai
"Shibai, Jura, Mamushi, Daemon, Naruto BM, Boruto, Kawaki",shibai jura mamushi daemon naruto bm boruto kawaki
BM Naruto was not in two blue vortex,bm naruto was not in two blue vortex
Hey I think that you're wrong boruto should be number one and where is himawari,hey i think that youre wrong boruto should be number one and where is himawari
bro literally move borate and jura above Naruto,bro literally move borate and jura above naruto
bro daemon got wasted fighting clones u ranked him higher than bm naruto and boruto ?what type of drugs do u consume,bro daemon got wasted fighting clones u ranked him higher than bm naruto and boruto what type of drugs do u consume
Bro did you even see  boruto  ?,bro did you even see boruto
"bro, this guy must've read like the first volume or something. The first six are top 6 not 10",bro this guy mustve read like the first volume or something the first six are top 6 not 10
"My opinion about top 10 in Boruto verse:

1. yes, Shibai
2. Naruto BM(unlimited version stronger Isshiki) but Naruto used this mod when Isshiki had 3 days before death, I think if Naruto BM had more time than 10 minutes he splashed Ishhiki
3. Isshiki Ootsutsuki and Daemon (who can win, undefined and hard question for me, we can’t see this battle, and didn’t see)

4. Jura
5. Hagoromo
6. Momoshiki and Codo
7. Eida
8. Sasuke 
9. Kinshiki
10. Urashiki",my opinion about top 10 in boruto verse 1 yes shibai 2 naruto bmunlimited version stronger isshiki but naruto used this mod when isshiki had 3 days before death i think if naruto bm had more time than 10 minutes he splashed ishhiki 3 isshiki ootsutsuki and daemon who can win undefined and hard question for me we cant see this battle and didnt see 4 jura 5 hagoromo 6 momoshiki and codo 7 eida 8 sasuke 9 kinshiki 10 urashiki
"Naruto be like, i third place kawaki, you are 7th place,dont need you to protect me, i aint a babie",naruto be like i third place kawaki you are 7th placedont need you to protect me i aint a babie
"Where is sasuke 
Don't tell me that you think sarada is stronger than sasuke",where is sasuke dont tell me that you think sarada is stronger than sasuke
Deomon çok önde İşki ve BM Naruto ondan daha güçlü Deomonu fazla abartıyorsun ve Sasuke nerde o eida ve saradadan code güçlü,deomon ok nde iki ve bm naruto ondan daha gl deomonu fazla abartyorsun ve sasuke nerde o eida ve saradadan code gl
Swap isshiki and bm naruto with boruto and kawaki,swap isshiki and bm naruto with boruto and kawaki
When u read Boruto from the McDonald's menu,when u read boruto from the mcdonalds menu
Team momoshiki before isshiki and after jura,team momoshiki before isshiki and after jura
Daemon deserve no 8 place,daemon deserve no 8 place
"1 shibai
2 deamon hax only 
3 jura he scale above kawaki
4 kawaki prefect vessel + shibai cell amp so he is stronger than isshiki who had 30% etc
5 boruto hax also scale to kawaki while karma
6 isshiki he is outlast bm naruto 
7 bm naruto fodder
8 sarada hax also killed shinju stronger than code nl
9 eida hax only and she can beat naruto.
10 code nl stronger than jigen",1 shibai 2 deamon hax only 3 jura he scale above kawaki 4 kawaki prefect vessel shibai cell amp so he is stronger than isshiki who had 30 etc 5 boruto hax also scale to kawaki while karma 6 isshiki he is outlast bm naruto 7 bm naruto fodder 8 sarada hax also killed shinju stronger than code nl 9 eida hax only and she can beat naruto 10 code nl stronger than jigen
Do you even know the power of Boruto uzumaki (The ghost of uzumaki),do you even know the power of boruto uzumaki the ghost of uzumaki
In boruto tbv Naruto Sasuke and Hinata are sealed,in boruto tbv naruto sasuke and hinata are sealed
Boruto at home ahh😂,boruto at home ahh
Including bm Naruto is wrong because it is simply 5 minute power up,including bm naruto is wrong because it is simply 5 minute power up
"Bro,you you don't know nothing about the power all character properly.",broyou you dont know nothing about the power all character properly
I read boruto Blue Vortex manga and you are completly wrong With this ranking,i read boruto blue vortex manga and you are completly wrong with this ranking
NAH LIKE NARUTO BARYON MODE IS DEFINETLY NOT STRONGER THEN JURA,nah like naruto baryon mode is definetly not stronger then jura
"1. Shibai
2. Daemon
3. Jura
4. Kawaki
5. Boruto
6. Sarada
7. Bm naruto
8. Isshiki
9. Eida
10. Code
Currently",1 shibai 2 daemon 3 jura 4 kawaki 5 boruto 6 sarada 7 bm naruto 8 isshiki 9 eida 10 code currently
Bro did not watch Boruto nor read two blue vortex 😅,bro did not watch boruto nor read two blue vortex
He is conpletely right naruto almost died because of ishiki boruto is strong but his not stronger then bm naruto and ishiki sarada can control black holes but its not stronger then eida even though she killed ruy and daemon is very strong please no hate its my opinion🙏😭,he is conpletely right naruto almost died because of ishiki boruto is strong but his not stronger then bm naruto and ishiki sarada can control black holes but its not stronger then eida even though she killed ruy and daemon is very strong please no hate its my opinion
Shibai is no 1 anime character now 😢😢goku at no 2 guys😢😢😢😢😢😢,shibai is no 1 anime character now goku at no 2 guys
Demon is trash all you have to do is not be at melee range and you’re good plus ishiki and barion mode Naruto is from boruto not boruto two blue vortex it’s a difrent series,demon is trash all you have to do is not be at melee range and youre good plus ishiki and barion mode naruto is from boruto not boruto two blue vortex its a difrent series
"Shibai
Isshiki
Jura
Boruto
Daemon
Kawaki
BM Naruto
Momo
Sarada
Code

U can interchange Jura and Isshiki, but personally until I see Jura 2v1 imma have to give the edge to Isshiki slightly. Jura has a higher ceiling, we are in fact comparing a being that’s at the very least a couple centuries old to a being that is a couple days old😂 

There’s prob an argument in there for code, Sarada, and Momo at this point. But I don’t believe a no limit code, that was stated to be above jigen level, beats all 5 kage + Sasuke. Nor does Sarada. Once again we are talking about a being with centuries of battle experience. Code has a karma, so I do understand he has the same thing… with that being said, if you wanna go that route he may be stronger than Sarada still. For now😂😂",shibai isshiki jura boruto daemon kawaki bm naruto momo sarada code u can interchange jura and isshiki but personally until i see jura 2v1 imma have to give the edge to isshiki slightly jura has a higher ceiling we are in fact comparing a being thats at the very least a couple centuries old to a being that is a couple days old theres prob an argument in there for code sarada and momo at this point but i dont believe a no limit code that was stated to be above jigen level beats all 5 kage sasuke nor does sarada once again we are talking about a being with centuries of battle experience code has a karma so i do understand he has the same thing with that being said if you wanna go that route he may be stronger than sarada still for now
Pov: You watch Naruto from Yt shorts,pov you watch naruto from yt shorts
"code I am strongest
Boruto: rasengan uzuhiko🗿🗿🗿🗿🗿🗿🗿🗿🗿",code i am strongest boruto rasengan uzuhiko
"Daemon folds code ""without LIMITERS"" with ease😎",daemon folds code without limiters with ease
Code is literally boruto's stepping stool,code is literally borutos stepping stool
Daemon literally stomped Code in the manga.,daemon literally stomped code in the manga
"Daemon be like: ""Can i kill him, Sis ??""
**Daemon proceeds to kill the video creator**",daemon be like can i kill him sis daemon proceeds to kill the video creator
"""If he gets screen time"" GOT ME LAUGHING AS HELL 😂😂",if he gets screen time got me laughing as hell
"POV: ""I Watched Boruto From Shortruto""",pov i watched boruto from shortruto
Pov:you hit your head and got mixed up with stuff,povyou hit your head and got mixed up with stuff
"Pov: you watched saruto






Mom I'm famous! Thx for the likes",pov you watched saruto mom im famous thx for the likes
"*After reading the latest chapter
Me: Where the hell is Daemon",after reading the latest chapter me where the hell is daemon
Daemon and Shibai otsutsuki left the chat💀🗿,daemon and shibai otsutsuki left the chat
Rock lee finally got the respect he deserved!,rock lee finally got the respect he deserved
Daimon : let me in,daimon let me in
*POV* you search from Google because you didn't watched anime:,pov you search from google because you didnt watched anime
Daemon sobbing in the corner of shame:,daemon sobbing in the corner of shame
"Momoshiki and kakashi left the chat
Good way to get more comments",momoshiki and kakashi left the chat good way to get more comments
"""And i start thinking.., What the fvck""",and i start thinking what the fvck
Damn bro boruto stepped on code's face,damn bro boruto stepped on codes face
Bro did you forgot eida small brother,bro did you forgot eida small brother
Istg Code is so fvcking handsome if only he wasn't a villain😭😭,istg code is so fvcking handsome if only he wasnt a villain
"Killer bee fr underrated, don’t go forgetting the goat",killer bee fr underrated dont go forgetting the goat
Daemon stomps a of them here apart from elda🤣🤣,daemon stomps a of them here apart from elda
Daemon: okay,daemon okay
"Daimon be like ""Fine I'll do it nyself""",daimon be like fine ill do it nyself
Kawashiki laughing in the background with a hoodie,kawashiki laughing in the background with a hoodie
"Meanwhile daemon

Let me introduce  myself",meanwhile daemon let me introduce myself
"Daemon: ""WAKE UP TO REALITY""",daemon wake up to reality
Daemon: *disappears from reality*,daemon disappears from reality
"""I, Madara, declare you the strongest""",i madara declare you the strongest
letterly watching from yt 🤦‍♂️🤦‍♂️,letterly watching from yt
This is the man who is watching Naruto from YouTube short video. 🤣🤣,this is the man who is watching naruto from youtube short video
Daimon bein' like : I'm gonna put some durt in your eyes,daimon bein like im gonna put some durt in your eyes
Me:How manny caps do you’re wannt        Them: yes,mehow manny caps do youre wannt them yes
"Number 0.1 daemon 🤓 it will be interesting when he'll fight somone good like naruto, sasuke, boruto etc",number 01 daemon it will be interesting when hell fight somone good like naruto sasuke boruto etc
"Pov: Kurama :I am returning  Naruto wait for me,

Naruto becomes .baryon mode,now I am 1st",pov kurama i am returning naruto wait for me naruto becomes baryon modenow i am 1st
Daemon: “Am I a joke to ya??!!”,daemon am i a joke to ya
Himawari says lock on and kills code,himawari says lock on and kills code
"When u watch naruto/boruto from reels : 
(If its not bout blue two vortex it's okay)",when u watch narutoboruto from reels if its not bout blue two vortex its okay
Waiting for the day Code destroy  everything 🔥🔥🔥,waiting for the day code destroy everything
POV:you watch anime from Yt shorts,povyou watch anime from yt shorts
Hmmm they are taking my infinity  tyuskoyomi in joke i think i should end it,hmmm they are taking my infinity tyuskoyomi in joke i think i should end it
shibai left the chat,shibai left the chat
"Bro watched fan animations
🤣🤣",bro watched fan animations
"Where's Eida's brother,Daemon he can repel any attack 10 times stronger so he definitely needs to be top 5 and Eida power is overrated, all she can do is see anything in the past and see everything gusts young on in the world right now so it dosent really seem like she can win a fight against someone with that, unless she can actually fight, but Daemon really needs to be here",wheres eidas brotherdaemon he can repel any attack 10 times stronger so he definitely needs to be top 5 and eida power is overrated all she can do is see anything in the past and see everything gusts young on in the world right now so it dosent really seem like she can win a fight against someone with that unless she can actually fight but daemon really needs to be here
"Where's kakashi, he's still super strong. the only thing he lost was sharingan and that wasn't the source of his power like kuruma was",wheres kakashi hes still super strong the only thing he lost was sharingan and that wasnt the source of his power like kuruma was
daemon left the chat,daemon left the chat
Jigen : So am joke to you Where I am I can Break Sasuke's susano and I chopped kurama's head but he still dead early than my chopp,jigen so am joke to you where i am i can break sasukes susano and i chopped kuramas head but he still dead early than my chopp
In manga.. God Otutsuki is the strongest among all,in manga god otutsuki is the strongest among all
Kawaki should be on first like he makes code run from him in manga,kawaki should be on first like he makes code run from him in manga
Bro boruto solo list alone 💀😂,bro boruto solo list alone
Where’s Damon,wheres damon
Enough screentime lmao 😂😂,enough screentime lmao
Kaguya : how about me ? I am still alive,kaguya how about me i am still alive
"Damon: It doesn't matter who's in second or third place... Wait, am I above the top spot?",damon it doesnt matter whos in second or third place wait am i above the top spot
kawaki be like : R u comdey me ?!?!!,kawaki be like r u comdey me
99% of this video be like im am🧢,99 of this video be like im am
Daemon laughing at a corner,daemon laughing at a corner
"Him :- **Shows after Kurama and Issiki died**
Him also :- **Shows Boruto and kawaki at 6th and 7th**",him shows after kurama and issiki died him also shows boruto and kawaki at 6th and 7th
Naruto be like - wake up to reality 😎✅😉,naruto be like wake up to reality
"Anime watchers: who hell is eida 
Manga readers: oh u don't know...",anime watchers who hell is eida manga readers oh u dont know
"Tenji be like: I'm here🗿☕
Kishimoto: hmmm",tenji be like im here kishimoto hmmm
8 gates ;-; men if he does that he n 1,8 gates men if he does that he n 1
Sasuke is now stronger than Naruto as he can probably still use Susanoo and all his Mangekyo abilities and Naruto only has Sage Mode.,sasuke is now stronger than naruto as he can probably still use susanoo and all his mangekyo abilities and naruto only has sage mode
Kawasshiki and borushiki left the chat,kawasshiki and borushiki left the chat
Imagine watching too much fan animations 😂😂😂🤣🤣,imagine watching too much fan animations
Knowing 10 characters won't help,knowing 10 characters wont help
Pov: you watch Baruto 😂😂,pov you watch baruto
Kakashi and momoshiki himawari left the chat ☠️☠️🗿,kakashi and momoshiki himawari left the chat
Pov: you didn’t actually watch boruto you just watch clips from yt ahorts,pov you didnt actually watch boruto you just watch clips from yt ahorts
"Adult rock Lee is just.... Dissapointing like... We used to imagine he Will be stronger then guy but... Reality sucks and if rock Lee is stronger then guy, when Lee uses the eight gate he's easily top 5 strongest  people in boruto",adult rock lee is just dissapointing like we used to imagine he will be stronger then guy but reality sucks and if rock lee is stronger then guy when lee uses the eight gate hes easily top 5 strongest people in boruto
My brain after the video: ayoo wtf did this,my brain after the video ayoo wtf did this
This video is so BADASS. But where is Daemon bro ????,this video is so badass but where is daemon bro
ik you didn’t just put the main character that low on the list again 🤦‍♂️,ik you didnt just put the main character that low on the list again
"""WAKE UP TO REALITY""",wake up to reality
"Who watch naruto in tv Naruto shipudden 


Click here
👇",who watch naruto in tv naruto shipudden click here
Time escape boruto is a really really strongest on the whole series,time escape boruto is a really really strongest on the whole series
"After reading chapter 75 of manga
Where is OTSUKSUKI
SHIBAI😶
DAEMON
ISSHIKI am I joke to you🤔
Momoshiki:Am I weaker than Boruto and Kawaki😑
Kinshiki:Who the hell is Delta🙄
Urashiki:I think I have to show my full power😤
Rock lee:Have I unlocked 8TH GATES🤔",after reading chapter 75 of manga where is otsuksuki shibai daemon isshiki am i joke to you momoshikiam i weaker than boruto and kawaki kinshikiwho the hell is delta urashikii think i have to show my full power rock leehave i unlocked 8th gates
otsutsuki god!!!!!!,otsutsuki god
"“If boruto here ima leave a comment”
…",if boruto here ima leave a comment
Never let this dude cook again😂,never let this dude cook again
"""wake up to reality""",wake up to reality
Pov: Madara enters the chat,pov madara enters the chat
Ngl Naruto without kurama still strong bc of the sage mode,ngl naruto without kurama still strong bc of the sage mode
"For those who are saying that
""Code ain't the strongest bleh bleh eeeeee""
Just Imagine that you have So much power that you need a limiter so that it won't overflow that's the case with code if he removes his limiters then Naruto ain't standing a chance",for those who are saying that code aint the strongest bleh bleh eeeeee just imagine that you have so much power that you need a limiter so that it wont overflow thats the case with code if he removes his limiters then naruto aint standing a chance
"The fact that he put Koji, sasuke and naruto over kawaki and boruto 😂🤣",the fact that he put koji sasuke and naruto over kawaki and boruto
"Daemon literally solos bleach, dbz, one piece, and his own verse 🤣🤣",daemon literally solos bleach dbz one piece and his own verse
which song did you use for this stuff,which song did you use for this stuff
If kurama come back no one can beat Naruto 🔥🔥🔥,if kurama come back no one can beat naruto
"*Wait wait wait!Is he really serious?*
🧢💀🤡",wait wait waitis he really serious
Sasuke (no Rinnegan) >>>> Naruto(no Kurama),sasuke no rinnegan narutono kurama
Where's daemon,wheres daemon
"1.Naruto
2.Sasuke
3.Boruto
4.Kawaki
5Guy",1naruto 2sasuke 3boruto 4kawaki 5guy
"""Wake up to reality""",wake up to reality
Himawari left the chat she had kurama also,himawari left the chat she had kurama also
Eida has something better than six eyes from jjk putting her at 2 is wild when daemon exist he would be 2 and eida 1,eida has something better than six eyes from jjk putting her at 2 is wild when daemon exist he would be 2 and eida 1
First is Naruto beriyan mod❤❤❤❤❤❤❤,first is naruto beriyan mod
Give me your Top 3 🔥,give me your top 3
Boruto after timeskip is 🗿🗿🗿🔥🔥,boruto after timeskip is
"Recent chapters are hinting to a huge power up for Himawari, Sarada, and Mitsuki",recent chapters are hinting to a huge power up for himawari sarada and mitsuki
"I don't care about what people think, but Boruto Two Blue Vortex is a masterpiece! 🔥",i dont care about what people think but boruto two blue vortex is a masterpiece
"Kawaki, Sarada, Boruto ❤
Amazing 😊",kawaki sarada boruto amazing
Can you please tell me the name of animation that you used in boruto please😢😢,can you please tell me the name of animation that you used in boruto please
"*Sarda should be atleast at top 5 after revealing her mangyako sharingan ability 
I think so 😅😅*",sarda should be atleast at top 5 after revealing her mangyako sharingan ability i think so
And rip akira Toriyama 😢,and rip akira toriyama
"Wow So Good
Btw Which App You Use",wow so good btw which app you use
Boruto sarada eida,boruto sarada eida
"This Thatcher, c'est ça ma vidéo préférée",this thatcher cest a ma vido prfre
Bro we want your prime and old edits ❤😢,bro we want your prime and old edits
"Hiii, i saw a few of your shorts and this one is the best out of them although all of them are good 😊",hiii i saw a few of your shorts and this one is the best out of them although all of them are good
Your videos so amazing 🤩,your videos so amazing
This is one of your best edit for me thanks for commenting on my video,this is one of your best edit for me thanks for commenting on my video
"Nice video bro 👍 ,mind telling me which of my long video or short u like the most . Ok 😉",nice video bro mind telling me which of my long video or short u like the most ok
Definitely the true top 10,definitely the true top 10
You are absolutely right to make the characters stronger.,you are absolutely right to make the characters stronger
No. One spot is perfect❤,no one spot is perfect
Bro i likked this one most,bro i likked this one most
When will the Boruto two blue vrotex film be released?,when will the boruto two blue vrotex film be released
"Your content is better than me, you have great videos, I look forward to your continued success.",your content is better than me you have great videos i look forward to your continued success
i agree with everything on this list bc it is straight facts,i agree with everything on this list bc it is straight facts
"Hello u commented on one of my vid and told me to tell how urs are and my ans is:
They are 🔥 fire! And awesome!",hello u commented on one of my vid and told me to tell how urs are and my ans is they are fire and awesome
10 out of 10 bro amazing 💥❗️,10 out of 10 bro amazing
pretty good list,pretty good list
This is right ❤,this is right
Ofcourse your top 10 shorts are good and for long I can't suggest you good as I doesn't watch long videos but you can make what if series for long videos,ofcourse your top 10 shorts are good and for long i cant suggest you good as i doesnt watch long videos but you can make what if series for long videos
"Woww Amazing bro
Your videos are exciting
You are a big pro
❤️❤️❤️❤️❤️❤️❤️❤️",woww amazing bro your videos are exciting you are a big pro
Finally a valid list u won’t believe how many people still think code and jigen beats boruto,finally a valid list u wont believe how many people still think code and jigen beats boruto
I love your edits!,i love your edits
Outsutsuki shibai,outsutsuki shibai
"CHAKRAAA Bhai apne TUFAN GAMER YT ke cgenal per comment kiya tha me vhi ho
❤❤❤❤",chakraaa bhai apne tufan gamer yt ke cgenal per comment kiya tha me vhi ho
Code above mitsuki and sarada,code above mitsuki and sarada
This video i liked most,this video i liked most
This is one of my favorites ❤,this is one of my favorites
Nice video but I think daemon should be higher,nice video but i think daemon should be higher
Nice little buddy 😊😊😊😊😊,nice little buddy
Bro i am a new subscriber bro This is incredibly 🎉,bro i am a new subscriber bro this is incredibly
In wich program do you do it?,in wich program do you do it
Buddy your videos are super ❤❤❤ full support 💪💪,buddy your videos are super full support
"1 boruto 
2 jura
3 daemon",1 boruto 2 jura 3 daemon
Your all videos nice 🎉,your all videos nice
Brother this video is very good and all the videos are also very good ❤,brother this video is very good and all the videos are also very good
Where is Shibai????,where is shibai
Iam your subscriber 🎉🎉🎉🎉,iam your subscriber
"1:boruto
2:kawaki
3:code",1boruto 2kawaki 3code
"Forgot Naruto and Sasuke,the real legends",forgot naruto and sasukethe real legends
Brother i don't know about Boruto but naruto sasuke and itachi are strong for me and nice editing,brother i dont know about boruto but naruto sasuke and itachi are strong for me and nice editing
Bro i subs you,bro i subs you
Good Videos!💗💗🙂,good videos
Hi bro iam Mr drukula 2.0 you commented on my Naruto video i love your video bro big fan,hi bro iam mr drukula 20 you commented on my naruto video i love your video bro big fan
I like this,i like this
This is your most viewed shorts 🎉,this is your most viewed shorts
Insane edits buddy❤,insane edits buddy
Two blue vortex has so much potential when it gets animated wait till it blows up,two blue vortex has so much potential when it gets animated wait till it blows up
"Your videos are very good, I like the videos you make",your videos are very good i like the videos you make
🎉 bro very superb editing 😊,bro very superb editing
Shibai 1 Boruto 2 Kawaki 3,shibai 1 boruto 2 kawaki 3
What avout shibai?,what avout shibai
"Please pin my comment, this video going to be viral",please pin my comment this video going to be viral
"1-Naruto baryon
2-isshiki
3-boruto post time skip+karma",1naruto baryon 2isshiki 3boruto post time skipkarma
I think that himawari will surpass daemon and get more stronger.,i think that himawari will surpass daemon and get more stronger
They should make a show,they should make a show
"1. boruto 
2.mituski
3.kavaki
4.code",1 boruto 2mituski 3kavaki 4code
What about shinju sasuke,what about shinju sasuke
Also hints for naruto powerup,also hints for naruto powerup
Where is shibai😂,where is shibai
Good vid keep it up 👏🏻,good vid keep it up
Sarada which idc is 3,sarada which idc is 3
Miss Naruto And Sasuke 😏,miss naruto and sasuke
Can you give a tutorial how to edit like this?,can you give a tutorial how to edit like this
what about shedai?,what about shedai
Boruto after the time skip when the  jogan activates should be the strongest by far unless a new threat appears,boruto after the time skip when the jogan activates should be the strongest by far unless a new threat appears
You have to try watching dragon Ball 🐉,you have to try watching dragon ball
"Itachi is full of surprises. Izanami, Koto Amatsukami, Amaterasu, the man who transcends the limits of genius.",itachi is full of surprises izanami koto amatsukami amaterasu the man who transcends the limits of genius
For those wondering. This genjutsu is called Demonic Illusion: Mirror Heaven and Earth Change.,for those wondering this genjutsu is called demonic illusion mirror heaven and earth change
Wonder why Orochimaru wanted Sasuke's body while Itachi is literally on the same group as he is? Watch the video HAHAHAHA,wonder why orochimaru wanted sasukes body while itachi is literally on the same group as he is watch the video hahahaha
Say whatever you want. Itachi had his ways to deal with anyone. I used to say obito or madara but man he has some secret techniques and probably the best battle iq next to Minato,say whatever you want itachi had his ways to deal with anyone i used to say obito or madara but man he has some secret techniques and probably the best battle iq next to minato
"The Anime exaggerated this scene, as it did in Kurama Vs Pain... 

See the Manga.
There are only 3 pages of pure dialogue, where Orochimaru is already in a surprise Genjutsu from Itachi. 
The whole scene is just a dialogue and ends with Itachi breaking the Genjutsu by ripping off Orochi's hand, which is irrelevant given his regenerative factor! 

The end of the Dialogue is a return to stage Zero... 

Itachi was more powerful than this Orochimaru, but there is no abyss between them, far from it. This scene from the Anime is a lie!",the anime exaggerated this scene as it did in kurama vs pain see the manga there are only 3 pages of pure dialogue where orochimaru is already in a surprise genjutsu from itachi the whole scene is just a dialogue and ends with itachi breaking the genjutsu by ripping off orochis hand which is irrelevant given his regenerative factor the end of the dialogue is a return to stage zero itachi was more powerful than this orochimaru but there is no abyss between them far from it this scene from the anime is a lie
She is already in his genjutsu😂,she is already in his genjutsu
"Always remember - no matter how bad you may mess up sometimes, you never tried to use genjutsu on Itachi",always remember no matter how bad you may mess up sometimes you never tried to use genjutsu on itachi
Itachi's best genjutsu is to make people fall in love the first time they see him,itachis best genjutsu is to make people fall in love the first time they see him
Can we acknowledge how smart it is for Itachi to draw attention to his eyes by lifting his hat like that?,can we acknowledge how smart it is for itachi to draw attention to his eyes by lifting his hat like that
The Goat Himself,the goat himself
"Kurenai : it's over
Itachi     :😂😂😂😂😂",kurenai its over itachi
"Lived as a villain😈
Died as a hero🪦
Remembered as a legend 🗿
The Goat himself ""Itachi Uchiha"" ❤",lived as a villain died as a hero remembered as a legend the goat himself itachi uchiha
"""Don't be so quick to judge me, because you only see what I choose to show you""- Itachi Uchiha 
The GOAT! ❤",dont be so quick to judge me because you only see what i choose to show you itachi uchiha the goat
shippuden is about to be CRAZY,shippuden is about to be crazy
The man who can burn fire itself. ❤‍🔥,the man who can burn fire itself
The hero in naruto anime,the hero in naruto anime
She doesn’t get a lot of love so people often forget That kurenai was a known genjutsu specialist. Her genjutsu wasn’t just another one. And Itachi still just smirked at it as if it was a toddler being clumsy. 🥶,she doesnt get a lot of love so people often forget that kurenai was a known genjutsu specialist her genjutsu wasnt just another one and itachi still just smirked at it as if it was a toddler being clumsy
You thought you knew itachi but you only know what he wants you to know,you thought you knew itachi but you only know what he wants you to know
Legendary scene. Kurenais genjutsu vs itachi. Lmao.,legendary scene kurenais genjutsu vs itachi lmao
"The only Goat 🐐 

Look at his aura at 17 only ❤😂",the only goat look at his aura at 17 only
"I just realised Itachis entire fit and body language is designed specifically to draw people’s attention to his eyes or his ring, that’s how they get trapped in his genjustsu without ever knowing when it happened",i just realised itachis entire fit and body language is designed specifically to draw peoples attention to his eyes or his ring thats how they get trapped in his genjustsu without ever knowing when it happened
Swag Itachi 😂❤,swag itachi
"One of your earlier videos was ""he killed him WHOLE clan, why does everyone love him?"" This moment was 1 foot in the door.",one of your earlier videos was he killed him whole clan why does everyone love him this moment was 1 foot in the door
The god of genjutsu🔥,the god of genjutsu
The only actual ninja in all of Naruto,the only actual ninja in all of naruto
"Uzumaki has ""talk no jutsu""
Uchiha have ""Rizz no jutsu""",uzumaki has talk no jutsu uchiha have rizz no jutsu
Genjitsu of that level won't work on me one of the coolest line🔥❄️,genjitsu of that level wont work on me one of the coolest line
Itachi Uchiha Is My GOAT!!! 🎉,itachi uchiha is my goat
"As a wise man once said, that's why he's the goat, THE GOAT",as a wise man once said thats why hes the goat the goat
I liked how itachi would give you the strongest psychedelic trip with his mangekyou sharingan genjutsu,i liked how itachi would give you the strongest psychedelic trip with his mangekyou sharingan genjutsu
That always made me laugh Kurenai putting Itachi in a genjutsu haha 😂 ☠️ Started hollering.,that always made me laugh kurenai putting itachi in a genjutsu haha started hollering
One of the most legendary characters in anime.,one of the most legendary characters in anime
ITACHI = BADASS,itachi badass
Itachi will be her fav character,itachi will be her fav character
This reaction will remain one of my favorites,this reaction will remain one of my favorites
I still laugh at kurenai until today 😂,i still laugh at kurenai until today
the lord of genjutsu 🔥,the lord of genjutsu
"aceptemoslo gente, Itachi nos pone en su genjutsu desde que lo ves, imposible no impresionarse con tremendo personaje",aceptemoslo gente itachi nos pone en su genjutsu desde que lo ves imposible no impresionarse con tremendo personaje
God of Genjutsu ❤🔥🥷,god of genjutsu
My childhood crush.,my childhood crush
Itachi le meilleur personnage au monde ❤❤,itachi le meilleur personnage au monde
Kurenai really made a clown of herself when she used genjutsu on a genjutsu master.🤣,kurenai really made a clown of herself when she used genjutsu on a genjutsu master
ITACHI UCHIHA NAME IS ENOUGH SACRE TO OPPONENT 🗿🐐,itachi uchiha name is enough sacre to opponent
Itachi's little squint at her is literally burned into my memory,itachis little squint at her is literally burned into my memory
Itachi the goat uchiha,itachi the goat uchiha
ITACHI Uchiha legendary 💀❤,itachi uchiha legendary
The background theme 🙄❤️‍🩹,the background theme
the whole naruto series is itachi's genjutsu just like how bleach series is aizen's bankai,the whole naruto series is itachis genjutsu just like how bleach series is aizens bankai
The Rizz Goat needs to be studied in universities,the rizz goat needs to be studied in universities
“We cling to what we understand and label it reality.” Itachi Uchiha,we cling to what we understand and label it reality itachi uchiha
It's crazy Itachi became the leader of the Anbu at 13. That's a kid leading the navy seals.,its crazy itachi became the leader of the anbu at 13 thats a kid leading the navy seals
The OG Aura Farmer 😂,the og aura farmer
God of genjutsu,god of genjutsu
Itachi :  the only guy in naruto that almost never moves during his fights,itachi the only guy in naruto that almost never moves during his fights
Every time I do something silly I remember Kurenai tried to put Itachi under genjutsu and I feel less silly.,every time i do something silly i remember kurenai tried to put itachi under genjutsu and i feel less silly
She looks like Dakota Fanning ❤😂,she looks like dakota fanning
God of genjutsu🥶,god of genjutsu
Kurenai trying to put god of genjutsu in genjutsu😂,kurenai trying to put god of genjutsu in genjutsu
havent watch this in like 20 years. man time surely fly,havent watch this in like 20 years man time surely fly
He and Shisui probably their most talented junior.,he and shisui probably their most talented junior
"Holy crap, she's gorgeous!",holy crap shes gorgeous
Itachi entry 🗿,itachi entry
Aura maxed beyond belief.,aura maxed beyond belief
Hitacih idola kuh👏🏻👍🏻,hitacih idola kuh
He is phenomenal,he is phenomenal
I had the same reaction ❤,i had the same reaction
I forgot how intense Itachi's intro was,i forgot how intense itachis intro was
"The goat of anime, love this character, his story and wat he stood for",the goat of anime love this character his story and wat he stood for
Amaterasuuu,amaterasuuu
"The way he smiled after kuranai trued to put him under her genjutsu tells alot...😂
*LORD ITACHI* 🫠🩵👀",the way he smiled after kuranai trued to put him under her genjutsu tells alot lord itachi
"This was by far, one of the most coolest moments, and entry of a character, in Narutoverse. Period. 

Uchiha Itachi - The Legend. Simply wow!!!",this was by far one of the most coolest moments and entry of a character in narutoverse period uchiha itachi the legend simply wow
Itachi sasori and tobi where my favorite akatsuki members,itachi sasori and tobi where my favorite akatsuki members
Itachi is majestic without being flashy,itachi is majestic without being flashy
He's always been legendary since a child he was the youngest black opp... On top of that he killed his whole entire clan.. who also had ocular abilities,hes always been legendary since a child he was the youngest black opp on top of that he killed his whole entire clan who also had ocular abilities
Itachi is so cool,itachi is so cool
itachi story is the best ever  all time,itachi story is the best ever all time
Itachi look cold as hell in this scene.,itachi look cold as hell in this scene
This edit is 🔥,this edit is
Itachi Uchiha is my absolute favorite anime character of all time. Everything about him is peak,itachi uchiha is my absolute favorite anime character of all time everything about him is peak
The real hero of the war.❤,the real hero of the war
The prince of aura.,the prince of aura
The great itachi!,the great itachi
ITACHI FOREVER LOVED AND GOATED💔HE NEVER GOT TO HAVE A REAL LIFE SO KONOHA COULD HAVE ONE😔,itachi forever loved and goatedhe never got to have a real life so konoha could have one
What an edit damn,what an edit damn
The Goat Himself. The Shadow Hero of the Hidden Leaf <3 Itachi Uchiha,the goat himself the shadow hero of the hidden leaf 3 itachi uchiha
Songs a banger yo,songs a banger yo
the fact she thought she could get him in Gensutsu,the fact she thought she could get him in gensutsu
Tbh I not those delulu itachi fans but the way he puts his hand outside his Akatsuki fit is cool,tbh i not those delulu itachi fans but the way he puts his hand outside his akatsuki fit is cool
doing genjutsu to a god of genjutsu lol,doing genjutsu to a god of genjutsu lol
This scene gave me goosebump ngl,this scene gave me goosebump ngl
I just wanted to post a comment. 🤷🏻‍♂️,i just wanted to post a comment
"Seeing itachi for the first time unlocked a feeling I never had. I didnt know much about naruto before, but I knew madara but I always got him mixed up with itachi. Since madara was dead and I kept getting the two mixed up, I thought Itachi was dead too. Seeing that black and red akatsuki cloak for the first time, I knew he was gon be overpowered.",seeing itachi for the first time unlocked a feeling i never had i didnt know much about naruto before but i knew madara but i always got him mixed up with itachi since madara was dead and i kept getting the two mixed up i thought itachi was dead too seeing that black and red akatsuki cloak for the first time i knew he was gon be overpowered
Genjutsu of that level...,genjutsu of that level
While dying from cancer. Itachi OG,while dying from cancer itachi og
She’s a keeper,shes a keeper
my boi itachi literally got stabbed through his back and still sits like a king. what a fucking badass,my boi itachi literally got stabbed through his back and still sits like a king what a fucking badass
no matter how many times i watch this scene itachi is never any less amazing. number 1 man,no matter how many times i watch this scene itachi is never any less amazing number 1 man
Even in reality my man Itachi Genjutsu is working...Damn that swipe fingers they fall for it.,even in reality my man itachi genjutsu is workingdamn that swipe fingers they fall for it
Genuinely the coldest moment in all of Naruto,genuinely the coldest moment in all of naruto
The dude in the top right was under itachi's genjutsu.,the dude in the top right was under itachis genjutsu
Legend has it that Kishimoto was under the grace of God when he wrote Itachi's character and the Pain arc.,legend has it that kishimoto was under the grace of god when he wrote itachis character and the pain arc
"I like how people start gasping when they hear the name, Madara Uchiha.",i like how people start gasping when they hear the name madara uchiha
"That's not itachi uchiha, he is flex uchiha",thats not itachi uchiha he is flex uchiha
Itachi was this badass without even trying could you imagine how he will be like if he got serious,itachi was this badass without even trying could you imagine how he will be like if he got serious
"Itachi has to be the coolest uchiha, and the one with coolest techniques man , rip  the legend",itachi has to be the coolest uchiha and the one with coolest techniques man rip the legend
No matter how many times i watch this scene... It hits 💯,no matter how many times i watch this scene it hits
can we all just take a minute to appreciate how baked this man looks in the top right lmaooo,can we all just take a minute to appreciate how baked this man looks in the top right lmaooo
Itachi just like : sike you thought,itachi just like sike you thought
The point where the music cuts in when you see itachi sitting there is just godlike. Perfectly timed music like that is a rare thing to pull off,the point where the music cuts in when you see itachi sitting there is just godlike perfectly timed music like that is a rare thing to pull off
Imagine if the entire naruto series was Itachi's genjutsu,imagine if the entire naruto series was itachis genjutsu
“Legend say we’re still under Itachi Genjutsu”,legend say were still under itachi genjutsu
"That was so badass, even if sasuke did know it was a genjutsu what Itachi did was still so badass. Even if he got stab was just chillin.",that was so badass even if sasuke did know it was a genjutsu what itachi did was still so badass even if he got stab was just chillin
When naruto shippuden was coming out once a week the part where he is still sitting in the chair was the most  amazing moment we had ever seen,when naruto shippuden was coming out once a week the part where he is still sitting in the chair was the most amazing moment we had ever seen
2:30- the moment y'all here for.,230 the moment yall here for
"I still think the finger point is one of the best scenes in naruto shippuden. Itachi was built up as one of the strongest characters for so many years, and you finally get to see him in action vs sasuke which was destined since the first episodes of the show. An with a single hand motion, it really sets in how strong he is.",i still think the finger point is one of the best scenes in naruto shippuden itachi was built up as one of the strongest characters for so many years and you finally get to see him in action vs sasuke which was destined since the first episodes of the show an with a single hand motion it really sets in how strong he is
Itachi just a boss bro sasuke can never top that😂🥶🥶,itachi just a boss bro sasuke can never top that
"I wish I can rewatch Naruto again, specially the itachi and Sasuke parts
Amazing story and setup, there is no other anime like naruto",i wish i can rewatch naruto again specially the itachi and sasuke parts amazing story and setup there is no other anime like naruto
"""No matter what I'll always love you sasuke "" - itachi",no matter what ill always love you sasuke itachi
When that music kicked in and itachi just stared at him…..I knew sasuke was not winning unless itachi let him and that was the case😂😂,when that music kicked in and itachi just stared at himi knew sasuke was not winning unless itachi let him and that was the case
2:15 guy on the top right was trying his best to not fall asleep lmao,215 guy on the top right was trying his best to not fall asleep lmao
"Funny thing is, that the whole time this is happening both of them are just staring at each other. Not moving at all",funny thing is that the whole time this is happening both of them are just staring at each other not moving at all
"Bro, plz do the reactions Itachi and Nagato reanimation vs Naruto and killer bee",bro plz do the reactions itachi and nagato reanimation vs naruto and killer bee
2:47 bro on the top right corner is already under his genjutsu,247 bro on the top right corner is already under his genjutsu
Itachi gotta be the coldest character in the series,itachi gotta be the coldest character in the series
Bro on top right is super baked😂😂,bro on top right is super baked
1:22 A tear leaves Itachi's eye 💔 I never noticed that till now.,122 a tear leaves itachis eye i never noticed that till now
The dude in the top right is sleeping 3:12,the dude in the top right is sleeping 312
dude in the top right corner high as helll XD,dude in the top right corner high as helll xd
That girl with the glasses looks lost asf 😂,that girl with the glasses looks lost asf
"Still get instant chills every time I see it, mixed in with the music... fantastic scene.",still get instant chills every time i see it mixed in with the music fantastic scene
I iist wanna say this...Sasuke should be glad that Itachi loved him 😂😂😂,i iist wanna say thissasuke should be glad that itachi loved him
2:33 u just got coconut malled,233 u just got coconut malled
"Somebody plese help That tank top upper right dude, Itachi clearly put the man under Izanami Izanagi spell! 😩👌🏼",somebody plese help that tank top upper right dude itachi clearly put the man under izanami izanagi spell
Rob is a Robot no emotions at all,rob is a robot no emotions at all
All part of his plan to give Sasuke an Eternal Mangekyo. My heart breaks every time when the real reason for Itachi's actions are revealed. LOL,all part of his plan to give sasuke an eternal mangekyo my heart breaks every time when the real reason for itachis actions are revealed lol
Another Itachi video. YES,another itachi video yes
3:52 I went to check the door,352 i went to check the door
Dude on the top right rlly got put in a genjutsu irl💀,dude on the top right rlly got put in a genjutsu irl
We are all under itachi's genjutsu,we are all under itachis genjutsu
Rob and Jerry will literally sleep through anything lol,rob and jerry will literally sleep through anything lol
Itachi was such a badass,itachi was such a badass
Itachi is the one of my fav character in that anime..i cried when he died,itachi is the one of my fav character in that animei cried when he died
Dude on the top right off that perc 30,dude on the top right off that perc 30
look how strong itachi even the dude at the top right was under genjutsu..,look how strong itachi even the dude at the top right was under genjutsu
2:41 top right. Man let the dude sleep cmon now!,241 top right man let the dude sleep cmon now
"""smell my fingers""",smell my fingers
2:27 epic moment,227 epic moment
Man in right up screen... he have emotion?)),man in right up screen he have emotion
2:24 it's like bich look out there,224 its like bich look out there
"2:32 (In another universe)
Sasuke: NO RESIST THE URGE TO LOOK, THERE IS NOTHING THERE, THERE IS NOTHING THERE, THERE IS NOTHING THERE, THERE IS NOTHING…..

Sasuke:👀

Itachi still in the ground: ha gotcha bitch 

Sasuke: DAMN IT I FELL FOR IT AGAIN!!!",232 in another universe sasuke no resist the urge to look there is nothing there there is nothing there there is nothing there there is nothing sasuke itachi still in the ground ha gotcha bitch sasuke damn it i fell for it again
bring the second part soon and very good to see their reaction even more from this fight,bring the second part soon and very good to see their reaction even more from this fight
This is the first time i have seen men talk more than women …,this is the first time i have seen men talk more than women
"The song in the end is called ""Old Friend"", for anyone asking",the song in the end is called old friend for anyone asking
The dude at the top right is on something,the dude at the top right is on something
So nobody is gonna talk about the dude at the top right corner sleeping during the battle of UCHIHA brothers?,so nobody is gonna talk about the dude at the top right corner sleeping during the battle of uchiha brothers
The guy at 4:15 tho 😂😂,the guy at 415 tho
One of the greatest flexes in anime history,one of the greatest flexes in anime history
I get chills every time omggggg,i get chills every time omggggg
Itachi's iQ is out of this shinobi world.,itachis iq is out of this shinobi world
The guy on the top right is vibe....,the guy on the top right is vibe
Bruh the beginning was all a genjutsu battle,bruh the beginning was all a genjutsu battle
The lord of Gensutsu himself omg this fight is one of my top 5,the lord of gensutsu himself omg this fight is one of my top 5
This fight is literally the version of I outsmart your outsmarting,this fight is literally the version of i outsmart your outsmarting
that got all of us laughing,that got all of us laughing
Gives me the chills 🔥,gives me the chills
that was so iconic,that was so iconic
Idk how itachi can keep a straight Face ID be cracking up if I saw someone swinging at the air 😂,idk how itachi can keep a straight face id be cracking up if i saw someone swinging at the air
That dude in the top right fried like 🍟 😂😂😂😂😂😂😂🤣😂🤣😂,that dude in the top right fried like
No one can defeat itachi when it comes to genjutsu ❤️,no one can defeat itachi when it comes to genjutsu
Neel has the best reactions ngl,neel has the best reactions ngl
"Sasuke: Your dead, bitch! 
Itachi: SIKEEEEE",sasuke your dead bitch itachi sikeeeee
"Man, Rob from RTTV was living the dream! sleeping through nearly all his reaction videos and get paid for doing so? Winning!",man rob from rttv was living the dream sleeping through nearly all his reaction videos and get paid for doing so winning
Did anyone else noticed the guy on top right corner was so high he couldn't even keep his eyes open,did anyone else noticed the guy on top right corner was so high he couldnt even keep his eyes open
My boi tobi did his part too good that even Itachi was caught on his lie,my boi tobi did his part too good that even itachi was caught on his lie
One of my favorite fights in Naruto!!! Battle of the Uchiha,one of my favorite fights in naruto battle of the uchiha
My guy at the top wearing jersey is under Itachi's genjutsu,my guy at the top wearing jersey is under itachis genjutsu
That was damn...I have seen like 1000 times...still I feel goosebumps...even now I am just jumping in excitement....😂😂😂😂😂😍😍😍😲😲😲😲,that was damni have seen like 1000 timesstill i feel goosebumpseven now i am just jumping in excitement
It’s iconic man just iconic af,its iconic man just iconic af
TBH sasuke will be the 134th uchiha who going to obtain mangekyu 😂😂,tbh sasuke will be the 134th uchiha who going to obtain mangekyu
That initial music is so cool.,that initial music is so cool
Uma das melhores lutas do Shippuden!!!,uma das melhores lutas do shippuden
Most disrespectful shit ive seen on this show 😂,most disrespectful shit ive seen on this show
The video should have just ended when they saw itachi in the chair that reaction was priceless.,the video should have just ended when they saw itachi in the chair that reaction was priceless
This entire fight was better than the whole war arc,this entire fight was better than the whole war arc
damnnn nice one itachi genjutsu video but can you post itachi nagato vs naruto and bee,damnnn nice one itachi genjutsu video but can you post itachi nagato vs naruto and bee
Love how you played all the reactions over eachother so i can hear a single word anyone is saying 🙏🙏,love how you played all the reactions over eachother so i can hear a single word anyone is saying
Can we agree that Itachi is the badass character ever.,can we agree that itachi is the badass character ever
"One of the best moments in the entire series.

That's why Uchihas were superior ... and why Itachi is my favourite of all.",one of the best moments in the entire series thats why uchihas were superior and why itachi is my favourite of all
Itachi flexing has to be the coldest way to show who is more powerful,itachi flexing has to be the coldest way to show who is more powerful
The 4 dudes on top are sleeping most of the video lmfao,the 4 dudes on top are sleeping most of the video lmfao
It has become tradition.. to revisit this once in a while.,it has become tradition to revisit this once in a while
Itachi is the pinnacle of *SIKE*,itachi is the pinnacle of sike
He's way too valid sheeeesssshh🥶🥶🥶,hes way too valid sheeeesssshh
When you realised that Itachi was killed because of his illness but not by Sasuke.!!,when you realised that itachi was killed because of his illness but not by sasuke
👉🏻▶ Whatch it in HD (No watermarks): https://www.patreon.com/posts/30-people-react-99070081,whatch it in hd no watermarks
I love that Sasuke didn't awaken the mangekyou until he felt a connection with his brother and realizing that loss. He lost someone close to him. Great writing,i love that sasuke didnt awaken the mangekyou until he felt a connection with his brother and realizing that loss he lost someone close to him great writing
Wow poor sasuke his life is just trauma after trauma,wow poor sasuke his life is just trauma after trauma
"Itachi is a man of focus, commitment, and sheer fking will 😎",itachi is a man of focus commitment and sheer fking will
Itachi is the best character next to jariya and the main cast,itachi is the best character next to jariya and the main cast
And some say sasuke’s hate  wasn’t justified 💀 bro went from his brothers Torturing to Obito’s manipulation,and some say sasukes hate wasnt justified bro went from his brothers torturing to obitos manipulation
"Both Itachi and Obito lied about themselves, but told the truth about the other. Obito did instigate the Nine Tails attack",both itachi and obito lied about themselves but told the truth about the other obito did instigate the nine tails attack
"Itachi : ""I'll do whatever it takes for my village"".

 Sasuke : ""I'll destroyed that village""",itachi ill do whatever it takes for my village sasuke ill destroyed that village
I have to be honest a lot of people who reacted to naruto really don’t pay attention to the show durning Sasuke backstory whenever Sasuke would ask itachi to train with him itachi always stated “ I have a important mission” a lot of people are suprised that itachi was working with the anbu when in naruto when itachi came to the village and fought against kakashi and asuma kakashi literally says “ don’t let your guard down he was made chief of anbu at 13 years old”,i have to be honest a lot of people who reacted to naruto really dont pay attention to the show durning sasuke backstory whenever sasuke would ask itachi to train with him itachi always stated i have a important mission a lot of people are suprised that itachi was working with the anbu when in naruto when itachi came to the village and fought against kakashi and asuma kakashi literally says dont let your guard down he was made chief of anbu at 13 years old
"Itachi, Nagato and Obito are my all time favorites of this masterpiece of a show. Brilliant writing and fantastic character development for all.",itachi nagato and obito are my all time favorites of this masterpiece of a show brilliant writing and fantastic character development for all
Itachi doing automation before AI is crazy work.,itachi doing automation before ai is crazy work
The reason why Itachi is my favorite character of all time ❤,the reason why itachi is my favorite character of all time
9:57  Obito was Capping 💀,957 obito was capping
"I love how they progress the plot while making it very clear, Itachi is that dude. Want Sasuke to live? Have Madara and Zetsu explain how Itachi was OFF HIS GAME despite beating Sasuke. Explain how if Itachi wanted to, he would’ve and could’ve. Allows for us to see Itachi power wise is goated, character wise he’s goated, and still keeps Sasuke alive for the plot.",i love how they progress the plot while making it very clear itachi is that dude want sasuke to live have madara and zetsu explain how itachi was off his game despite beating sasuke explain how if itachi wanted to he wouldve and couldve allows for us to see itachi power wise is goated character wise hes goated and still keeps sasuke alive for the plot
taka -> hawk. is that the hawk we see him summon? i wonder.,taka hawk is that the hawk we see him summon i wonder
8:15 the banana is so distracting 😂,815 the banana is so distracting
The biggest plot twist in the history of mankind. Itachi Uchiha,the biggest plot twist in the history of mankind itachi uchiha
Itachi and Jamie Lannister: Two of the best written characters in their respective shows,itachi and jamie lannister two of the best written characters in their respective shows
it's amazing that they can talk through the entire show just saying omg the whole time that's why most have no clue about char names or what's going on,its amazing that they can talk through the entire show just saying omg the whole time thats why most have no clue about char names or whats going on
"15:19 During the Sasuke vs. Itachi fight, when Itachi said “They are my eyes"" he wasn’t actually pretending that he wanted to steal Sasuke’s eyes. The line was really meant to foreshadow that he would pass his own eyes to Sasuke through his fingers.

And right after sealing Orochimaru, he says “Now your eyes are mine,” meaning that he prevented Orochimaru from taking them. Everything Itachi said during his fight with Sasuke had a second meaning that fooled all of us back then. He’s truly the best character in Naruto.",1519 during the sasuke vs itachi fight when itachi said they are my eyes he wasnt actually pretending that he wanted to steal sasukes eyes the line was really meant to foreshadow that he would pass his own eyes to sasuke through his fingers and right after sealing orochimaru he says now your eyes are mine meaning that he prevented orochimaru from taking them everything itachi said during his fight with sasuke had a second meaning that fooled all of us back then hes truly the best character in naruto
"2:37  I just realized here that Obito uses Izanagi, after he used it to fight Konan, maybe Obito used some Izanagi in the episode that was not shown.",237 i just realized here that obito uses izanagi after he used it to fight konan maybe obito used some izanagi in the episode that was not shown
Sasuke is the very embodiment of suffering...^^,sasuke is the very embodiment of suffering
"Sasuke : Destroy the village !


Everyone : Face slap...",sasuke destroy the village everyone face slap
THEY CAN NEVER MAKE ME HATE YOU SASUKE MY GLORIOUS KING,they can never make me hate you sasuke my glorious king
"i hate when people were saying the coup de tat could’ve been avoided, fugaku literally had a mangekyo sharingan strong enough to control the nine tails and his intent on betraying the village was clear as day when he met with itachi at the nakano shrine",i hate when people were saying the coup de tat couldve been avoided fugaku literally had a mangekyo sharingan strong enough to control the nine tails and his intent on betraying the village was clear as day when he met with itachi at the nakano shrine
"I was in shock like for an hour after this episode,  how can.someone even think of writing something like this....",i was in shock like for an hour after this episode how cansomeone even think of writing something like this
17:45 best moment,1745 best moment
And let’s never forget the fact that ITACHI was 13 years old when hell fell on him,and lets never forget the fact that itachi was 13 years old when hell fell on him
What a plot twist,what a plot twist
"Itachi gives his life and the entire clan to save leaf village and his brother.
Sasuke : *lets destroy the leaf village*",itachi gives his life and the entire clan to save leaf village and his brother sasuke lets destroy the leaf village
Mayores plotwist del anime 🔥🫡,mayores plotwist del anime
after 14:20 Made Me Cry,after 1420 made me cry
This is Itachi's biggest regret because Obito found Sasuke and manipulated him this time😭,this is itachis biggest regret because obito found sasuke and manipulated him this time
I love that Sasuke didn't awaken the mangekyou until he felt a connection with his brother and realizing that loss. He lost someone close to him. Great writing,i love that sasuke didnt awaken the mangekyou until he felt a connection with his brother and realizing that loss he lost someone close to him great writing
"itachi: I'll protect the village, even it means i have to die as a traitor.. 

sasuke: I'll destroy it..",itachi ill protect the village even it means i have to die as a traitor sasuke ill destroy it
People who had a surprised reaction and was like “ why “ to sasuke saying he wants to destroy the leaf village didnt pay a single attention to itachi’s story they only understood “ itachi is a good one “ thats it . They didnt understand anything about the story thats why they are questioning why would sasuke want to destroy the leaf village which caused itachi’s suffering,people who had a surprised reaction and was like why to sasuke saying he wants to destroy the leaf village didnt pay a single attention to itachis story they only understood itachi is a good one thats it they didnt understand anything about the story thats why they are questioning why would sasuke want to destroy the leaf village which caused itachis suffering
need the ost please,need the ost please
Itachi is the best emotionally written charaker in action manga.,itachi is the best emotionally written charaker in action manga
Honestly my favorite moment in the entire series i always had a feeling that Itachi never hated Sasuke i mean why did he leave his little brother and kill his parents like HELLO 💀💀🤍,honestly my favorite moment in the entire series i always had a feeling that itachi never hated sasuke i mean why did he leave his little brother and kill his parents like hello
Makes it more sad that itachi did all of this for the village and after if sauske wanted to destroy it itachi would have accepted it because it was about protecting sauske even if it meant destroying his other reason for the destruction of the uchiha clan,makes it more sad that itachi did all of this for the village and after if sauske wanted to destroy it itachi would have accepted it because it was about protecting sauske even if it meant destroying his other reason for the destruction of the uchiha clan
Can someone tell me the channel of the girls in the bottom right?,can someone tell me the channel of the girls in the bottom right
One piece can never write something like this 😊.....,one piece can never write something like this
"Itachi, pain, Obito are excellent written characters. Boruto is trash anime/sequel. The real anime ended with shippuuden",itachi pain obito are excellent written characters boruto is trash animesequel the real anime ended with shippuuden
Tobirama most favorite Uchiha😂,tobirama most favorite uchiha
No tobi voice change noooo....,no tobi voice change noooo
Wait so idead why did Obito even give sasake it's Itachi's eyes he doesn't need Sasuke to finish his plan,wait so idead why did obito even give sasake its itachis eyes he doesnt need sasuke to finish his plan
This is extremely hard to watch with everyone's voice layered on top of each other.,this is extremely hard to watch with everyones voice layered on top of each other
Itachi eyes was to protect Sasuke that why it immediately burend Obito after he revealed himself,itachi eyes was to protect sasuke that why it immediately burend obito after he revealed himself
El manu senpai entre un montón de yankis,el manu senpai entre un montn de yankis
"You can tell the difference between itachi and obito’s power, Obito was stronger in many aspects , he avoided that amaterasu easily, one of the most powerful technique of itachi, so I don’t understand why some people say that itachi was above? It’s crazy",you can tell the difference between itachi and obitos power obito was stronger in many aspects he avoided that amaterasu easily one of the most powerful technique of itachi so i dont understand why some people say that itachi was above its crazy
"1:24 Logically, fire is light, and I think light can be moved by Obito with the space & time technique, Obito should be immune to Amaterasu. The nature of fire is light. Onoki's Jinton technique is also light. So fire and Jinton have similarities. It was proven when Obito helped Sasuke from Onoki's Jinton, they were safe. So Amaterasu should not be effective against Obito.",124 logically fire is light and i think light can be moved by obito with the space time technique obito should be immune to amaterasu the nature of fire is light onokis jinton technique is also light so fire and jinton have similarities it was proven when obito helped sasuke from onokis jinton they were safe so amaterasu should not be effective against obito
"If Sasuke was Itachi,sasuke Will make choice to protect the family and the clan and destroy the hidden leaf village.",if sasuke was itachisasuke will make choice to protect the family and the clan and destroy the hidden leaf village
u could have show one by one cant hear wht they r saying🥲,u could have show one by one cant hear wht they r saying
So many skips,so many skips
Sadly this end with sasuke saying that stupid goal,sadly this end with sasuke saying that stupid goal
Itachi uchigoat,itachi uchigoat
"PtmreNoticieros demrd tenemos, hablan más de un accidente que no quiso ser culpable, que un culpable que niega con 1000 de evidencias prensa sensacionalista basura, haber a la Boluarte??? Ni bien salió del poder se callaron los medios, paz y felicidad a las cortinas de humo",ptmrenoticieros demrd tenemos hablan ms de un accidente que no quiso ser culpable que un culpable que niega con 1000 de evidencias prensa sensacionalista basura haber a la boluarte ni bien sali del poder se callaron los medios paz y felicidad a las cortinas de humo
"Logically any fighting jutsu is ineffective against Obito's technique, theoretically Amaterasu should not work against Obito's technique, because Obito is able to penetrate objects, objects & light, including fire, Amaterasu is fire, fire is light. Obito is only amazed not afraid of Itachi because of his genius mindset, no one can fight Obito unless he is very smart like Minato & Itachi",logically any fighting jutsu is ineffective against obitos technique theoretically amaterasu should not work against obitos technique because obito is able to penetrate objects objects light including fire amaterasu is fire fire is light obito is only amazed not afraid of itachi because of his genius mindset no one can fight obito unless he is very smart like minato itachi
"bad editing, missed out some important part",bad editing missed out some important part
this kind of video definitely worst of the worse,this kind of video definitely worst of the worse
"Wow , Itachi gave his everything for his village and brother and still this idiot brother decided to destroy the village 🤡🤡, well not like he CAN destroy village until naruto is there.",wow itachi gave his everything for his village and brother and still this idiot brother decided to destroy the village well not like he can destroy village until naruto is there
Itachi is my fave character 😊,itachi is my fave character
This whole Naruto show is Itachi world❤😂,this whole naruto show is itachi world
She fall in his genjetsu😂,she fall in his genjetsu
Itachi has a pretty 🔥 entrance,itachi has a pretty entrance
Ooh... The days when we thought itachi was the villain. Little did we know😅,ooh the days when we thought itachi was the villain little did we know
Her atmosphere changed all of a sudden😂,her atmosphere changed all of a sudden
Ohhh my boi itachi ❤❤❤,ohhh my boi itachi
Mvp of show,mvp of show
I love Sasuke kun,i love sasuke kun
I love Itachi ❤❤❤,i love itachi
Best Shinobi in History,best shinobi in history
It was cool seeing  this the first time.  It still is in 2025,it was cool seeing this the first time it still is in 2025
The greatest character in the series has arrived.,the greatest character in the series has arrived
"The moment you see Itachi for the first time, you are already in his genjutsu...",the moment you see itachi for the first time you are already in his genjutsu
Incrível como esses personagens casam com o universo.,incrvel como esses personagens casam com o universo
"Rachel Weisz watches anime?
That is so cool 😮",rachel weisz watches anime that is so cool
"When I see it first time, I heard about already itachi because in games like pubg player use name of itachi as nicknames so I was curious who is this guy, then I watch the orochimaru attack on leaf then this episode come as first episode in   next arc I was excited then I saw this episode but he looked pretty normal guy 😂 but when I heard story and more about this guy I was 🥶",when i see it first time i heard about already itachi because in games like pubg player use name of itachi as nicknames so i was curious who is this guy then i watch the orochimaru attack on leaf then this episode come as first episode in next arc i was excited then i saw this episode but he looked pretty normal guy but when i heard story and more about this guy i was
please upload Naruto Shippuden short video reaction here,please upload naruto shippuden short video reaction here
shadow hero,shadow hero
WHO IS STILL-,who is still
"why is your chin break in two




future two men",why is your chin break in two future two men
"She couldn't make her reaction faker, more forced and exaggerated",she couldnt make her reaction faker more forced and exaggerated
The best character Itachi Uchiha,the best character itachi uchiha
Your father,your father
What’s wrong with her eyes,whats wrong with her eyes
I thought you were loser fruit 😂,i thought you were loser fruit
"""HE THINKS HE'S HIM""


Who gonna tell lil buddy...",he thinks hes him who gonna tell lil buddy
Itachi is not an aura farmer he is AURA,itachi is not an aura farmer he is aura
"12:32 Ange's ""He thinks he's him"" followed by the ""He might be him"" cracks me up lmaoo",1232 anges he thinks hes him followed by the he might be him cracks me up lmaoo
Let's give a round of applause to Kurenai for having a guts of using Genjutsu against Uchiha. 👏👏👏,lets give a round of applause to kurenai for having a guts of using genjutsu against uchiha
Is that one girl taking anime notes like its a college class?,is that one girl taking anime notes like its a college class
My goat Kisame finally popping out !,my goat kisame finally popping out
Itachi is one of those characters that he is one of the few side characters who is more popular than the main character.,itachi is one of those characters that he is one of the few side characters who is more popular than the main character
"Girls to Itachi: ""You da real Genjutsu"".",girls to itachi you da real genjutsu
Ange speaking rubbish while being invisible is even funnier 😭,ange speaking rubbish while being invisible is even funnier
Kurenai really tried to use genjutsu against Itachi 💀💀💀,kurenai really tried to use genjutsu against itachi
Nothing will ever be as funny as Kurenai using genjutsu against Itachi 😂,nothing will ever be as funny as kurenai using genjutsu against itachi
13:41 In hindsight he was truly telling the truth 👀,1341 in hindsight he was truly telling the truth
GOAT ITACHI IS HERE?!,goat itachi is here
"""He thinks he's him"". He is",he thinks hes him he is
Finally My Goat Itachi Uchiha Has Arrived,finally my goat itachi uchiha has arrived
"Kurenai using a genjutsu in Itachi in that moment, it's like a high school teacher trying to punch Tyson in his prime.",kurenai using a genjutsu in itachi in that moment its like a high school teacher trying to punch tyson in his prime
Itachi is pure aura,itachi is pure aura
Love itachi since young,love itachi since young
My goat has arrived,my goat has arrived
16:22 HE SAID THE THING!,1622 he said the thing
They girl think kakashi stop Itachi 😅😅,they girl think kakashi stop itachi
Itachi is bae 💞,itachi is bae
"Only now i realized the insanity of walking around with an akatsuki uniform, not only you have an extremely high profile face youre a walking red light, and later he got close to naruto and didnt scout him 1st to realize jiraya of all people was with him??? At that point itachi was almost certainly a villain so that was VERY relaxed plotting, its to be cool and you not think much about it. Realistically those outlaws would get huge squads on all around territories and have the whole konoha staff thrown at them - well, just a few elites would suffice since that time the story was still more grounded - so they would use disguises most of the time specially in an infiltration and kidnapp attempt.",only now i realized the insanity of walking around with an akatsuki uniform not only you have an extremely high profile face youre a walking red light and later he got close to naruto and didnt scout him 1st to realize jiraya of all people was with him at that point itachi was almost certainly a villain so that was very relaxed plotting its to be cool and you not think much about it realistically those outlaws would get huge squads on all around territories and have the whole konoha staff thrown at them well just a few elites would suffice since that time the story was still more grounded so they would use disguises most of the time specially in an infiltration and kidnapp attempt
"14:30 That beautiful woman in the middle there is also incredibly intelligent.

She did the math. She knows how to power scale. She knew they were about to lose. Horribly.",1430 that beautiful woman in the middle there is also incredibly intelligent she did the math she knows how to power scale she knew they were about to lose horribly
Koronai using gengutsu on itachi is hilarious 😂😂,koronai using gengutsu on itachi is hilarious
It's hilarious to think that carlie (bottom right) is seen and it just seems that there's some guy ranting in the background,its hilarious to think that carlie bottom right is seen and it just seems that theres some guy ranting in the background
Yay! New Episode!!,yay new episode
Kurenai's Genjutsu😂😂😂😂🤣🤣😂😂🤣🤣🤣🤣😂😂🤣🤣🤣🤣🤣🤣😂😂😂😂🤣🤣🤣🤣,kurenais genjutsu
"You guys really enjoyed the Japanese anime! They're fantastic! I'm from Brazil, and when I started watching Naruto, streaming didn't exist and Shippuden hadn't been made yet! I'm also 37 years old and I've been watching Naruto, One Piece, and dozens of other anime since I was 16! Your reaction is great! Congratulations! 🫶🏻🇧🇷
The coolest thing about these fantastic works is that their lessons are very real, lessons capable of saving people, of saving the world! I don't know your ideology, but have you ever stopped to think about these wonderful works in the hands of woke culture?",you guys really enjoyed the japanese anime theyre fantastic im from brazil and when i started watching naruto streaming didnt exist and shippuden hadnt been made yet im also 37 years old and ive been watching naruto one piece and dozens of other anime since i was 16 your reaction is great congratulations the coolest thing about these fantastic works is that their lessons are very real lessons capable of saving people of saving the world i dont know your ideology but have you ever stopped to think about these wonderful works in the hands of woke culture
Check out this crazy arc that's coming up; seeing more of Naruto and Jiraiya is going to be great.,check out this crazy arc thats coming up seeing more of naruto and jiraiya is going to be great
12:34 ITACHI UCHIHA🔴🔴🔴🔴🔴🔴🔴🔴🔴🔴🔴🔴🔴,1234 itachi uchiha
crazy how they revealed obito so early on when obiito wasnt even introduced yet. and obito and itachi were sitting in the bar place whatever,crazy how they revealed obito so early on when obiito wasnt even introduced yet and obito and itachi were sitting in the bar place whatever
"12:32
“He thinks he’s him”

Nooooooo

He is knows he’s Him 🐦‍⬛",1232 he thinks hes him nooooooo he is knows hes him
I was a kid when I Konohamaru should've been the next protagonist,i was a kid when i konohamaru shouldve been the next protagonist
wait why is all the girlies here looking like supermodels of sort damn.,wait why is all the girlies here looking like supermodels of sort damn
Who’s the top right girl with the accent?,whos the top right girl with the accent
FYI he is only about 17/18 here lol.....,fyi he is only about 1718 here lol
damm the girl in middle must br writing essay for her theasis,damm the girl in middle must br writing essay for her theasis
"9:40 the Anbu aren’t to “assist his search”, as the old man said, but rather to make sure he, Jiraiya, comes back with or without Tsunade since as of that moment, he’s Hokage until a successor takes over. He even states he doesn’t need “bodyguards” but rather take a student along because he is that strong.",940 the anbu arent to assist his search as the old man said but rather to make sure he jiraiya comes back with or without tsunade since as of that moment hes hokage until a successor takes over he even states he doesnt need bodyguards but rather take a student along because he is that strong
"BRO, please remove the girl in the middle or turn her down, these reaction would be 10/10 if she wasnt there or was lower, she brings down the whole vibe",bro please remove the girl in the middle or turn her down these reaction would be 1010 if she wasnt there or was lower she brings down the whole vibe
Teuchi made more for Naruto than Hiruzen.😂,teuchi made more for naruto than hiruzen
"back in the days: the boys think gaara was badass, until Itachi came",back in the days the boys think gaara was badass until itachi came
This is the Best itachi,this is the best itachi
Kakashi end kalo di depan hitacih 😅,kakashi end kalo di depan hitacih
"10:46 oh no, he pushed the sasuke button😱😱😱😱",1046 oh no he pushed the sasuke button
"Who's the girl in the middle, I don't know her",whos the girl in the middle i dont know her
Kurenai using a genjutsu to the GOD of genjutsu is the most 🤡 moment in naruto,kurenai using a genjutsu to the god of genjutsu is the most moment in naruto
"11:54 ""Is this Sasuke Brother? 🥴""",1154 is this sasuke brother
12:40 is where u looking for,1240 is where u looking for
Kakashi's about to have a very bad day.,kakashis about to have a very bad day
Kurenai sensei pensó q podía hacerle un hijo a Itachi y termino 🤡 por q Itachi ya se lo había echo,kurenai sensei pens q poda hacerle un hijo a itachi y termino por q itachi ya se lo haba echo
Why is there a man in my girls react video you had one job,why is there a man in my girls react video you had one job
King Itachi,king itachi
Isso é por que elas não me viram ainda kk,isso por que elas no me viram ainda kk
"Pra que coloca essa faixa gigante na tela, da pra ver bosta nenhuma ...",pra que coloca essa faixa gigante na tela da pra ver bosta nenhuma
What’s the point. We can’t see anything,whats the point we cant see anything
"of all these creatures, there is only one human. The girl in the middle one, the others are just a dum head",of all these creatures there is only one human the girl in the middle one the others are just a dum head
"Before, I'm really confused why does the ramen vendor so good at naruto. Then watching minato's flashbacks, that ramen guy was with the team with minato in their jenin days",before im really confused why does the ramen vendor so good at naruto then watching minatos flashbacks that ramen guy was with the team with minato in their jenin days
Now do guys entrance,now do guys entrance
Why do people like to put people down when the opponent is stronger than them? At least he tried to fight back? You can enjoy watching it casually following all the lines written by Kishimoto so weird 😵‍💫,why do people like to put people down when the opponent is stronger than them at least he tried to fight back you can enjoy watching it casually following all the lines written by kishimoto so weird
tbh Itachi's first showing in the manga looked way better.  I don't know why Pierrot Studios messed up the art.,tbh itachis first showing in the manga looked way better i dont know why pierrot studios messed up the art
why is there a guy talking,why is there a guy talking
is this performative or no?,is this performative or no
a lot of them obviously watched shippuden first before the OG Naruto series 🙄,a lot of them obviously watched shippuden first before the og naruto series
"5.1.2026(4: 31pm)
42nd comment
(407-L)
J3: 16",5120264 31pm 42nd comment 407l j3 16
Oh no he's hot!,oh no hes hot
Could use guys go dubbed?😩 i really wanna see you guys reaction but in dub,could use guys go dubbed i really wanna see you guys reaction but in dub
Like be quiet for a minute and enjoy the anime,like be quiet for a minute and enjoy the anime
"I love how Kisame completely submits to Itachi, despite his age, and addresses him with respect. This detail is significant, because given Kisame's own backstory, he's one of the few who understands that he lost to Itachi in terms of suffering, and he fully acknowledges his inferiority to Itachi, something few notice.
For that Kisame goat",i love how kisame completely submits to itachi despite his age and addresses him with respect this detail is significant because given kisames own backstory hes one of the few who understands that he lost to itachi in terms of suffering and he fully acknowledges his inferiority to itachi something few notice for that kisame goat
Why these people' look the same unless they reacting to old narutos,why these people look the same unless they reacting to old narutos
Todsuka kelar dek 🤡,todsuka kelar dek
that girl in the middle is cringy asf good lord,that girl in the middle is cringy asf good lord
I was about to tune into the they series until i heard subbed 😭😭👎🏽,i was about to tune into the they series until i heard subbed
Stop including whoever has the annoying guy,stop including whoever has the annoying guy
"Of all the fights in the shinobi war arc, this one is at the top of the list for numerous reasons: Their strength, their juitsu, the ideals they fight for, the growth over the years, and their friendship!",of all the fights in the shinobi war arc this one is at the top of the list for numerous reasons their strength their juitsu the ideals they fight for the growth over the years and their friendship
The most anticipated anime fight  EVER! Didn’t disappoint,the most anticipated anime fight ever didnt disappoint
this fight was true embodiment of years of journey. so many moments which happened throughout the series were shown here by symbolism,this fight was true embodiment of years of journey so many moments which happened throughout the series were shown here by symbolism
i loved the part where you can see all the hands forming the rasengan and with sasuke you can see the hand from itachi...,i loved the part where you can see all the hands forming the rasengan and with sasuke you can see the hand from itachi
"sasuke literally created a tailed beast susanoo, damn i miss you rinnegan",sasuke literally created a tailed beast susanoo damn i miss you rinnegan
"""They've been fighting for hours"" plus the several days straight that they were fighting literally god level shinobi",theyve been fighting for hours plus the several days straight that they were fighting literally god level shinobi
Ah memories back when our boys were OP,ah memories back when our boys were op
Naruto and Sasuke fighting each other at final valley with no energy left 😢,naruto and sasuke fighting each other at final valley with no energy left
This fight probably had the most feeling in any anime fight most likely made.,this fight probably had the most feeling in any anime fight most likely made
None of them commented on (I'm pretty certain) Itachi's hand with sasuke chidori although I think it blends with the chidori light,none of them commented on im pretty certain itachis hand with sasuke chidori although i think it blends with the chidori light
legendary fight to this day!,legendary fight to this day
"Naruto could kill Sasuke anytime in this fight, but He doesn't it. Sasuke returns was his objective. The bijudama hesitasion is a prove.",naruto could kill sasuke anytime in this fight but he doesnt it sasuke returns was his objective the bijudama hesitasion is a prove
"Naruto's ending .. 🔥
A fight between naruto and sasuke . Destined to end in hatred . Idealism vs realism . Different approaches on the meaning of "" hokage "" . Themes of Peace/hatred/war getting peaked . Naruto building his ideology on nagato ( another uzumaki ) and sasuke building his on itachi ( another uchiha ) and etc ... . 
MASTERPIECE OF A STORY ❤❤",narutos ending a fight between naruto and sasuke destined to end in hatred idealism vs realism different approaches on the meaning of hokage themes of peacehatredwar getting peaked naruto building his ideology on nagato another uzumaki and sasuke building his on itachi another uchiha and etc masterpiece of a story
Honestly my fav fight in this show. It’s like the whole show just lead up to this moment. Them fighting and then sasuke’s realisation. Also Naruto’s self reflecting part earlier before that. So well made. I cried so much when both of them were laying on the rock after being in that other world inside their hearts? Especially cried when I saw how detailed they animated sasukes face when he realised stuff,honestly my fav fight in this show its like the whole show just lead up to this moment them fighting and then sasukes realisation also narutos self reflecting part earlier before that so well made i cried so much when both of them were laying on the rock after being in that other world inside their hearts especially cried when i saw how detailed they animated sasukes face when he realised stuff
2:43 I just realized: Sasuke teleported by swapping with Naruto’s Truthseeker Orb.,243 i just realized sasuke teleported by swapping with narutos truthseeker orb
Most iconic fight in anime history,most iconic fight in anime history
12:58 real fun starts from here you know what I mean 😂,1258 real fun starts from here you know what i mean
"For those that didnt know, that susanoo kirin was not in the manga, it was something studio Pierrot added just for the anime",for those that didnt know that susanoo kirin was not in the manga it was something studio pierrot added just for the anime
"In sasuke's Flame Control Chidori, you can see Itachi's hand with him, supporting him.",in sasukes flame control chidori you can see itachis hand with him supporting him
i love how madara use his susanoo to do a jutsu and they all were shocked to see sasuke shoot fire balls out of his,i love how madara use his susanoo to do a jutsu and they all were shocked to see sasuke shoot fire balls out of his
Hmmm Genin level fight????,hmmm genin level fight
"Nobody noticed during the last moment where naruto had many diff hands to help create the rasengan, sasuke actually had one hand (presumably itachi's) to create the chidori as well.",nobody noticed during the last moment where naruto had many diff hands to help create the rasengan sasuke actually had one hand presumably itachis to create the chidori as well
no matter how much i watch this i cry over and over and over again!,no matter how much i watch this i cry over and over and over again
"What I love at the beginning of this fight is the characters taking the forms of the past to the present, without a soundtrack, without dialogue, just silence and a frank exchange of taijutsu and ninjutsu congratulations to the studio that animated this!",what i love at the beginning of this fight is the characters taking the forms of the past to the present without a soundtrack without dialogue just silence and a frank exchange of taijutsu and ninjutsu congratulations to the studio that animated this
the thing about naruto vs sasuke fights is that they always combine what jutsus they have learnt on the way instead using too many complex jutsus,the thing about naruto vs sasuke fights is that they always combine what jutsus they have learnt on the way instead using too many complex jutsus
I know it's really subtle and normally I wouldn't even notice this sort of thing but right at the beginning of the fight when Sasuke used the fireball jutsu that fireball in particular looked clean as hell,i know its really subtle and normally i wouldnt even notice this sort of thing but right at the beginning of the fight when sasuke used the fireball jutsu that fireball in particular looked clean as hell
The fist bump and the rasengan created from everyone stand by his side 🥺🥹😭,the fist bump and the rasengan created from everyone stand by his side
Just imagine this two Genin participate in Chuunin Exam...LMFAO,just imagine this two genin participate in chuunin examlmfao
"Just remember Sasuke was out to kill, Naruto was trying to subdue.",just remember sasuke was out to kill naruto was trying to subdue
"They summed up the build up of this anime with an incalculable level of excellence. Even the fact that there was barely any battle music unlike their first fight in the Valley, making it raw and honestly adds a great tension to the watcher. It was truly and ending for the ages.",they summed up the build up of this anime with an incalculable level of excellence even the fact that there was barely any battle music unlike their first fight in the valley making it raw and honestly adds a great tension to the watcher it was truly and ending for the ages
"Really hard finding sth that tops this 🔥
( ofc animations will become better with time but impact , meaning , tension , build-up , references and conclusions here is another level of P.E.A.K ❤ )",really hard finding sth that tops this ofc animations will become better with time but impact meaning tension buildup references and conclusions here is another level of peak
Doesnt seem like it hit anyone there but when you realize naruto really was playing defense and trying not to kill sasuke while sasuke was straight trying to murder naruto. The ball was in narutos court the whole time. He sacrificed his arm for his friend. Once he lost that siz paths mode tho sasuke can kill him easily lol,doesnt seem like it hit anyone there but when you realize naruto really was playing defense and trying not to kill sasuke while sasuke was straight trying to murder naruto the ball was in narutos court the whole time he sacrificed his arm for his friend once he lost that siz paths mode tho sasuke can kill him easily lol
"I like Sasuke's fighting style because everything he does is calculated. the fireballs he did with the susanoo at 4:09 was just to warm up the atmosphere enough to use kirin later on, which he does. He did the exact same thing in the Urashiki fight in Boruto and everyone thought he missed when he was doing the exact same thing. He knows he doesn't have as much chacra as naruto but is clever enough to keep up. Sasuke is Goated",i like sasukes fighting style because everything he does is calculated the fireballs he did with the susanoo at 409 was just to warm up the atmosphere enough to use kirin later on which he does he did the exact same thing in the urashiki fight in boruto and everyone thought he missed when he was doing the exact same thing he knows he doesnt have as much chacra as naruto but is clever enough to keep up sasuke is goated
"Here the two main characters are fighting to their death.....but...

12:56 “Hey you lost your skirt,am so happy!!""",here the two main characters are fighting to their deathbut 1256 hey you lost your skirtam so happy
Anyone notice Itachi near Sasuke’s final chidori?!?!,anyone notice itachi near sasukes final chidori
absolute cinema,absolute cinema
"Y""all remember when it came out how fucking hype the internet was for naruto vs sasuke final it was everywhere the shit was real tight and they delivered",yall remember when it came out how fucking hype the internet was for naruto vs sasuke final it was everywhere the shit was real tight and they delivered
One of the best fights in Naruto 🔥 so many times I’ve watched but still I’m getting goosebumps 🔥,one of the best fights in naruto so many times ive watched but still im getting goosebumps
"Out of all the hits in this fight, the headbutt at 14:51 will always be my favorite its so hard and personal and the fact that it was Sasuke who received it who was annoying as hell at this point was the icing on the cake",out of all the hits in this fight the headbutt at 1451 will always be my favorite its so hard and personal and the fact that it was sasuke who received it who was annoying as hell at this point was the icing on the cake
"Best naruto verse fight by far, nowhere does Boruto come close.",best naruto verse fight by far nowhere does boruto come close
"""Can we call it a day, just, same time tomorrow?"" I laughed haha
""indra's arrow"" shows Sasuke's intelligence vs. Naruto's instincts
fuck me 19:42 is so awesome, it's the first time ""negative"" Kurama realizes why ""Positive"" Kurama respected and appreciated Naruto so much. And also accepts it
Fuck me I cry at so many parts on this but seeing the Jiraiya and then Kakashi, Obito, and Rin hands appear to create the Rasengan is just awesome.",can we call it a day just same time tomorrow i laughed haha indras arrow shows sasukes intelligence vs narutos instincts fuck me 1942 is so awesome its the first time negative kurama realizes why positive kurama respected and appreciated naruto so much and also accepts it fuck me i cry at so many parts on this but seeing the jiraiya and then kakashi obito and rin hands appear to create the rasengan is just awesome
YES SWAG INTRO VERY EPIC XD,yes swag intro very epic xd
"Seeing images of everyone helping Naruto make the Rasengan, starting with Jiraiya and ending wih Minato and Kushina, is one of the best moments in the show.",seeing images of everyone helping naruto make the rasengan starting with jiraiya and ending wih minato and kushina is one of the best moments in the show
main character plot is what keeps on saving naruto tbh,main character plot is what keeps on saving naruto tbh
"The final part where they fight hands-to-hands with low chakra is so much better than the crazy godzilla like power-ups. So much emotion, so much meaning and nostalgia, just beautiful",the final part where they fight handstohands with low chakra is so much better than the crazy godzilla like powerups so much emotion so much meaning and nostalgia just beautiful
Thanks for the feature and the credit as always my man 😎🤙,thanks for the feature and the credit as always my man
What a final fight,what a final fight
14:45 when the smiles slowly dissappear. Such a brutal couple seconds.,1445 when the smiles slowly dissappear such a brutal couple seconds
Nice vidioes thanks,nice vidioes thanks
"During the 'Nandomo"" everybody's reaction was the same, they'd just stop talking and just enjoy that powerful line from Sasuke & the voice acting was on point but OF COURSE the guy in the bottom middle had to ruin it by not shutting the hell up. 

I guess he's one of those guys that think ""reacting"" is about talking every 3 seconds.",during the nandomo everybodys reaction was the same theyd just stop talking and just enjoy that powerful line from sasuke the voice acting was on point but of course the guy in the bottom middle had to ruin it by not shutting the hell up i guess hes one of those guys that think reacting is about talking every 3 seconds
"I still love the fact this is one of the first times naruto ever made a rasengan with 0 help from clones or kurama, just the visions of his friends.",i still love the fact this is one of the first times naruto ever made a rasengan with 0 help from clones or kurama just the visions of his friends
Sasuke looks damn cool when he absorbs the bijuuu chakra with the badass theme in bg,sasuke looks damn cool when he absorbs the bijuuu chakra with the badass theme in bg
"Probably one of my biggest regrets in life now is not watching Naruto growing up since it came out the year I was born sadly no one introduced me to the show and I was stuck to video games and Disney,nick, and Cartoon Network just finished it at 19 and currently on Boruto at 20",probably one of my biggest regrets in life now is not watching naruto growing up since it came out the year i was born sadly no one introduced me to the show and i was stuck to video games and disneynick and cartoon network just finished it at 19 and currently on boruto at 20
What's crazy is that Naruto has been fighting this whole time with only half of Kurama. Just goes to show how much chakra the nine tails has and can accumulate with only 50% of himself and how op Naruto would be with 100% Kurama.,whats crazy is that naruto has been fighting this whole time with only half of kurama just goes to show how much chakra the nine tails has and can accumulate with only 50 of himself and how op naruto would be with 100 kurama
"Dope ass fight
One the Best fights in Anime Easily",dope ass fight one the best fights in anime easily
The fact that sasuke was going for the kill the whole fight while naruto was trying to save sasuke the whole fight shows that naruto was holding back a lot just to save his friend,the fact that sasuke was going for the kill the whole fight while naruto was trying to save sasuke the whole fight shows that naruto was holding back a lot just to save his friend
That fist bump 😭😭😭,that fist bump
@14:04 Sasuke fell for the clone decoy without having his sharingan. I love the little details in this fights. There's many more.,1404 sasuke fell for the clone decoy without having his sharingan i love the little details in this fights theres many more
They were surprised that Sasuke could use BanShouTenBiKi😂😂,they were surprised that sasuke could use banshoutenbiki
THATS A FUCKING MASTERPIECE IF THERES SOMETHING LIKE A MASTERPIECE IN ANIME. INEVITABILITY OF CONFRONTATION,thats a fucking masterpiece if theres something like a masterpiece in anime inevitability of confrontation
Bro you're the best 💯🤙,bro youre the best
Best fight in the Entire Series along with Pain x Naruto and kurama The Best arc,best fight in the entire series along with pain x naruto and kurama the best arc
13:21 old school naruto music!,1321 old school naruto music
Nicee. Please Next Part Broo.,nicee please next part broo
I think fighting in taijutsu first is the way of respect fighting each other in naruto verse,i think fighting in taijutsu first is the way of respect fighting each other in naruto verse
i think everyone missed the subtle itachi hand helping out sasukes final chidori,i think everyone missed the subtle itachi hand helping out sasukes final chidori
Itachi’s hand was behind saduke’s chidori,itachis hand was behind sadukes chidori
Been waiting for this video,been waiting for this video
Naruto's wedding for next 🔥🔥,narutos wedding for next
That Genin fighting!😂😂😂,that genin fighting
I like how their fists are where they had their final hits on each other in classic naruto,i like how their fists are where they had their final hits on each other in classic naruto
The fact that all the beast chakra has consume by sasuke,the fact that all the beast chakra has consume by sasuke
"And what saved the world wasn't a tailed beast, a single man or woman standing above all, but the love naruto shared with others and they returned with interest.
 The love of a passed mentor started it, the fallen helped shape it, friends keep it in check and finally the unremitting love2 absentee parents poured the last light they had past the veil of death to finish it, the hand you saw with Sasuke wasnt helping him it was trying to stop him from repeating a beloved brother from making the biggedt mistake of all.",and what saved the world wasnt a tailed beast a single man or woman standing above all but the love naruto shared with others and they returned with interest the love of a passed mentor started it the fallen helped shape it friends keep it in check and finally the unremitting love2 absentee parents poured the last light they had past the veil of death to finish it the hand you saw with sasuke wasnt helping him it was trying to stop him from repeating a beloved brother from making the biggedt mistake of all
Sasuke tried his best to fight the plot,sasuke tried his best to fight the plot
This show how a powerful normal rasengan is. To be on par with Chidori merged with Sasuke's black flames.,this show how a powerful normal rasengan is to be on par with chidori merged with sasukes black flames
I still cry whenever Jiraya’s hand comes to help his student one last time,i still cry whenever jirayas hand comes to help his student one last time
did anyone noticed the last two hands forming naruto's rasengan was the hands of minato and kushina?,did anyone noticed the last two hands forming narutos rasengan was the hands of minato and kushina
And because of that I love Naruto,and because of that i love naruto
I swear Naruto tripping was Hella funny 🤣,i swear naruto tripping was hella funny
There's no way you cut it off here 😭,theres no way you cut it off here
I’m glad they didn’t leave out any of ability’s,im glad they didnt leave out any of abilitys
21:17 that music drop is insane,2117 that music drop is insane
The strongest Geninns battle :),the strongest geninns battle
Bro sasuke really hit him with a brutality 22:29,bro sasuke really hit him with a brutality 2229
Just think about how Madara and Hashirama didn't need the sage of six paths to lend them this power....they did it on their own🐐🐐,just think about how madara and hashirama didnt need the sage of six paths to lend them this powerthey did it on their own
Best fight in amine history!,best fight in amine history
Anyone realize itachi gives chakra to sasuke🥺,anyone realize itachi gives chakra to sasuke
Se necesita con urgencia la segunda parte,se necesita con urgencia la segunda parte
Any one saw itachi's hand at sasuke chidori,any one saw itachis hand at sasuke chidori
"""he lost your skirt, im so happy""",he lost your skirt im so happy
20:52 best part!,2052 best part
"who""s still here in august 2025",whos still here in august 2025
Still my favorite fight,still my favorite fight
👉🏻▶ Whatch it in HD (No watermarks): https://www.patreon.com/posts/sasuke-vs-naruto-99085333,whatch it in hd no watermarks
Not a lot of people have noticed but when they're doing their last rasengan and chidori you can see Itachi's hand next to Sasuke's chidori,not a lot of people have noticed but when theyre doing their last rasengan and chidori you can see itachis hand next to sasukes chidori
I still don't get why ppl are so obsessed with power ranks when the whole manga is about friendship and love. Kids these days...,i still dont get why ppl are so obsessed with power ranks when the whole manga is about friendship and love kids these days
One of the best fights in anime history.,one of the best fights in anime history
"when sasuke look at himself in the group and then looking down, i kinda cried",when sasuke look at himself in the group and then looking down i kinda cried
The fact that this battle is between 2 genins💀,the fact that this battle is between 2 genins
"Man, if Naruto wasn't the most forgiving person on the planet. lol",man if naruto wasnt the most forgiving person on the planet lol
"Idk how, when this episode aired, NO ONE figured out that Naruto showing his arm the way he did to Kurama was basically saying he was going to sacrifice it. The position of how he holds the arm gave it away completely I thought.",idk how when this episode aired no one figured out that naruto showing his arm the way he did to kurama was basically saying he was going to sacrifice it the position of how he holds the arm gave it away completely i thought
"To me this fight was the Endgame of anime. The build up to it over such a long stretch, the valley getting destroyed almost felt like a cleansing too. I'm so grateful to have followed this story and grow up with it too <3",to me this fight was the endgame of anime the build up to it over such a long stretch the valley getting destroyed almost felt like a cleansing too im so grateful to have followed this story and grow up with it too 3
cant belive sasuke said quit yapping 🤣🤣😂,cant belive sasuke said quit yapping
You know how good it is when fight scene made girls cry.,you know how good it is when fight scene made girls cry
"I'm amused by the fact that the final fight against Kaguya was about Team 7 reuniting, but after the threat passed, Sasuke was just like, ""Suck it, I'm going to rule the world and kill everyone who gets in the way.""",im amused by the fact that the final fight against kaguya was about team 7 reuniting but after the threat passed sasuke was just like suck it im going to rule the world and kill everyone who gets in the way
truly one of the best fights in all of fiction. literally all of the build up from the war leads to this fight. not to mention they represented the bond between them perfectly here.,truly one of the best fights in all of fiction literally all of the build up from the war leads to this fight not to mention they represented the bond between them perfectly here
the scene when they showed both their hands bring shiver down to the spine everytime,the scene when they showed both their hands bring shiver down to the spine everytime
"i always love the reactions and i love naruto, keep up the good work!😁❤",i always love the reactions and i love naruto keep up the good work
Shanks:haha welcome from group of the 1 arm,shankshaha welcome from group of the 1 arm
"i watched a shit ton of anime and no anime fight came close to this. naruto is not even my top5 but man what a fight. the entire series leads up to this. the animation, choreography, emotion. just holy peak.",i watched a shit ton of anime and no anime fight came close to this naruto is not even my top5 but man what a fight the entire series leads up to this the animation choreography emotion just holy peak
"i still think, that naruto was stronger at this point.",i still think that naruto was stronger at this point
Got emotional for a second,got emotional for a second
"Kakashi: that's why I ruined their fight when they were kids, so that this anime wouldn't end early",kakashi thats why i ruined their fight when they were kids so that this anime wouldnt end early
Why are so many old videos being deleted?😢,why are so many old videos being deleted
42:07 one of my favorite lines 😅,4207 one of my favorite lines
I noticed not a single person noticed the OG Naruto music kick in when they started fighting on the ground after the massive collision in the sky.,i noticed not a single person noticed the og naruto music kick in when they started fighting on the ground after the massive collision in the sky
Just masterpiece,just masterpiece
"55:46  best part ever!!!!
The way he shows emotions and the way the area around his eyes crinkles is chef's kiss 
Cheers to the animators",5546 best part ever the way he shows emotions and the way the area around his eyes crinkles is chefs kiss cheers to the animators
I wish more people had seen Itachi's hand helping sasuke's last chidori,i wish more people had seen itachis hand helping sasukes last chidori
Sad moments Naruto and Sasuke 🥹,sad moments naruto and sasuke
"i like the part where naruto said u were pretty stupid too, sasuke pretty much overall a lost angrty child, angry at his brother, the world, trying to fix things at his stubborn way",i like the part where naruto said u were pretty stupid too sasuke pretty much overall a lost angrty child angry at his brother the world trying to fix things at his stubborn way
"sasuke the only one who can make ninja weapons (shurikens, kunais, etc) useful",sasuke the only one who can make ninja weapons shurikens kunais etc useful
44:17 best part ong ❤,4417 best part ong
There’s always someone laughing in these videos,theres always someone laughing in these videos
To this day i still think this is the best final fight in all anime history. Perfectly executed well.,to this day i still think this is the best final fight in all anime history perfectly executed well
Alot of people don't notice that saskue had itachis help with his chidori. From the reactions iv seen of this. It's a nice touch when you see it,alot of people dont notice that saskue had itachis help with his chidori from the reactions iv seen of this its a nice touch when you see it
"The fact that Naruto is still holding back because Sasuke call him ""my one and only friend""",the fact that naruto is still holding back because sasuke call him my one and only friend
I'm still crying watching those scene where sasuke finally admit he lose to naruto and crying  😢,im still crying watching those scene where sasuke finally admit he lose to naruto and crying
Y’all know that what kishimoto is saying is that Naruto verse might just be his own omnipotence. Do you know how many possibilities this opens up fam?.,yall know that what kishimoto is saying is that naruto verse might just be his own omnipotence do you know how many possibilities this opens up fam
"Anyone commenting abt how Naruto was holding back bc he was trying not to kill Sasuke and therefore he's stronger than Sasuke, you're missing the point. If Naruto bent all of his power towards trying to kill Sasuke, ***He wouldn't be Naruto anymore.*** I get that it's fun to compare power levels but just take a second and think about what you're saying. It's like any classic Batman v Superman argument. If Superman tried to kill batman as effectively as possible, that wouldn't be Superman because Superman would never do that and there's nothing that could ever happen which would make him do that. 

There's no point arguing how Naruto has more raw power and could kill Sasuke at any time *because Naruto would never fucking do that* so it's a pointless argument.",anyone commenting abt how naruto was holding back bc he was trying not to kill sasuke and therefore hes stronger than sasuke youre missing the point if naruto bent all of his power towards trying to kill sasuke he wouldnt be naruto anymore i get that its fun to compare power levels but just take a second and think about what youre saying its like any classic batman v superman argument if superman tried to kill batman as effectively as possible that wouldnt be superman because superman would never do that and theres nothing that could ever happen which would make him do that theres no point arguing how naruto has more raw power and could kill sasuke at any time because naruto would never fucking do that so its a pointless argument
im still wondering how naruto did that uppercut that deadass saved his life on 41:08,im still wondering how naruto did that uppercut that deadass saved his life on 4108
Sasuke making a juubi susanoo is actually the craziest jutsu a shinobi has ever done,sasuke making a juubi susanoo is actually the craziest jutsu a shinobi has ever done
"""When I see you take on stuff and get all messed up...  It kinda hurts.""",when i see you take on stuff and get all messed up it kinda hurts
The third lady from the top face during the last Rasengan and Chidori Lmao.,the third lady from the top face during the last rasengan and chidori lmao
36:54 Naruto: i didn’t hear no bell,3654 naruto i didnt hear no bell
58:53 Finally Hashirama and Madara found PEACE in this Accursed World!!!,5853 finally hashirama and madara found peace in this accursed world
"the last part still put the most emotional part for me , especially when naruto and sasuke doing unison sign through their own bloods.",the last part still put the most emotional part for me especially when naruto and sasuke doing unison sign through their own bloods
20:40 a small observation where sasuke has a different vibe instead of pain always pushing away everything and fighting with that small distance sasuke will pull you to him and make you feel like you’re stuck in a room with him,2040 a small observation where sasuke has a different vibe instead of pain always pushing away everything and fighting with that small distance sasuke will pull you to him and make you feel like youre stuck in a room with him
"To think that sasuke had more tricks up his sleeve and Naruto just wanted to knock his ass out but held back is how they wanted to fight, and to do it where the rivalry began is even more legendary",to think that sasuke had more tricks up his sleeve and naruto just wanted to knock his ass out but held back is how they wanted to fight and to do it where the rivalry began is even more legendary
People forget in this fight Naruto indirectly let Sasuke borrowed his chakra..,people forget in this fight naruto indirectly let sasuke borrowed his chakra
Best comment was my boy got to go through all this on his birthday no birthday cake no nothing just some one is trying to kill him 😅,best comment was my boy got to go through all this on his birthday no birthday cake no nothing just some one is trying to kill him
Absolute cinema,absolute cinema
Watching this video 8th time still can go over it,watching this video 8th time still can go over it
Dont forget Naruto was holding back in 99% of this entire fight because he didn't want to kill Sasuke. The only time Naruto had to get a little serious was when Sasuke used the tailed beast chakra. This is shown even more when Sasuke took his Chakra and Naruto still had enough power to knock him far away with a lot of strength.,dont forget naruto was holding back in 99 of this entire fight because he didnt want to kill sasuke the only time naruto had to get a little serious was when sasuke used the tailed beast chakra this is shown even more when sasuke took his chakra and naruto still had enough power to knock him far away with a lot of strength
I still believe naruto intentionally trip himself at 36:00 seeing that he could have killed sasuke at that point,i still believe naruto intentionally trip himself at 3600 seeing that he could have killed sasuke at that point
Sasuke seriously thought that he could actually outlast Naruto in the one thing he has no chance at. Stamina. 😂,sasuke seriously thought that he could actually outlast naruto in the one thing he has no chance at stamina
Ay infinite instead of reposting the same vids can you post some reactions of original Naruto fights (no hate btw) like Naruto vs sasuke 1,ay infinite instead of reposting the same vids can you post some reactions of original naruto fights no hate btw like naruto vs sasuke 1
"Sasuke and Naruto put all their abilities, strength, and power into this fight, and we saw their true potential. If they had just used a part of this against Madara and Kaguya, they would have ended everything within minutes. But I don't know where this power was hidden.",sasuke and naruto put all their abilities strength and power into this fight and we saw their true potential if they had just used a part of this against madara and kaguya they would have ended everything within minutes but i dont know where this power was hidden
He made the ultimatum Susanno powered it up and lost,he made the ultimatum susanno powered it up and lost
"I think that the uppercut from Naruto is a bit controversial.  I've always assumed that an uppercut takes much less chakra than a ninjutsu and that is why he was able to hit so hard.  It's unexpected after the hours long slugfest, but he definitely got triggered by some memories at the time.  Plenty of moments like this in the series that make you scratch your head and theorize.",i think that the uppercut from naruto is a bit controversial ive always assumed that an uppercut takes much less chakra than a ninjutsu and that is why he was able to hit so hard its unexpected after the hours long slugfest but he definitely got triggered by some memories at the time plenty of moments like this in the series that make you scratch your head and theorize
Sasuke was getting riled pretty good 🫣😂,sasuke was getting riled pretty good
"I don’t care about who won or lost. 
Both of them won!!",i dont care about who won or lost both of them won
I don't care about all those supporting arms for Naruto.    Itachi's hand next to Sasuke was awesome.,i dont care about all those supporting arms for naruto itachis hand next to sasuke was awesome
Nobody speaks about itachi supporting Sasuke at the end,nobody speaks about itachi supporting sasuke at the end
For non novel readers the reason sasuke genjutsu’d sakura was because of his own love for her. Please go read his novel,for non novel readers the reason sasuke genjutsud sakura was because of his own love for her please go read his novel
what a journey,what a journey
20:26 and this is the only time he uses this technique,2026 and this is the only time he uses this technique
"On that sequence where it shows all of their stages, they should’ve added Sage mode Naruto and Akatsuki Sasuke like dang what a misopportunity",on that sequence where it shows all of their stages they shouldve added sage mode naruto and akatsuki sasuke like dang what a misopportunity
38:09 the girl😂,3809 the girl
uma curiosidade.. Eles reagiriam esse anime dublado em japonês ou inglês?,uma curiosidade eles reagiriam esse anime dublado em japons ou ingls
Please provide an Indonesian translation or subtitles in Indonesian ..because i'm indonesian people..,please provide an indonesian translation or subtitles in indonesian because im indonesian people
"Kishimoto, kudos to you. 
No words to express",kishimoto kudos to you no words to express
"Why did you keep the dubbed and subbed in the same reaction video, you can't hear either one properly",why did you keep the dubbed and subbed in the same reaction video you cant hear either one properly
"If Sasuke had won, Boruto would’ve never existed.",if sasuke had won boruto wouldve never existed
I know the sage looks at Naruto and Sasuke as his son's cuz that's the recantations of his real sons,i know the sage looks at naruto and sasuke as his sons cuz thats the recantations of his real sons
Can you delete those three who laughing? WTF?,can you delete those three who laughing wtf
"Og sasuke after 9 planetary devastation:

Fight 1/2 nine tail Beast and Naruto.

Current Sasuke after using multiple chidori :
aaaaa I am out of chakra 😣😣😣🫩🫩",og sasuke after 9 planetary devastation fight 12 nine tail beast and naruto current sasuke after using multiple chidori aaaaa i am out of chakra
if they both would have died would have also been kind of cool,if they both would have died would have also been kind of cool
39:22why she laughed thats not funny....they are just tired bro😢,3922why she laughed thats not funnythey are just tired bro
"If you pause when Sasuke make chidori you can see Itachi arms, Itachi still love his brothers even Sasuke criminal 5 village",if you pause when sasuke make chidori you can see itachi arms itachi still love his brothers even sasuke criminal 5 village
9:11 Sasuke Aura forming,911 sasuke aura forming
Sasuke won the first battle there was no way he was gonna win again it was either gonna be Naruto win or a tie besides Naruto never fought with the intent to kill him,sasuke won the first battle there was no way he was gonna win again it was either gonna be naruto win or a tie besides naruto never fought with the intent to kill him
i finish the anime right now.,i finish the anime right now
Hashirama the only reanimation that grew a plant when his soul returned. Truly the god among shinobies.,hashirama the only reanimation that grew a plant when his soul returned truly the god among shinobies
when they compare naruto and sasuke life in the end is pure gold,when they compare naruto and sasuke life in the end is pure gold
"3:09, 5:17, 9:03, 18:25, 27:29, 34:17, 49:27, 55:54",309 517 903 1825 2729 3417 4927 5554
Next time mute English dub audio 💀,next time mute english dub audio
Naruto spent his whole birthday fight dude 😅,naruto spent his whole birthday fight dude
"Yang satu ngalahin Susano + Kyuubi cuma modal kayu - kayuan, yang ini ngalahin Susano + 8,5 bijuu cuma modal setengah Kyuubi.... Para keturunan Ashura terlalu gacor wakk 🔥🔥🔥",yang satu ngalahin susano kyuubi cuma modal kayu kayuan yang ini ngalahin susano 85 bijuu cuma modal setengah kyuubi para keturunan ashura terlalu gacor wakk
"I think sasuke more stronger than naruto. Sasuke pure have power from uchiha and rikudo. But Naruto from uzumaki, senjutsu rikudo and ( add kurama ). How if naruto without kurama ???",i think sasuke more stronger than naruto sasuke pure have power from uchiha and rikudo but naruto from uzumaki senjutsu rikudo and add kurama how if naruto without kurama
"why didnt hagoromk try stop him, i haven't wacthed for a long time",why didnt hagoromk try stop him i havent wacthed for a long time
56:25 So peak 🥶,5625 so peak
coloca legenda em pt br agradeço,coloca legenda em pt br agradeo
i have no idea how boruto is going to top this,i have no idea how boruto is going to top this
"They both remind me the closest people we r with ....the more we get to learn from them ....mom,dad,shivu, brother,sister♾️💜✨",they both remind me the closest people we r with the more we get to learn from them momdadshivu brothersister
"45:00 
Itachi's hand",4500 itachis hand
WE ARE HERE! I CAN'T BELIEVE IT ... I have no words for this masterpiece .... I hope you guys enjoy this peak with me ❤‍🔥😭 Next 2 episodes posting soon!,we are here i cant believe it i have no words for this masterpiece i hope you guys enjoy this peak with me next 2 episodes posting soon
One of the greatest final fights between two rivals in anime history so many emotions and beliefs happening at once,one of the greatest final fights between two rivals in anime history so many emotions and beliefs happening at once
Jiraiya going first for the final rasengan makes me emotional every time. Love this show and your reactions has been amazing 🫶🏽🥺,jiraiya going first for the final rasengan makes me emotional every time love this show and your reactions has been amazing
"Naruto vs Sasuke final fight is one of the best anime fights, ever 🔥",naruto vs sasuke final fight is one of the best anime fights ever
NANDOMO NANDOMO NANDOMO NANDOMO !!! never gets old 🔥🔥🔥🔥🔥🔥🔥🔥🔥,nandomo nandomo nandomo nandomo never gets old
"7:25 ""Yours will be the last blood I shed, in memory of my late brother.""

The sub didn't convey his message clearly. He meant that Naruto's blood will be the last blood he sheds IN MEMORY of his late brother, that this is his last tie to Itachi. After he kills Naruto, he will cut himself completely from the past. All the blood he would shed next would be for himself.",725 yours will be the last blood i shed in memory of my late brother the sub didnt convey his message clearly he meant that narutos blood will be the last blood he sheds in memory of his late brother that this is his last tie to itachi after he kills naruto he will cut himself completely from the past all the blood he would shed next would be for himself
"you noticed a hand on sasuke's chidori immeadiately! that's why you are the goat flexie
praise the fool",you noticed a hand on sasukes chidori immeadiately thats why you are the goat flexie praise the fool
"Honestly, I can't believe these episodes aired almost 10 years ago. Heck, Boruto's anime turns 10 next year",honestly i cant believe these episodes aired almost 10 years ago heck borutos anime turns 10 next year
"This fight has so much riding on it after the whole series, truly one of the best and historically satisfying fights and endings",this fight has so much riding on it after the whole series truly one of the best and historically satisfying fights and endings
"I rewatched Naruto with you, it was a great journey! 🔥🫶🏻",i rewatched naruto with you it was a great journey
in this fight I didn't realize how many times Sasuke block Naruto from using the shadow clone jutsu and i also don't realize how many times i've seen this episode but i don't get bored,in this fight i didnt realize how many times sasuke block naruto from using the shadow clone jutsu and i also dont realize how many times ive seen this episode but i dont get bored
"What makes the final Naruto vs Sasuke conflict so interesting is that Sasuke's logic actually follows a consistent line of reasoning. He believes people don't unite because they love each other. They unite because they're scared of the same thing. By making himself the world's sole target of hatred, he hopes to maintain peace indefinitely. The issue is that such a system requires him to stand completely alone and remain unrivaled. That's why Naruto's existence becomes a problem for his plan. In many ways their final battle isn't just about strength. It's a debate over two different visions of leadership and peace which is why it's one of the strongest ideological confrontations in the series. It's hope vs cynicism, bonds vs isolation, trust vs control.",what makes the final naruto vs sasuke conflict so interesting is that sasukes logic actually follows a consistent line of reasoning he believes people dont unite because they love each other they unite because theyre scared of the same thing by making himself the worlds sole target of hatred he hopes to maintain peace indefinitely the issue is that such a system requires him to stand completely alone and remain unrivaled thats why narutos existence becomes a problem for his plan in many ways their final battle isnt just about strength its a debate over two different visions of leadership and peace which is why its one of the strongest ideological confrontations in the series its hope vs cynicism bonds vs isolation trust vs control
35:45 yeah that itachi's hand,3545 yeah that itachis hand
Nandomonandomo🔥,nandomonandomo
"I like to believe the reflection in the headband scene is very deep, and served as a reminder to Naruto. The blonde hair, the blue eye, the flash of lightning, the symbol of the leaf, the dream of becoming hokage, a correlation to Minato, who put his faith in Naruto being the child of prophecy, and everything that lead up to fighting Sasuke. Bro wasn’t gonna let it end there. Hit buddy with the flying raijin left upper cut",i like to believe the reflection in the headband scene is very deep and served as a reminder to naruto the blonde hair the blue eye the flash of lightning the symbol of the leaf the dream of becoming hokage a correlation to minato who put his faith in naruto being the child of prophecy and everything that lead up to fighting sasuke bro wasnt gonna let it end there hit buddy with the flying raijin left upper cut
"They did so much justice for this final fight! No music, then battle and nostalgia music, fighthing with superpowers, then only fists and foot, that was amazing. And the final Chidori and Rasengan with all the hands? A bullet would hurt less 😭",they did so much justice for this final fight no music then battle and nostalgia music fighthing with superpowers then only fists and foot that was amazing and the final chidori and rasengan with all the hands a bullet would hurt less
"this is, in fact, ABSOLUTE PEAK NARUTO",this is in fact absolute peak naruto
employed and at work and I'm still this early to watching this,employed and at work and im still this early to watching this
Video just spawned before my eyes,video just spawned before my eyes
"Nandomo 
Nandomo 
Nandomo",nandomo nandomo nandomo
"I cry everytime, man, best battle of all times.",i cry everytime man best battle of all times
"I'm looking forward to ur ep 478 reaction, it's the perfect conclusion to this fight !!",im looking forward to ur ep 478 reaction its the perfect conclusion to this fight
Legendary dinner pull,legendary dinner pull
"Dude yes! I glad you noticed it with sasuke having his sharingan got turned off before Naruto upper cuts him. There’s a few bits of story telling that I love about it. 1) reference back to kakashi saying using chidori as fast as you do gives you tunnel vision and makes dodging attacks practically impossible which is why Naruto was able to get that upper cut in and 2) his sharingan gonna give him trouble was hinted back with Sasuke’s rinnegan was giving him trouble cause he was low in chakra and since both are natural to an uchiha, it gives emphasis that sasuke is exhausted and how close to his limit sasuke really is",dude yes i glad you noticed it with sasuke having his sharingan got turned off before naruto upper cuts him theres a few bits of story telling that i love about it 1 reference back to kakashi saying using chidori as fast as you do gives you tunnel vision and makes dodging attacks practically impossible which is why naruto was able to get that upper cut in and 2 his sharingan gonna give him trouble was hinted back with sasukes rinnegan was giving him trouble cause he was low in chakra and since both are natural to an uchiha it gives emphasis that sasuke is exhausted and how close to his limit sasuke really is
"The last blood he sheds in the name of his late brother, not the last blood he ever sheds period. Just clearing that up. Thank you for the journey . It was a pleasure following you here.",the last blood he sheds in the name of his late brother not the last blood he ever sheds period just clearing that up thank you for the journey it was a pleasure following you here
This fight is one of the best in the whole anime. Even the animation was movie level.,this fight is one of the best in the whole anime even the animation was movie level
"As mentioned, the no music makes this so much more exciting and sad at the same time. Nuts",as mentioned the no music makes this so much more exciting and sad at the same time nuts
W Refresh Pull!,w refresh pull
"Fun fact: the anime was on hiatus for 2 weeks for this fight. Crazy enough that Storm 4 finished before the anime did and even crazier before the airing of this episode, the preview was actually in black and white because animators were currently working on it and they haven't even colored the scenes yet. This actually cause a whole debate if it's going to be black and white like the manga which would have been cool to see but unlikely😂 2016 was a crazy year for Naruto",fun fact the anime was on hiatus for 2 weeks for this fight crazy enough that storm 4 finished before the anime did and even crazier before the airing of this episode the preview was actually in black and white because animators were currently working on it and they havent even colored the scenes yet this actually cause a whole debate if its going to be black and white like the manga which would have been cool to see but unlikely 2016 was a crazy year for naruto
I swear most of the reactors didnt noticed the hand of itachi on sasukes final move. Nice catch.,i swear most of the reactors didnt noticed the hand of itachi on sasukes final move nice catch
Holy refresh pull🤚🔥🗿,holy refresh pull
"What I will give Kishimoto and the entire anime crew A LOT of credit for is matching the emotional weight of this fight to previous fights in this insanely sudden and fast paced changeup.

Really goes exactly as you’d expect and hope a Naruto v Sasuke to go",what i will give kishimoto and the entire anime crew a lot of credit for is matching the emotional weight of this fight to previous fights in this insanely sudden and fast paced changeup really goes exactly as youd expect and hope a naruto v sasuke to go
"Itachi ""no matter what"" words in his last goodbye rings true by being the only hand helping Sasuke",itachi no matter what words in his last goodbye rings true by being the only hand helping sasuke
youre one of the only youtubers that not only included Sasuke’s Nandomo rant but also noticed itachi’s hand next to his chidori.,youre one of the only youtubers that not only included sasukes nandomo rant but also noticed itachis hand next to his chidori
This is PEAK!!!!,this is peak
Mythic refresh pull,mythic refresh pull
"I usually don't comment often but i just wanted to say thanks, your Naruto reactions have been amazing and a joy to watch.",i usually dont comment often but i just wanted to say thanks your naruto reactions have been amazing and a joy to watch
"10:13 not letting him weave the sign to make his shadow clones is ninja 101, that’s why the Rasengan is awesome cause you don’t need any signs for that",1013 not letting him weave the sign to make his shadow clones is ninja 101 thats why the rasengan is awesome cause you dont need any signs for that
"Fun Fact: In the manga Sasuke didnt used Kirin on Naruto. The only time he used Kirin was during his fight against his brother, Itachi.",fun fact in the manga sasuke didnt used kirin on naruto the only time he used kirin was during his fight against his brother itachi
Sasuke essentially wanted to pull a Lelouche (without the dying part),sasuke essentially wanted to pull a lelouche without the dying part
"Peak is here! Besides being one of the best battles, it's also one of the most emotional episodes.",peak is here besides being one of the best battles its also one of the most emotional episodes
"One detail about this fight that I absolutely love is during their initial taijutsu skirmish on the side of the cliff: Naruto attempts to perform the Shadow Clone Jutsu multiple times and Sasuke keeps stopping him before he's finally able to pull it off and overwhelms Sasuke with his clones. It's a small blink-and-you'll-miss-it detail, but it goes to show just how much they know eachother's strenghts and how to counter them.",one detail about this fight that i absolutely love is during their initial taijutsu skirmish on the side of the cliff naruto attempts to perform the shadow clone jutsu multiple times and sasuke keeps stopping him before hes finally able to pull it off and overwhelms sasuke with his clones its a small blinkandyoullmissit detail but it goes to show just how much they know eachothers strenghts and how to counter them
"This Fight means everything to Me. 
It’s so good 🔥🥹",this fight means everything to me its so good
"12:35 This transition to the OG sadness and sorrow soundtrack has me bawling everytime. This iteration/remake of it was titled ""To Reach a Friend"" :')",1235 this transition to the og sadness and sorrow soundtrack has me bawling everytime this iterationremake of it was titled to reach a friend
LETS FUCKING GOOOO! My favorite fight of the whole series and im so glad i caught the upload so early. Gonna grab some popcorn and watch this shit lmao,lets fucking goooo my favorite fight of the whole series and im so glad i caught the upload so early gonna grab some popcorn and watch this shit lmao
The budget animation just went up,the budget animation just went up
"37:16 ( ""Frog Hermit"" The man who has no enemies in the North, South, East, and West. Not even in the heavens! One of the Sannin, White-haired Frog tamer, even a crying baby would stare in awe...The Great Jiraiya ) in short Pervy Sage :D",3716 frog hermit the man who has no enemies in the north south east and west not even in the heavens one of the sannin whitehaired frog tamer even a crying baby would stare in awethe great jiraiya in short pervy sage d
35:33 no one throws more hands than Naruto!,3533 no one throws more hands than naruto
been rubbing my hands for this one,been rubbing my hands for this one
Sasuke went from itachi biggest hater to itachi biggest glazer,sasuke went from itachi biggest hater to itachi biggest glazer
I was gonna go to bed but not anymore!,i was gonna go to bed but not anymore
"So... watching Naruto and Naruto Shippuden at the same time, different channels. Sasuke really pulled an Ino from the battle between her and Sakura. He pimp slapped Naruto instead of going for the stab through his skull, he really chose not to kill Naruto!! 🤣🤣🤣 11:47",so watching naruto and naruto shippuden at the same time different channels sasuke really pulled an ino from the battle between her and sakura he pimp slapped naruto instead of going for the stab through his skull he really chose not to kill naruto 1147
"I just wanna say, I really love your reaction Flexie. You are the best! Your reaction is the best one I could found between reactors for this show, especially for understanding Sasuke's POV everytime he's gone crazy. love it💛💜",i just wanna say i really love your reaction flexie you are the best your reaction is the best one i could found between reactors for this show especially for understanding sasukes pov everytime hes gone crazy love it
25:52 the callback to original Naruto music whenever shit hit the fan was chef’s kiss.,2552 the callback to original naruto music whenever shit hit the fan was chefs kiss
I’ve been happily rewatching this with you! You’re awesome!,ive been happily rewatching this with you youre awesome
I absolutely love what they did for the ending of the naruto anime and how they used tracks from part 1 remade for shippuden. It just makes you feel nostalgic.,i absolutely love what they did for the ending of the naruto anime and how they used tracks from part 1 remade for shippuden it just makes you feel nostalgic
"35:20 Where real men cry! Seeing Jiraiya's hand come up first! Like, to be honest with all the resurrection stuff they were doing in the war, I was afraid that they would pull a Jiraiya out at the last minute to REALLY set Naruto off. I'm glad that Kishimoto didn't do that, it would totally have tarnished Jiraiya's sacrifice and character arc and what he meant to Naruto. 
But damn, yeah seeing all the OTHER hands go in there... the Minato and Kunshina hands broke me! 37:45

Plus, the music OST here... goddamn its so, so good! 

Congrats, Flexie. You saw Naruto and Sasuke's last battle at the end of this immense war. A moment that would hopefully stay in your heart for a long time! I mean, he IS your son, for crying out loud! 

Happy Birthday, Naruto!",3520 where real men cry seeing jiraiyas hand come up first like to be honest with all the resurrection stuff they were doing in the war i was afraid that they would pull a jiraiya out at the last minute to really set naruto off im glad that kishimoto didnt do that it would totally have tarnished jiraiyas sacrifice and character arc and what he meant to naruto but damn yeah seeing all the other hands go in there the minato and kunshina hands broke me 3745 plus the music ost here goddamn its so so good congrats flexie you saw naruto and sasukes last battle at the end of this immense war a moment that would hopefully stay in your heart for a long time i mean he is your son for crying out loud happy birthday naruto
The best intro for the best anime with the best reaction from FlexieJay.❤,the best intro for the best anime with the best reaction from flexiejay
Hell yeah we’re finally here. Intro was sick af too,hell yeah were finally here intro was sick af too
"Seen this fight thousands of times 
But seeing you react made me emotional all over again! Great vid",seen this fight thousands of times but seeing you react made me emotional all over again great vid
Their blood touching in the end  😭,their blood touching in the end
"You're the first reactor I've seen noticing a hand helping Sasuke. That was Itachi indeed. After all ""no matter what... I'll always love you"".
Was so damn fun watching my favorite anime with you, girl!",youre the first reactor ive seen noticing a hand helping sasuke that was itachi indeed after all no matter what ill always love you was so damn fun watching my favorite anime with you girl
"To me, there is nothing quite like two characters that share a tremendous amount of emotional history together, settling things in a fist fight until there is nothing left to give.
In the words of Ryu Ishigori, ""I'm full.""",to me there is nothing quite like two characters that share a tremendous amount of emotional history together settling things in a fist fight until there is nothing left to give in the words of ryu ishigori im full
Best fight in anime !!,best fight in anime
"Oh, finally! One of the best fight in anime.",oh finally one of the best fight in anime
"Theres so much jam packed into this entire fight. However, I still think my favorite parts are the callback to Neji saying ""Sometimes your eyes are better than mine"", followed by Narutos final Rasengan. Seeing all the hands help him along the way to finish the fight with his friend was a chefs kiss.",theres so much jam packed into this entire fight however i still think my favorite parts are the callback to neji saying sometimes your eyes are better than mine followed by narutos final rasengan seeing all the hands help him along the way to finish the fight with his friend was a chefs kiss
Been waiting all day for this!,been waiting all day for this
"Naruto saying Sasuke has no idea how Itachi lived when Sasuke saw his memories is crazy disrespectful lol. Naruto have no idea how wrong he is, Sasuke knows a lot more than Naruto about that",naruto saying sasuke has no idea how itachi lived when sasuke saw his memories is crazy disrespectful lol naruto have no idea how wrong he is sasuke knows a lot more than naruto about that
Such a great final fight,such a great final fight
"One of the most iconic and legendary fight in all of anime. Personally, I didn't really like Kaguya all that much but having this as the final fight saved the ending for me. It is well executed and it's also the perfect way to end the series. The fight choreography is absolutely insane too",one of the most iconic and legendary fight in all of anime personally i didnt really like kaguya all that much but having this as the final fight saved the ending for me it is well executed and its also the perfect way to end the series the fight choreography is absolutely insane too
Yes finally!!!! All those reaction I watched you are the only one notice that Itachi’s hand is supporting Sasuke’s chitori 😢😢😢😢,yes finally all those reaction i watched you are the only one notice that itachis hand is supporting sasukes chitori
Brought tears to my eyes as the day this aired 🙂‍↕️. So happy to see Flexie finally got here.,brought tears to my eyes as the day this aired so happy to see flexie finally got here
One of the best fights ever in anime history!!!,one of the best fights ever in anime history
YOU ARE MY FRIEND❤❤❤❤❤❤,you are my friend
Time to rewatch again.,time to rewatch again
"18:31 I love this shot, but more in the manga because it really shows off the intensity behind Sasuke's seriousness to settle things

21:08 Sasuke roast right there was so diabolical, even Naruto and the clones found it effed up

21:56 Dayum, Sasuke did that clone so dirty, Naruto had to check on the clone's soul 

31:15 Their final Rasengan vs Chidori clash... Naruto has the support of everyone he encountered up to now. And Sasuke, despite wanting to be alone, still has his older brother Itachi, who told him before, ""I will love you always no matter what path you choose""",1831 i love this shot but more in the manga because it really shows off the intensity behind sasukes seriousness to settle things 2108 sasuke roast right there was so diabolical even naruto and the clones found it effed up 2156 dayum sasuke did that clone so dirty naruto had to check on the clones soul 3115 their final rasengan vs chidori clash naruto has the support of everyone he encountered up to now and sasuke despite wanting to be alone still has his older brother itachi who told him before i will love you always no matter what path you choose
"It's astounding! These ninjas are really something else...Look at that brilliant clash...There can be no doubt! This is the true ending, complete in all its majesty! This is... NARUTO SHIPPUUDEN!!!!",its astounding these ninjas are really something elselook at that brilliant clashthere can be no doubt this is the true ending complete in all its majesty this is naruto shippuuden
"When Sasuke said Naruto's would be the last blood he spilled in memory of Itachi, he just meant Naruto would be the last person he took out because of his vengeance against the world. From that point on, any blood he shed would be in service to the new world he was trying to create.",when sasuke said narutos would be the last blood he spilled in memory of itachi he just meant naruto would be the last person he took out because of his vengeance against the world from that point on any blood he shed would be in service to the new world he was trying to create
nandomo... nandomo nandomo... NANDOMO NANDOMOOOOOO,nandomo nandomo nandomo nandomo nandomoooooo
"33:13 is so underrated. Frustration close to boiling over, one single deep breath to let it go. People love to ignore the fact that Sasuke also really doesn't WANT to kill Naruto. He HAS to do it.",3313 is so underrated frustration close to boiling over one single deep breath to let it go people love to ignore the fact that sasuke also really doesnt want to kill naruto he has to do it
This battle.....and all the battles until now!,this battleand all the battles until now
Campaigning😂😂😂😂😂,campaigning
"Tbh, the best ending of all Anime I ever watched...I follow their stories from the High school era...now I'm 39 btw...",tbh the best ending of all anime i ever watchedi follow their stories from the high school eranow im 39 btw
The “amaterasu” from sasuke then immediately hearing the “Need to be strong” OST from OG hits every damn time,the amaterasu from sasuke then immediately hearing the need to be strong ost from og hits every damn time
"32:21
I always thought he didn’t have it in him to end it there",3221 i always thought he didnt have it in him to end it there
"""they must be in so much pain""

I understood that reference",they must be in so much pain i understood that reference
The most iconic battle and rivalry in the history of anime!!,the most iconic battle and rivalry in the history of anime
THE FINAL BATTLE REACTION! I know I keep saying it but it is so bitter sweet seeing your Shippuden reactions coming to an end. Thank you for this amazing watching experience.,the final battle reaction i know i keep saying it but it is so bitter sweet seeing your shippuden reactions coming to an end thank you for this amazing watching experience
a generational fight,a generational fight
It's crazy that his clones can take so many hits without breaking these days.,its crazy that his clones can take so many hits without breaking these days
"One of the best fights in anime! Haha, I could imagine hundreds years in the future when they're giving tours to this valley. Ninjitsu is incredibly niche as a profession, civilization has progressed and technology has created a whole new type of society; and people are going on sightseeing tours, seeing the scars of a battle of such mythic proportions that it almost seems that the monument commemorating the fight between two historical figures that would have been erected here was a folk tale that was made to give a fun explanation of a natural geologic event that completely changed the landscape.",one of the best fights in anime haha i could imagine hundreds years in the future when theyre giving tours to this valley ninjitsu is incredibly niche as a profession civilization has progressed and technology has created a whole new type of society and people are going on sightseeing tours seeing the scars of a battle of such mythic proportions that it almost seems that the monument commemorating the fight between two historical figures that would have been erected here was a folk tale that was made to give a fun explanation of a natural geologic event that completely changed the landscape
Straight up chills tbh everytime watching this in any form,straight up chills tbh everytime watching this in any form
"Naruto and Sasuke: Are basically Demi-Gods
Also and Naruto and Sasuke: Are still Genin",naruto and sasuke are basically demigods also and naruto and sasuke are still genin
i love how suraj cares to understand what the characters are thinking and why.,i love how suraj cares to understand what the characters are thinking and why
"6:18 a lot of people miss it, it's really cool detail. Sasuke faked out the punch to kick Naruto.",618 a lot of people miss it its really cool detail sasuke faked out the punch to kick naruto
"I love the discussion between ideologies, this is exactly what kishimoto wanted to build up",i love the discussion between ideologies this is exactly what kishimoto wanted to build up
I love how Naruto and Sasuke age like 3 years in this fight😂😂,i love how naruto and sasuke age like 3 years in this fight
"not saying i agree or disagree with Sasuke, but Suraj's understanding of Sasuke's PoV is definitely the most nuanced and ""correct"", imo.",not saying i agree or disagree with sasuke but surajs understanding of sasukes pov is definitely the most nuanced and correct imo
"Sasuke's conviction is similar to Pain, not Madara. He's essentially a deterrent for the world through means of fear.

""Don't do anything bad or I will kill you"" essentially, which is exactly what pain wanted to do through using the ten tails. 

Also, the 5 Kage aren't anywhere close to being able to take on Sasuke. He could sneeze and kill them all accidentally at this point",sasukes conviction is similar to pain not madara hes essentially a deterrent for the world through means of fear dont do anything bad or i will kill you essentially which is exactly what pain wanted to do through using the ten tails also the 5 kage arent anywhere close to being able to take on sasuke he could sneeze and kill them all accidentally at this point
"Sasuke's plan is similar to Pain,  using fear and common enemey to bring peace",sasukes plan is similar to pain using fear and common enemey to bring peace
"Here’s the thing. Suraj is correct with his analysis of sasuke. 

It’s not about sasuke wanting to rule the world or wanting to be good. It’s him understanding that the only reason the great nations came together is because they had a common enemy. Sasuke accepted that if this is needed that he is willing to take on all that hate and be the new common enemy in order to maintain the piece. 

Not saying it’s right or wrong.",heres the thing suraj is correct with his analysis of sasuke its not about sasuke wanting to rule the world or wanting to be good its him understanding that the only reason the great nations came together is because they had a common enemy sasuke accepted that if this is needed that he is willing to take on all that hate and be the new common enemy in order to maintain the piece not saying its right or wrong
Thank you Suraj for trying to understand Sasuke bc he’s such a good character lol,thank you suraj for trying to understand sasuke bc hes such a good character lol
Saying the 5 Kage are stronger than Sasuke is hilarious lmao,saying the 5 kage are stronger than sasuke is hilarious lmao
"Naruto and Sasuke: deleting the landscape 
The fish at Final Valley: *_""bruh I'm just tryna swim""_* 🐟😭",naruto and sasuke deleting the landscape the fish at final valley bruh im just tryna swim
"Saskes logic is kind of the same than Dr. Manhattan in watchman. He is willing to be the new ""bad"" guys so that all can hate him together and have peace internaly.",saskes logic is kind of the same than dr manhattan in watchman he is willing to be the new bad guys so that all can hate him together and have peace internaly
I love watching their thought process on Sasuke. It changed a little from their last vid and it really made them think.,i love watching their thought process on sasuke it changed a little from their last vid and it really made them think
when sasuke making a lil too much sense huh ;),when sasuke making a lil too much sense huh
Yes this fight 476-477 was directed by Hiroyuki Yamashita who worked on some of the best fights and episodes in Shippuden. 😊,yes this fight 476477 was directed by hiroyuki yamashita who worked on some of the best fights and episodes in shippuden
"Lmao i like they said ""there are five kages left after naruto"" 😭😭, tf they gonna do to sasuke ????",lmao i like they said there are five kages left after naruto tf they gonna do to sasuke
For Youtube peeps: The Normies watched The Last movie and the 20th Anime Anniversary video after 479. Bleach is replacing Naruto.,for youtube peeps the normies watched the last movie and the 20th anime anniversary video after 479 bleach is replacing naruto
"*Fun fact: back in 2016 everyone had two wait two weeks for this battle and let me tell you, it was worth it. Plus the preview episode was in black and white because they were in process of coloring the episodes which was interesting cuz it caused a debate whether it be painted like the manga or not*",fun fact back in 2016 everyone had two wait two weeks for this battle and let me tell you it was worth it plus the preview episode was in black and white because they were in process of coloring the episodes which was interesting cuz it caused a debate whether it be painted like the manga or not
Props to Suraj for digging into Sasuke's thoughts and understanding him,props to suraj for digging into sasukes thoughts and understanding him
The director and storyboard artist of episode 476 and 477 is Hiroyuki Yamashita. He is one of the aces of the  Naruto franchise,the director and storyboard artist of episode 476 and 477 is hiroyuki yamashita he is one of the aces of the naruto franchise
If you haven't noticed this time they both know each other moves very well that is if you watch careful Sasuke stop Naruto to make his shadow clone many times during this fight,if you havent noticed this time they both know each other moves very well that is if you watch careful sasuke stop naruto to make his shadow clone many times during this fight
havent watched the reaction yet but im hoping they atleast listen to what sasuke has to say,havent watched the reaction yet but im hoping they atleast listen to what sasuke has to say
"The truth is simply this,Sasuke wants a real answer(solution) to the problem that affects the current shinobi world. The thing is even Naruto with all his talk no jutsu,and ""believe it"" quotes doesn't have an answer. Being Hokage is very complicated,more than even Naruto can comprehend at this time. In truth Sasuke is doing basically what his brother did to keep the peace in the village. He doesn't believe his life has any meaning other than being hated at this time to achieve that peace. Even if it means denying his own happiness. (This is not his wish),but what he believes he has to do. The true answer doesn't come only through Naruto though,it needs Sasuke's input as well. They both have experiences that can help each other find an answer. I think that's what people miss that the author is trying to explain here. This fight is not about who's stronger power wise, if it was they would destroy each other.",the truth is simply thissasuke wants a real answersolution to the problem that affects the current shinobi world the thing is even naruto with all his talk no jutsuand believe it quotes doesnt have an answer being hokage is very complicatedmore than even naruto can comprehend at this time in truth sasuke is doing basically what his brother did to keep the peace in the village he doesnt believe his life has any meaning other than being hated at this time to achieve that peace even if it means denying his own happiness this is not his wishbut what he believes he has to do the true answer doesnt come only through naruto thoughit needs sasukes input as well they both have experiences that can help each other find an answer i think thats what people miss that the author is trying to explain here this fight is not about whos stronger power wise if it was they would destroy each other
I love the way that It switches from them as kids back to adult. Even the parts where they use each other’s hands to finish off hand signs to jutsu’s. This just shows how much the know each other,i love the way that it switches from them as kids back to adult even the parts where they use each others hands to finish off hand signs to jutsus this just shows how much the know each other
"""They're (kage) also strong enough to take him on""..... Did Chris even think before he said that?",theyre kage also strong enough to take him on did chris even think before he said that
"*Bad Guys:* Cmon!!! Let's bully some Genin.

*The Genin:* ..................",bad guys cmon lets bully some genin the genin
"The director for this episode is Hiroyuki Imashitha, who also did Kakashi vs Obito.",the director for this episode is hiroyuki imashitha who also did kakashi vs obito
Sasuke is basically just being an Indra. Indra always tried to control things from the shadows and every Indra prolly tried the same thing.,sasuke is basically just being an indra indra always tried to control things from the shadows and every indra prolly tried the same thing
Who else thinks this deserved to be a Double Feature????,who else thinks this deserved to be a double feature
"Sometimes we forget that everyone experiences pain and suffering differently and not everyone can get over it quickly... I was reminded of that when they showed Sasuke lying on the ground in his old house filled with cobwebs.. he didn't just lose his family at home but his village a his cla.. he didn't want to be comforted an told everything will be ok.. if he couldn't be placed in a time machine then he rather make a world where no one should experience such suffering.. this is why I can't dislike his character, just his actions.. even I still want to save him from himself.. may we be that person for someone in reality",sometimes we forget that everyone experiences pain and suffering differently and not everyone can get over it quickly i was reminded of that when they showed sasuke lying on the ground in his old house filled with cobwebs he didnt just lose his family at home but his village a his cla he didnt want to be comforted an told everything will be ok if he couldnt be placed in a time machine then he rather make a world where no one should experience such suffering this is why i cant dislike his character just his actions even i still want to save him from himself may we be that person for someone in reality
"Naruto literally becomes who sasuke says he wants to become in order to keep the peace. There was only peace in boruto bcuz everyone knew that Naruto could max them all out if they stepped out of line. That's why when people strong enough to take out Naruto showed up, everything went to shit. So sasuke wasnt entirely wrong. Their world still needed an extremely powerful figure looming over it, in order for the people to act right. It just ended up being Naruto.",naruto literally becomes who sasuke says he wants to become in order to keep the peace there was only peace in boruto bcuz everyone knew that naruto could max them all out if they stepped out of line thats why when people strong enough to take out naruto showed up everything went to shit so sasuke wasnt entirely wrong their world still needed an extremely powerful figure looming over it in order for the people to act right it just ended up being naruto
476 and 478 are absolutely dopest episodes ❤️😭and emotional as well. This fight was top notch,476 and 478 are absolutely dopest episodes and emotional as well this fight was top notch
basically what sasuke is tryna do is destroy the villages and make one combined and make them all fear him so they’re forced to keep working together and since he can be around forever the world would be like that forever with the center of hate being him,basically what sasuke is tryna do is destroy the villages and make one combined and make them all fear him so theyre forced to keep working together and since he can be around forever the world would be like that forever with the center of hate being him
"I just love the Solution to the ""Sasuke- Problem"" at the End... and even if you think it might be to easy as an answer... The Naruto Solution in the next episodes is brilliant to me because if you break it down to basically every possible szenerio- ""Narutos Solution"" could be right if done right and I love the Idea that empathie could save us all.",i just love the solution to the sasuke problem at the end and even if you think it might be to easy as an answer the naruto solution in the next episodes is brilliant to me because if you break it down to basically every possible szenerio narutos solution could be right if done right and i love the idea that empathie could save us all
My favorite part of this fight was Sasuke using Kirin again. It's such a cool and underrated jutsu.,my favorite part of this fight was sasuke using kirin again its such a cool and underrated jutsu
"How long have you waited for normies to react this episode? 
me : 3 years",how long have you waited for normies to react this episode me 3 years
Remember ninjas are suppose to maintain as much chakra as possible when fighting. That's why they started with taijutsu and slowly and smartly started using chakra little by little just to get the edge on their opponent before they run out. One of the reasons why I loved this fight.,remember ninjas are suppose to maintain as much chakra as possible when fighting thats why they started with taijutsu and slowly and smartly started using chakra little by little just to get the edge on their opponent before they run out one of the reasons why i loved this fight
"Looks like Navi did not watched Code Geass, otherwise she would have understood how taking on hatred of the world may bring peace.",looks like navi did not watched code geass otherwise she would have understood how taking on hatred of the world may bring peace
Great upload on my birthday 💫🫡 Love you NORMIES,great upload on my birthday love you normies
8:52 I agree Suraj Obviously the animation and storytelling and music is 💖🤯☠👌🙌 but Yuri Lowenthal in these ep 475-478 just _hits it_ right in the FEELS! He was and will always be the perfect Sasuke. Period.,852 i agree suraj obviously the animation and storytelling and music is but yuri lowenthal in these ep 475478 just hits it right in the feels he was and will always be the perfect sasuke period
"11:31 for me, this line from Naruto is definitive in relation to him holding back throughout the fight, and not using his full power",1131 for me this line from naruto is definitive in relation to him holding back throughout the fight and not using his full power
It seems short because 476 and 477 were released on the same day,it seems short because 476 and 477 were released on the same day
"Sasuke's solution sounds a lot like Zero Requiem, minus the dying part. You could tell Naruto was holding back more in this fight than the last time they fought at the Valley of the End. Back then, Naruto was fighting with such ferocity and desperation that he considered breaking every bone in Sasuke's body was a better alternative to having his best friend throw his life away. This time, while still very personal, he's not as desperate. He knows just beating Sasuke within an inch of his life will not cut it because this is a battle between ideals rather than strength. Naruto needs to change Sasuke's mindset otherwise even if he does beat him, there's nothing stopping Sasuke from trying to enact his plan again, other than life behind a cell or death. Should it come to that then Naruto really would have failed to save him.",sasukes solution sounds a lot like zero requiem minus the dying part you could tell naruto was holding back more in this fight than the last time they fought at the valley of the end back then naruto was fighting with such ferocity and desperation that he considered breaking every bone in sasukes body was a better alternative to having his best friend throw his life away this time while still very personal hes not as desperate he knows just beating sasuke within an inch of his life will not cut it because this is a battle between ideals rather than strength naruto needs to change sasukes mindset otherwise even if he does beat him theres nothing stopping sasuke from trying to enact his plan again other than life behind a cell or death should it come to that then naruto really would have failed to save him
"Naruto/Sasuke fight was the absolute best. Kishimoto said that he knew the final battle/scenes for Naruto from the very beginning, which is why these final episodes/chapters were so well-done and well-written. You may not agree with Sasuke but you should be able to understand his reasoning here, and it's consistent with his character.

Also about the discussion, Sasuke is not trying to be ""good"". He's trying to be effective because he's completely goal-oriented. And his goal is world peace. The reason why he believes his is the correct option is because every other option has failed. Acting as an ""Itachi for the world"" is the one option which he's seen personally work in his own life, so he thinks it's a viable path for the world as well. If another better option was presented that Sasuke could see for himself, he would absolutely pursue that as well. This is not a path that Sasuke *wants* to do but one that he feels he *needs* to in order to fulfill that goal of world peace.

As a solution, Sasuke has the most logical plan for world peace. Naruto doesn't actually have an answer himself since his 'peace' is completely dependent on his own charisma and good faith of others, which doesn't work in the world. In the real world you need an existential threat to unite others and force people to work together, either it's the environment or threat of nuclear world like in our world, or a god of darkness like Sasuke would be in the Narutoverse.",narutosasuke fight was the absolute best kishimoto said that he knew the final battlescenes for naruto from the very beginning which is why these final episodeschapters were so welldone and wellwritten you may not agree with sasuke but you should be able to understand his reasoning here and its consistent with his character also about the discussion sasuke is not trying to be good hes trying to be effective because hes completely goaloriented and his goal is world peace the reason why he believes his is the correct option is because every other option has failed acting as an itachi for the world is the one option which hes seen personally work in his own life so he thinks its a viable path for the world as well if another better option was presented that sasuke could see for himself he would absolutely pursue that as well this is not a path that sasuke wants to do but one that he feels he needs to in order to fulfill that goal of world peace as a solution sasuke has the most logical plan for world peace naruto doesnt actually have an answer himself since his peace is completely dependent on his own charisma and good faith of others which doesnt work in the world in the real world you need an existential threat to unite others and force people to work together either its the environment or threat of nuclear world like in our world or a god of darkness like sasuke would be in the narutoverse
"the reason sasuke needs to get rid of the kages because as he said before the kages created this system get rid of the old, he is not killing kages because they are stronger or strong they are not stronger then sasuke, in fact sasuke could take care of them easily even if they awake since the kages lost to madara before he even had sage of six paths power. He is killing them because most of the things that has happened has happened under their whim thus sasuke deems their leadership unnessecarry. The reason why he needs to get rid of naruto is not only because he is the last loved one in his life but also because naruto contains the tailed beasts that are being used as weapons. He wants to get rid of all the tailed beasts and naruto well he is basically the avatar jinchuriki currently as he shares a bit of chakra from all the tailed beasts.

Also no it is nessecarrly because itachi only solved one problem he didn't solve everything in fact as sasuke said leaving him alive only caused more problems So yes he does need to be that itachi figure on a bigger scale.",the reason sasuke needs to get rid of the kages because as he said before the kages created this system get rid of the old he is not killing kages because they are stronger or strong they are not stronger then sasuke in fact sasuke could take care of them easily even if they awake since the kages lost to madara before he even had sage of six paths power he is killing them because most of the things that has happened has happened under their whim thus sasuke deems their leadership unnessecarry the reason why he needs to get rid of naruto is not only because he is the last loved one in his life but also because naruto contains the tailed beasts that are being used as weapons he wants to get rid of all the tailed beasts and naruto well he is basically the avatar jinchuriki currently as he shares a bit of chakra from all the tailed beasts also no it is nessecarrly because itachi only solved one problem he didnt solve everything in fact as sasuke said leaving him alive only caused more problems so yes he does need to be that itachi figure on a bigger scale
My favorite part of this is how naruto and sasuke both use all of their jutsus and techniques essentially in the order that they appeared in the show.,my favorite part of this is how naruto and sasuke both use all of their jutsus and techniques essentially in the order that they appeared in the show
Ayee Suraj noticed the revolution track,ayee suraj noticed the revolution track
"I think there is a  small but massive point thats getting brushed over. Sasuke is almost being a mix of itachi, madara AND pain. Long story short, how could people be focused on killing each other when they're focused on killing him. Kinda",i think there is a small but massive point thats getting brushed over sasuke is almost being a mix of itachi madara and pain long story short how could people be focused on killing each other when theyre focused on killing him kinda
"Hoped they were gonna do a dual episode but I love it none the less! 
Naruto end is ONE of the best ! so glad we here now !",hoped they were gonna do a dual episode but i love it none the less naruto end is one of the best so glad we here now
been watching you guys since your reaction to the first episode of naruto..  feels crazy to see that you’re here already😂,been watching you guys since your reaction to the first episode of naruto feels crazy to see that youre here already
just want to say it was a long journey when you guys started this it was my  first year in high school and now I'm a 2nd year college student,just want to say it was a long journey when you guys started this it was my first year in high school and now im a 2nd year college student
this was the most epic fight in the naruto series (with a few exeptions of course),this was the most epic fight in the naruto series with a few exeptions of course
Ya know its kinda fked how ever power up tbe uchiha get is from them isolating themselves and losing those close to them.  Thats actually real mind fuky when i think about it,ya know its kinda fked how ever power up tbe uchiha get is from them isolating themselves and losing those close to them thats actually real mind fuky when i think about it
"""Martyr"" is the best OST in all Naruto, change my mind.",martyr is the best ost in all naruto change my mind
suraj is the only one with common fucking sense here,suraj is the only one with common fucking sense here
"This was such a journey. Crazy how just yesterday you were watching Naruto and now, the end 🔥🔥",this was such a journey crazy how just yesterday you were watching naruto and now the end
5:43 editor plz why did you cut away from that…..,543 editor plz why did you cut away from that
"damn wish yall did a dual episode for the final battle, its so good when you watch it back to back",damn wish yall did a dual episode for the final battle its so good when you watch it back to back
"NO MORE WORDS! From here on we stick to fighting!    

COME!",no more words from here on we stick to fighting come
My favorite fight in the entire series! I can't wait for you guys to see the second half. Also it was great to hear Sadness and Sorrow again.,my favorite fight in the entire series i cant wait for you guys to see the second half also it was great to hear sadness and sorrow again
"""One leaf will sink"" incredimazing quote",one leaf will sink incredimazing quote
This fight was so amazing they did a good job showing Sasuke use all these different techniques and it really makes you think how cool of a concept the creator had to make Naruto based off Japanese mythology and how Sasuke and itachi or Uchiha in general have abilities that the gods had in Japanese mythology,this fight was so amazing they did a good job showing sasuke use all these different techniques and it really makes you think how cool of a concept the creator had to make naruto based off japanese mythology and how sasuke and itachi or uchiha in general have abilities that the gods had in japanese mythology
Keep in mind that Sasuke is fighting to kill while Naruto is fighting to save and they’re still evenly matched. It repeats how Indra starts with power while Ashura eventually catches up and (maybe) even surpasses him,keep in mind that sasuke is fighting to kill while naruto is fighting to save and theyre still evenly matched it repeats how indra starts with power while ashura eventually catches up and maybe even surpasses him
"Episodes #476-477 are both storyboard and directed by Hiroyuki Yamashita (director of Episode #322, #345, #375, BORUTO: Naruto the Movie). He really bent over backwards to direct these two episodes and also personally corrected some of the animation (like he did on #322, #345 and #375).",episodes 476477 are both storyboard and directed by hiroyuki yamashita director of episode 322 345 375 boruto naruto the movie he really bent over backwards to direct these two episodes and also personally corrected some of the animation like he did on 322 345 and 375
Dude we get it you've played elden ring,dude we get it youve played elden ring
"I think the villages would still have their own rulers.
He would be more like a god figure that occasionally massacre people that are bickering for land, or planning a coup and be hated by everyone.",i think the villages would still have their own rulers he would be more like a god figure that occasionally massacre people that are bickering for land or planning a coup and be hated by everyone
"The way I read it, Sasuke wants to eliminate Naruto, because he feels like ANY emotional ties would prevent him from being impartial. He is an avenger. He plans to kill all the leaders. I think his plan is to blast everyone back to the stone age, and remove all governments. He'd then monitor the planet and make sure everyone behaves. He would eliminate any threats above a certain level, that had the potential to shift the balance of power. (Tailed beasts, Kage, those with exceptionally strong abilities, etc.) Basically, he'd become the Bad Cop, that everyone fears, and create an environment where no one dares step out of line. 

When you sit on a throne, people can conspire to dethrone you. When you rule from the shadows, you never know when Sasuke might teleport in & punish you. I think he'd allow the villages to have some sort of City Hall, but every nation would have an empty throne, that Sasuke could occupy at any time.",the way i read it sasuke wants to eliminate naruto because he feels like any emotional ties would prevent him from being impartial he is an avenger he plans to kill all the leaders i think his plan is to blast everyone back to the stone age and remove all governments hed then monitor the planet and make sure everyone behaves he would eliminate any threats above a certain level that had the potential to shift the balance of power tailed beasts kage those with exceptionally strong abilities etc basically hed become the bad cop that everyone fears and create an environment where no one dares step out of line when you sit on a throne people can conspire to dethrone you when you rule from the shadows you never know when sasuke might teleport in punish you i think hed allow the villages to have some sort of city hall but every nation would have an empty throne that sasuke could occupy at any time
I hope you can also upload 477 today as those 2 episodes are meant to be watched one after the other,i hope you can also upload 477 today as those 2 episodes are meant to be watched one after the other
Gets fries and burger. Opens youtube. Sees normies posted naruto reaction. Excellent,gets fries and burger opens youtube sees normies posted naruto reaction excellent
"Sasuke's reasoning and mind set could very easily lead him to being exactly like Danzo.  Danzo didn't do all the bad shit he did for laughs but b/c he believed it was ultimately for the best of his village which is what Sasuke is trying to do on a much larger scale for the whole world, which means the action would be scaled much larger as well.  Where Danzo felt that an entire clan needed to be wiped out for the good of the village Sasuke could one day believe that an entire village, city or even nation needs to be completely wiped out for the good of the world.",sasukes reasoning and mind set could very easily lead him to being exactly like danzo danzo didnt do all the bad shit he did for laughs but bc he believed it was ultimately for the best of his village which is what sasuke is trying to do on a much larger scale for the whole world which means the action would be scaled much larger as well where danzo felt that an entire clan needed to be wiped out for the good of the village sasuke could one day believe that an entire village city or even nation needs to be completely wiped out for the good of the world
"the issue is sasuke is looking for a fix and there is no such thing. It's like the old superman cartoons say ""it's a never ending battle"" any ""fix"" will only lead back to more death and war. So while there is no easy answer naruto is right you just have to keep work at it.",the issue is sasuke is looking for a fix and there is no such thing its like the old superman cartoons say its a never ending battle any fix will only lead back to more death and war so while there is no easy answer naruto is right you just have to keep work at it
Why am I getting emotional over the final battle STARTING!!?? DAMN,why am i getting emotional over the final battle starting damn
Are they gonna watch The last movie and Narutos wedding episode (the Iruka scene Is emotional 😂),are they gonna watch the last movie and narutos wedding episode the iruka scene is emotional
to summarize sasuke: just because that's the way the world is doesn't mean that's the way that it has to be,to summarize sasuke just because thats the way the world is doesnt mean thats the way that it has to be
Still think this is one of the best fight in anime,still think this is one of the best fight in anime
I have been following u guy's journey for such a long time now with Naruto. I have enjoyed listening to ur opinions and point of views on the show even though sometimes u guyz forget alot of stuff bout the story lol. Excited to see the bleach reactions.,i have been following u guys journey for such a long time now with naruto i have enjoyed listening to ur opinions and point of views on the show even though sometimes u guyz forget alot of stuff bout the story lol excited to see the bleach reactions
I love the analysis of would you do this if you were the only one in the world with this power. Really puts Sasuke's position into perspective,i love the analysis of would you do this if you were the only one in the world with this power really puts sasukes position into perspective
This final Naruto VS Sasuke fight is just epic.,this final naruto vs sasuke fight is just epic
"""That reminds me of Korra a lil bit"", HE DID NOT JUST... HAHAHAHAHAHAH",that reminds me of korra a lil bit he did not just hahahahahahah
"cherish these episodes, because when you get to boruto...........",cherish these episodes because when you get to boruto
"3:52 Chris bro...
what was that gasp? 😂😂",352 chris bro what was that gasp
"Man, can't believe they finally reach this episode.",man cant believe they finally reach this episode
Man I'm watching this in the gym just because i have to see how this ride ends,man im watching this in the gym just because i have to see how this ride ends
I'm so excited that you're in this part already. Prepare yourself for the best 3 episodes of Naruto Shippuden (476-478),im so excited that youre in this part already prepare yourself for the best 3 episodes of naruto shippuden 476478
Y’all really should have released this episode and the next two together as a single finale video,yall really should have released this episode and the next two together as a single finale video
Arguably the best Naruto fight…..,arguably the best naruto fight
"My name is also, Chris Johnson. That's wild",my name is also chris johnson thats wild
"i love this final fight, its my favorite resolution in anime, i love this show since i was little, and even tho the awr arc could have been better, this is the perfect ending in my eyes (specially the anime version)",i love this final fight its my favorite resolution in anime i love this show since i was little and even tho the awr arc could have been better this is the perfect ending in my eyes specially the anime version
"Chris, The 5 kage aren't stronger then Sasuke. The 5 kage got beat by edo Madara that wasn't even trying. Sasuke is stronger then that Madara",chris the 5 kage arent stronger then sasuke the 5 kage got beat by edo madara that wasnt even trying sasuke is stronger then that madara
"These Episodes are the absolut best !
Also keep in mind that both of them fought for 2 days straigth ! And both of them even died for a short time. And they still have strength left to battle each other full on.
 
The reasons with the flashbacks during the fight is that Sasuke once told naruto that when shinobi get strong to a certain point they are able to convey thier feelings to each other through fights. thats why they share these memories throough this fight.",these episodes are the absolut best also keep in mind that both of them fought for 2 days straigth and both of them even died for a short time and they still have strength left to battle each other full on the reasons with the flashbacks during the fight is that sasuke once told naruto that when shinobi get strong to a certain point they are able to convey thier feelings to each other through fights thats why they share these memories throough this fight
"I am just a bit surprised that people find it hard to understand where Sasuke is coming from?!
I'm not saying that Sasuke is right. He is definitely wrong and the bad guy here. But the reasons for his actions have some validity. Like he didn't arrive to this conclusion on an impulse. And it makes it even more sense to do something like this right after madara's plan. Because he's seen that idealism never did anything for this world. Pain, Obito, Madara, Itachi and even Danzo... they moved through the shadows and made actual change happened. Danzo, being a piece of shit he was, he did save the village from an Uchiha Coup... Something Third Hokage couldn't even do shit with his idealism. All Third Hokage did was ""We'll talk"" but he never did.
Sasuke saw all that. and with amount of hate and anger and violence he's experienced in his life... it makes total sense to why he's doing what he is doing now.
He's a total villain right now... but why he is being a villain... it makes total sense to me. And never thought that this sasuke was someone people would not understand. He definitely has been annoying for most of the series because he was impulsive and let someone else manipulate him. This is the first time he's arrived at a conclusion on his own. And his own life as well as his brother's is what has influence him to this point.",i am just a bit surprised that people find it hard to understand where sasuke is coming from im not saying that sasuke is right he is definitely wrong and the bad guy here but the reasons for his actions have some validity like he didnt arrive to this conclusion on an impulse and it makes it even more sense to do something like this right after madaras plan because hes seen that idealism never did anything for this world pain obito madara itachi and even danzo they moved through the shadows and made actual change happened danzo being a piece of shit he was he did save the village from an uchiha coup something third hokage couldnt even do shit with his idealism all third hokage did was well talk but he never did sasuke saw all that and with amount of hate and anger and violence hes experienced in his life it makes total sense to why hes doing what he is doing now hes a total villain right now but why he is being a villain it makes total sense to me and never thought that this sasuke was someone people would not understand he definitely has been annoying for most of the series because he was impulsive and let someone else manipulate him this is the first time hes arrived at a conclusion on his own and his own life as well as his brothers is what has influence him to this point
OMG I need to get High before I watch this reaction!!,omg i need to get high before i watch this reaction
"Fear is always the answer, fear make you brave, fear push you forward, fear put people in control, control is peace.",fear is always the answer fear make you brave fear push you forward fear put people in control control is peace
"I think a simple way you can explain the conflict is: which is more powerful, hate or love?",i think a simple way you can explain the conflict is which is more powerful hate or love
"In essence, Sasuke is seeking a solution based on a belief that humans fundamentally cannot understand one another and cooperate willingly. That's what he learned from his experiences and what he saw as the inevitable result of the current system, when even hashirama gave up trying to understand madara and decided to kill his best friend to defend his dream.

Naruto saw much of the same through his own experiences but he has absolute faith through the people he met and the people he decided to listen to that it is possible to trust one another when we understand their pain. From all the people that put their trust on him, he knows that if he kills Sasuke right here it's same as proving Sasuke right, if he kills Sasuke he gives up on his dream. Even if he gets the Hokage position he'll never be a true Hokage in his mind.

So Naruto's mission is more than stopping Sasuke but also show him that things can be different if they don't give up on humanity. That was the true cycle of history that wasn't created by Black Zetsu, and that's the cycle that Naruto wants to stop.",in essence sasuke is seeking a solution based on a belief that humans fundamentally cannot understand one another and cooperate willingly thats what he learned from his experiences and what he saw as the inevitable result of the current system when even hashirama gave up trying to understand madara and decided to kill his best friend to defend his dream naruto saw much of the same through his own experiences but he has absolute faith through the people he met and the people he decided to listen to that it is possible to trust one another when we understand their pain from all the people that put their trust on him he knows that if he kills sasuke right here its same as proving sasuke right if he kills sasuke he gives up on his dream even if he gets the hokage position hell never be a true hokage in his mind so narutos mission is more than stopping sasuke but also show him that things can be different if they dont give up on humanity that was the true cycle of history that wasnt created by black zetsu and thats the cycle that naruto wants to stop
"it still ticks me off that they still think the ""half-kage"" plan will work. it obv did not when it was hashirama and madara",it still ticks me off that they still think the halfkage plan will work it obv did not when it was hashirama and madara
"If you look closely even during the beginning of the taijutsu fight, Sasuke was purposely stopping Naruto from making the Shadow Clone seal repeatedly cuz jumping is his trump card over skill.",if you look closely even during the beginning of the taijutsu fight sasuke was purposely stopping naruto from making the shadow clone seal repeatedly cuz jumping is his trump card over skill
"19:28 Suraj, that's not change, it's control.",1928 suraj thats not change its control
"Yes, sasuke is in dictator mindset, sacrificing himself and doing necessary evil for (what he thinks is) the greater good, and so far noone can disprove his method would work, it's morally wrong but its effective, we are OBVIOUSLY not supposed to agree with him, but sasukes way is the most efective one so far (without taking everyones free will like madara's infinite tsukuyomi.)",yes sasuke is in dictator mindset sacrificing himself and doing necessary evil for what he thinks is the greater good and so far noone can disprove his method would work its morally wrong but its effective we are obviously not supposed to agree with him but sasukes way is the most efective one so far without taking everyones free will like madaras infinite tsukuyomi
What a journey…,what a journey
"Finally someone reacted to the “Nandomo, nandomo, nandomo, nandomoooooo!” 😩👏🏼 voice acting was peak 🙌🏼",finally someone reacted to the nandomo nandomo nandomo nandomoooooo voice acting was peak
Can’t believe we’re here. You started Naruto the most late in big 3 but it was the first one you’ve finished. Huge W!,cant believe were here you started naruto the most late in big 3 but it was the first one youve finished huge w
"Naruto had the best birthday present, won the war and a fight to the death with Sasuke",naruto had the best birthday present won the war and a fight to the death with sasuke
"Nick, I was diagnosed with Cancer a month before you started Naruto…I was in the hospital for about a month and when I saw that you started Naruto I was so happy…Three months later I was completely healthy again…I haven’t missed any of your reactions to Naruto…Thank you for entertaining me in my hardest days and even today when I am healthy…",nick i was diagnosed with cancer a month before you started narutoi was in the hospital for about a month and when i saw that you started naruto i was so happythree months later i was completely healthy againi havent missed any of your reactions to narutothank you for entertaining me in my hardest days and even today when i am healthy
The man at the ending telling us the story of Naruto is the one that speak at the beginning of the manga. Kishimoto decided to close is manga like he was telling us a fairytail. Complete Masterpiece.,the man at the ending telling us the story of naruto is the one that speak at the beginning of the manga kishimoto decided to close is manga like he was telling us a fairytail complete masterpiece
The silence...just the sounds of jutsu & exchanging combat...absolute god-tier scene,the silencejust the sounds of jutsu exchanging combatabsolute godtier scene
"That wasn't exactly Sasuke seeing ""his family"" like you were saying, but rather Sasuke realizing how big Naruto's circle had become while he remains all alone in the world - though in the end he realizes that if he wants, he can be a part of Naruto's circle too.",that wasnt exactly sasuke seeing his family like you were saying but rather sasuke realizing how big narutos circle had become while he remains all alone in the world though in the end he realizes that if he wants he can be a part of narutos circle too
Insane to think 15 seconds of straight fighting in this episode have more animation than all the episodes of OPM s3 combined lmao,insane to think 15 seconds of straight fighting in this episode have more animation than all the episodes of opm s3 combined lmao
Watching the reactions along with you felt like watching Naruto when I was a young teen/kid. The emotions and hype I felt watching it I saw back in your reactions. Thank you for taking us on this journey back to our childhood,watching the reactions along with you felt like watching naruto when i was a young teenkid the emotions and hype i felt watching it i saw back in your reactions thank you for taking us on this journey back to our childhood
"""imagine being the fish in the water"" best quote of the video 😂",imagine being the fish in the water best quote of the video
"One of the best ""hands-down"" anime fights ever!",one of the best handsdown anime fights ever
"I love the fact that Shippuden ended with Sasuke's words of wisdom and acceptance during the conversation with Naruto. (""I didn't think that you'd be coming to see me off. You sacrificed your arm to stop me. Thanks to you I found salvation.
We were insignificant little things that used to clash. And now we're able to share each other's pain. And after journeying along and seeing the world, I've realized something. This isn't just about you and me, I belive this concept can be applied to even bigger things than just us. It's kind of like a prayer, to keep enduring until it comes to be no matter what. And to those upon whom that task falls, perhaps that's what it means to be a Ninja."" - Sasuke) ☯️",i love the fact that shippuden ended with sasukes words of wisdom and acceptance during the conversation with naruto i didnt think that youd be coming to see me off you sacrificed your arm to stop me thanks to you i found salvation we were insignificant little things that used to clash and now were able to share each others pain and after journeying along and seeing the world ive realized something this isnt just about you and me i belive this concept can be applied to even bigger things than just us its kind of like a prayer to keep enduring until it comes to be no matter what and to those upon whom that task falls perhaps thats what it means to be a ninja sasuke
"25:10 In Naruto’s hand, you can see the hands of many of his comrades, including Jiraiya. But if you look closely at Sasuke’s hand, you’ll notice that Itachi’s hand is reflected there too😭",2510 in narutos hand you can see the hands of many of his comrades including jiraiya but if you look closely at sasukes hand youll notice that itachis hand is reflected there too
Naruto will always and forever be my number 1 anime. This will never change not ever.,naruto will always and forever be my number 1 anime this will never change not ever
"The coolest detail of their final fight is how Sasuke keeps preventing Naruto from forming the sign for his clones at the start. Everytine Naruto brings his hands together, Sasuke instantly breaks them apart or forces Naruto to coubter something. Peak!",the coolest detail of their final fight is how sasuke keeps preventing naruto from forming the sign for his clones at the start everytine naruto brings his hands together sasuke instantly breaks them apart or forces naruto to coubter something peak
"One small detail that i always liked is how 23:19 Naruto doesn't put his headband back on when landing the final blow. He always made a point to keep it on during their fights as a show of respect and equality. I think this just shows how this was one of the rare times he went all out on Sasuke. Cause he didn't feel like this was the fair fight he wanted. He was ready to die here. As also shown by fist bumping Kurama one last time. Which im not sure if intentional or not, maybe im just overthinking it.",one small detail that i always liked is how 2319 naruto doesnt put his headband back on when landing the final blow he always made a point to keep it on during their fights as a show of respect and equality i think this just shows how this was one of the rare times he went all out on sasuke cause he didnt feel like this was the fair fight he wanted he was ready to die here as also shown by fist bumping kurama one last time which im not sure if intentional or not maybe im just overthinking it
"24:35 It's cut off in this vid, but you can see ITACHI'S hand helping Sasuke with the Chidori here... holy heartbreak hehe",2435 its cut off in this vid but you can see itachis hand helping sasuke with the chidori here holy heartbreak hehe
"Absolutely, that last fight between Naruto and Sasuke is my all time favorite anime sequence. There are so many poignant moments throughout Naruto and Shippuden, but all of the emotional moments in that last fight topped them all! I bawled when all of the most important people in Naruto's life helped form his last Rasengan, and then when Sasuke saw the whole village standing with Naruta, and then saw himself standing right there with them. Ugly cried for real",absolutely that last fight between naruto and sasuke is my all time favorite anime sequence there are so many poignant moments throughout naruto and shippuden but all of the emotional moments in that last fight topped them all i bawled when all of the most important people in narutos life helped form his last rasengan and then when sasuke saw the whole village standing with naruta and then saw himself standing right there with them ugly cried for real
"its not done until you see ""Naruto Shippuden: The Last"" movie!!!",its not done until you see naruto shippuden the last movie
"52:33 ""Atone for your sins and get some ass while you're at it!"" 
                         - Nicholas Light.",5233 atone for your sins and get some ass while youre at it nicholas light
"my favorite moment is when Naruto and Sasuke lay on the ground without their arms, the blood of both of them mix together and the hands of Hahirama´s and Madara´s statues make the unison sign. What a journey Nick. It´s been a pleasure to share with you my favorite anime of all time. I wait for you at Boruto.",my favorite moment is when naruto and sasuke lay on the ground without their arms the blood of both of them mix together and the hands of hahiramas and madaras statues make the unison sign what a journey nick its been a pleasure to share with you my favorite anime of all time i wait for you at boruto
"Sasuke who use the same gesture his brother did to him to sakura after knowing the real meaning that itachi gave to that Gesture. This was called by the Naruto japanese voice actors as "" The ultimate espression of Love""",sasuke who use the same gesture his brother did to him to sakura after knowing the real meaning that itachi gave to that gesture this was called by the naruto japanese voice actors as the ultimate espression of love
"Around that moment 24:50 when we see everyone helping naruto i heard that when sasuke is doing his chidori, he was not alone he had Itachi hand appear like for 0,1 sec when they clash. It mean that he was not after all alone. Cool detail.",around that moment 2450 when we see everyone helping naruto i heard that when sasuke is doing his chidori he was not alone he had itachi hand appear like for 01 sec when they clash it mean that he was not after all alone cool detail
Time for him to relive this experience through storm 4,time for him to relive this experience through storm 4
"I always find it beautiful to see how Nic reflects on Naruto and truly appreciates all the wonderful moments—whether they're emotional scenes, clever plays during a fight, or just genuinely good writing. Especially nowadays, I've noticed a trend where Naruto is being talked down a bit, often labeled as a ""light edition"" full of plot holes and so on. Of course, Naruto isn't perfect—it definitely has its flaws and weaknesses—but I believe it also has some incredible moments, real peaks during its 15-year run, that make it all worthwhile. And I find it sad that some people seem to forget that.

For example, a YouTuber named FilmBuff once said he might be interested in watching Naruto, and in the comments, you’d see people discouraging him, saying he shouldn’t bother, that the writing in Naruto isn’t that good, and so on—just because he tends to analyze a lot of things deeply. But even if Naruto has its issues, it still has so many things worth analyzing. I just find this trend kind of disheartening",i always find it beautiful to see how nic reflects on naruto and truly appreciates all the wonderful momentswhether theyre emotional scenes clever plays during a fight or just genuinely good writing especially nowadays ive noticed a trend where naruto is being talked down a bit often labeled as a light edition full of plot holes and so on of course naruto isnt perfectit definitely has its flaws and weaknessesbut i believe it also has some incredible moments real peaks during its 15year run that make it all worthwhile and i find it sad that some people seem to forget that for example a youtuber named filmbuff once said he might be interested in watching naruto and in the comments youd see people discouraging him saying he shouldnt bother that the writing in naruto isnt that good and so onjust because he tends to analyze a lot of things deeply but even if naruto has its issues it still has so many things worth analyzing i just find this trend kind of disheartening
Thank you for the 4 episode upload Nick!,thank you for the 4 episode upload nick
52:05 is wild,5205 is wild
"48:10 You actually predicted that right, Naruto DOES become a sensei in their academy but it's only mentioned in Sakura Hiden book that was never adapted.",4810 you actually predicted that right naruto does become a sensei in their academy but its only mentioned in sakura hiden book that was never adapted
"37:15 ""Now they gonna walk away and hold hands..."" Well...",3715 now they gonna walk away and hold hands well
"I have finished this show again, 😂 bruh i don't know how many times i have watched this show....😢
Thanks Boi❤❤🎉",i have finished this show again bruh i dont know how many times i have watched this show thanks boi
One of the best best best fights ever in anime history...,one of the best best best fights ever in anime history
"52:11 Actually, she goes with him, but not right now. Sasuke goes on a redemption journey for 2 years. After that, in the light novel's it shows how and why he comes to take Sakura with him. It happens after Naruto and Hinata's marriage. They go traveling together and Sakura get's pregnant. Then they get married and come back to konoha for their baby. I'm not gonna tell you what happens next LOL cuz, I HOPE YOU ENJOY WATCHING BORUTO! IT'S BEEN A LONG TIME WATCHING NARUTO WITH YOU NICK! THANK YOU ^^",5211 actually she goes with him but not right now sasuke goes on a redemption journey for 2 years after that in the light novels it shows how and why he comes to take sakura with him it happens after naruto and hinatas marriage they go traveling together and sakura gets pregnant then they get married and come back to konoha for their baby im not gonna tell you what happens next lol cuz i hope you enjoy watching boruto its been a long time watching naruto with you nick thank you
"21:30 this right there, is the best thing in cinematic history.",2130 this right there is the best thing in cinematic history
"There are so many peak moments in this show, but for me it's when Guy opened the 8th gate. And the Saddest one was when Naruto found out about Jiraiya and he was sitting on that bench with the Ice cream in his hand 😢",there are so many peak moments in this show but for me its when guy opened the 8th gate and the saddest one was when naruto found out about jiraiya and he was sitting on that bench with the ice cream in his hand
"Made my day in the middle of college midterm exams, thx nick",made my day in the middle of college midterm exams thx nick
"42:42 that reaction, im fuckin dead LMAO",4242 that reaction im fuckin dead lmao
"Thank you pierrot, you understand Naruto universe",thank you pierrot you understand naruto universe
"Watching this show again through your channel has brought the joy of Naruto back into my life man! This show changed my life the first time, and to feel the energy and the love this time around meant even more. Thank you for sharing this with us bro! All love!",watching this show again through your channel has brought the joy of naruto back into my life man this show changed my life the first time and to feel the energy and the love this time around meant even more thank you for sharing this with us bro all love
"Was watching your Naruto reactions since video with three big 3 first episodes😭😭 
Also was on almost every stream. This journey was fucking peak. Thank you",was watching your naruto reactions since video with three big 3 first episodes also was on almost every stream this journey was fucking peak thank you
"26:30 Even in the end, Itachi loved his little brother. 
Itachi: """"No matter what you choose, I will always love you""",2630 even in the end itachi loved his little brother itachi no matter what you choose i will always love you
"This is not just anime
This is a Guidebook to Life",this is not just anime this is a guidebook to life
Favorite Naruto moment of all time was when he befriended Kurama and gave Kakashi a subtle flashback of Minato. Will forever be the coldest moment of the series imo 🥶,favorite naruto moment of all time was when he befriended kurama and gave kakashi a subtle flashback of minato will forever be the coldest moment of the series imo
"This was my favorite series you’ve done yet, and I don’t know if anything else will top the emotion felt throughout this series!",this was my favorite series youve done yet and i dont know if anything else will top the emotion felt throughout this series
I love that you appreciate Obito more than any other reactor. He was basically the foundation of the story the whole time and was one of the best written characters in the series.,i love that you appreciate obito more than any other reactor he was basically the foundation of the story the whole time and was one of the best written characters in the series
52:06 dude I love you,5206 dude i love you
"Their battle was one of the greatest 1v1 ive seen in anime, truly legendary",their battle was one of the greatest 1v1 ive seen in anime truly legendary
36:25 walk away and hold hands is wild 💀,3625 walk away and hold hands is wild
"Truly what a journey
Naruto Shippuden (and OG Naruto) happened almost 2 decades and was a part of my childhood! 
Seeing the ending at that time was a bless, how Naruto's growth and development through the series until this conclusion.
Thank you very much for reacting to Naruto! 
This series has some bad sides, like many filler and some weak sides on the animations, which why some people avoid Naruto, but I'm glad you reacted to the very end and hopefully you enjoy it!

Hopefully you'll watch some of the last episodes, because there are some really good story parts, that leads to the grand finale of the Naruto series. You already said probably you'll just watch a couple episodes of the final part, but hopefully you'll watch the Konoha Hiden arc at least which will lead to the final episode! :D",truly what a journey naruto shippuden and og naruto happened almost 2 decades and was a part of my childhood seeing the ending at that time was a bless how narutos growth and development through the series until this conclusion thank you very much for reacting to naruto this series has some bad sides like many filler and some weak sides on the animations which why some people avoid naruto but im glad you reacted to the very end and hopefully you enjoy it hopefully youll watch some of the last episodes because there are some really good story parts that leads to the grand finale of the naruto series you already said probably youll just watch a couple episodes of the final part but hopefully youll watch the konoha hiden arc at least which will lead to the final episode d
"Something I really appreciate about Naruto is that the villains had different levels of being redeemable:

-redeemable because their motives grew out of trauma: ie Gaara, Obito, Sasuke, Sasori, Pain, Konan, Kabuto

-possibly redeemable because their philosophy is flawed, but has reason: ie Madara, Orochimaru, Danzo

-irredeemable because their motives and methods are psychopathic: ie Deidara, Hidan, Kakuzu, Kisame

I think it’s rare that a popular scifi or fantasy story has that spectrum of villainy so well written and fleshed out.",something i really appreciate about naruto is that the villains had different levels of being redeemable redeemable because their motives grew out of trauma ie gaara obito sasuke sasori pain konan kabuto possibly redeemable because their philosophy is flawed but has reason ie madara orochimaru danzo irredeemable because their motives and methods are psychopathic ie deidara hidan kakuzu kisame i think its rare that a popular scifi or fantasy story has that spectrum of villainy so well written and fleshed out
I love how there is a seemingly universal agreement that once Asuma dies in Shippuden the whole show just takes everything to a whole new level between the writing and fights,i love how there is a seemingly universal agreement that once asuma dies in shippuden the whole show just takes everything to a whole new level between the writing and fights
Channel has grown so much since we started aot together congrats on the success brother,channel has grown so much since we started aot together congrats on the success brother
"Isn't our boy the best, thank you Nicholas. 😂❤",isnt our boy the best thank you nicholas
"what no one noticed is that for naruto's rasengan, basically everyones hands were there but fir sasuke's chidori, only itachi's hand was visible. absolute peak writing.",what no one noticed is that for narutos rasengan basically everyones hands were there but fir sasukes chidori only itachis hand was visible absolute peak writing
Congrats bro. Such a journey,congrats bro such a journey
"What's crazy is that it's almost an exact repeat of their first battle, and Naruto *still* held back this time.",whats crazy is that its almost an exact repeat of their first battle and naruto still held back this time
best MC of all time.,best mc of all time
"I wish most people pointed out the fact, when naruto was getting the hands of all his beloved... Sasuke got 1 HAND to his chidori",i wish most people pointed out the fact when naruto was getting the hands of all his beloved sasuke got 1 hand to his chidori
Honestly hyped af for Boruto reactions,honestly hyped af for boruto reactions
"It all came down to this
One of the most iconic showdowns ever",it all came down to this one of the most iconic showdowns ever
Is it weird im actually super excited for boruto and just his reaction,is it weird im actually super excited for boruto and just his reaction
7 EPISODES IN A ROW UPLOADS!!! WHAT IS THIS ERA,7 episodes in a row uploads what is this era
"That ""Tobirama no-no-no"" send me 😁😁😁😁",that tobirama nonono send me
"When Sasuke Cried and he realized about everything, that was my favorite moment and that broke my heart because that its almost that much person's we living.",when sasuke cried and he realized about everything that was my favorite moment and that broke my heart because that its almost that much persons we living
U finished the goatest anime in history,u finished the goatest anime in history
There is no other anime like Naruto man ...,there is no other anime like naruto man
"Thanks for this journey, Nick!
Thank you again! ❤",thanks for this journey nick thank you again
"35:31 LOL, this realisation 😂😂",3531 lol this realisation
"37:30 
The first time Sasuke was Cry",3730 the first time sasuke was cry
"People tell the Last movie is important but I think you should watch Road to Ninja, might be late but i think that's the best one",people tell the last movie is important but i think you should watch road to ninja might be late but i think thats the best one
44:06 your so evil😂.,4406 your so evil
"Tobirama? nah nah nah....

Accurate Reaction ",tobirama nah nah nah accurate reaction
Lord please bless nick for everything that he’s done to help us,lord please bless nick for everything that hes done to help us
"It's here! The PEAK of Naruto combat.

This is the absolute PEAK of Naruto.

Kakashi vs. Obito was 2 brothers trying to kill each other. 


Naruto vs. Sasuke is 1 brother trying to kill the other, and 1 brother trying to save the other.


Sasuke lacks the skill to kill Naruto.

Naruto lacks the will to kill sasuke.",its here the peak of naruto combat this is the absolute peak of naruto kakashi vs obito was 2 brothers trying to kill each other naruto vs sasuke is 1 brother trying to kill the other and 1 brother trying to save the other sasuke lacks the skill to kill naruto naruto lacks the will to kill sasuke
"i already commented this on patreon, but i just want to say how grateful i am to have been on this journey with you in reacting to naruto. 

i was a fan of yours for years but stopped watching for a while, then came back to watch your naruto reactions. so thank you for having me relive my childhood, especially now that im an adult that i get to see the show in a new perspective.

you’re awesome, im looking forward to boruto because ive never watched it before! so it’ll be an experience",i already commented this on patreon but i just want to say how grateful i am to have been on this journey with you in reacting to naruto i was a fan of yours for years but stopped watching for a while then came back to watch your naruto reactions so thank you for having me relive my childhood especially now that im an adult that i get to see the show in a new perspective youre awesome im looking forward to boruto because ive never watched it before so itll be an experience
"Bro, let’s be real for a second. I get that you’re hyped about One Piece animation—and yeah, it does look amazing, no denying that—but let’s not forget, a lot of those scenes were animated nearly 9 years ago! And it’s not just about One Piece here.

Naruto brings a whole different kind of emotional depth with its characters—and don’t even get me started on the soundtrack. That music hits on another level from start to finish. The fight choreography in Naruto? Absolutely insane.

Honestly, I feel like you’re not giving Naruto nearly the credit it deserves these days. And just to be clear—I am a One Piece fan who follows the manga every week. I genuinely believe it’s one of the greatest fantasy stories ever told in anime. But hyping up One Piece while brushing off other shows like Naruto, which shine in their own right? That’s not it, man.

We should always be respectful and considerate when praising one show, especially when others have made just as big an impact in diffrent ways",bro lets be real for a second i get that youre hyped about one piece animationand yeah it does look amazing no denying thatbut lets not forget a lot of those scenes were animated nearly 9 years ago and its not just about one piece here naruto brings a whole different kind of emotional depth with its charactersand dont even get me started on the soundtrack that music hits on another level from start to finish the fight choreography in naruto absolutely insane honestly i feel like youre not giving naruto nearly the credit it deserves these days and just to be cleari am a one piece fan who follows the manga every week i genuinely believe its one of the greatest fantasy stories ever told in anime but hyping up one piece while brushing off other shows like naruto which shine in their own right thats not it man we should always be respectful and considerate when praising one show especially when others have made just as big an impact in diffrent ways
Sasuke revolution theme 😈😈😈🐐,sasuke revolution theme
Now we wait for naruto the last: reaction,now we wait for naruto the last reaction
"these episodes to me are some of the greatest I ever watched and 476-478 might be the greatest 3 back-to-back episodes oat. Sasuke is my character and to see his character grow so much thought the final battle is beyond peak. These episodes need to be put in a museum because they are masterpieces. I can't wait for your reaction to the movie and the last 7 episodes after that. But Once again, imma glaze sasuke and said ""I lost"" is one of the best highest peaks oat",these episodes to me are some of the greatest i ever watched and 476478 might be the greatest 3 backtoback episodes oat sasuke is my character and to see his character grow so much thought the final battle is beyond peak these episodes need to be put in a museum because they are masterpieces i cant wait for your reaction to the movie and the last 7 episodes after that but once again imma glaze sasuke and said i lost is one of the best highest peaks oat
Fun fact the manga ends with a panel of Boruto vandalising Naruto's Hokage face and he draws the straw hat pirates  symbol showing how much kishimoto respects Oda and his story while fans are always crying and comparing them,fun fact the manga ends with a panel of boruto vandalising narutos hokage face and he draws the straw hat pirates symbol showing how much kishimoto respects oda and his story while fans are always crying and comparing them
my favorite episode in this journey was when Asuma died and Shikamaru went to Kurenai. All those black pauses in between made the job very well,my favorite episode in this journey was when asuma died and shikamaru went to kurenai all those black pauses in between made the job very well
"I dont know if you read all the comments, but man I love you, Like your reactions have given me so much joy for these past few years. 
When my Dad died, I was at my lowest, You literally revivied me, 
I was hooked to all of your reactions, but your Naruto Reactions have truly been my favourite. 
Hope you keep shining man, 
I'm not a attention seeker or a comment like begger, I hope you read this comment as a heart to heart, man to man, Grateful feedback.",i dont know if you read all the comments but man i love you like your reactions have given me so much joy for these past few years when my dad died i was at my lowest you literally revivied me i was hooked to all of your reactions but your naruto reactions have truly been my favourite hope you keep shining man im not a attention seeker or a comment like begger i hope you read this comment as a heart to heart man to man grateful feedback
Glad to rewatch Naruto through your reactions. Reminds me of how much I loved this show growing up.,glad to rewatch naruto through your reactions reminds me of how much i loved this show growing up
WATCH NARUTO: THE LAST- ITS A BEAUTIFUL MOVIE,watch naruto the last its a beautiful movie
"My Favourite Moment was Hinata vs Pain, Cried my heart out for days after itThen it was Naruto meeting Kushina!",my favourite moment was hinata vs pain cried my heart out for days after itthen it was naruto meeting kushina
"That's why for me, Naruto is the best show ever in the human history.",thats why for me naruto is the best show ever in the human history
"Lmao, ""Deidara would ""come""""
That was hilarious! 🤣🤣",lmao deidara would come that was hilarious
U do have a wedding to watch my boi😂,u do have a wedding to watch my boi
"Just to clarify, there are like 3 episodes left that are pretty important, and the movie titled ""The Last"" is canon story prior to Boruto",just to clarify there are like 3 episodes left that are pretty important and the movie titled the last is canon story prior to boruto
Wooo congrats nick its been a good time going on this journey with you🥳,wooo congrats nick its been a good time going on this journey with you
"Well the moment when Sasuke said ""I am the strongest in this world right now."" 
PEAK

25:09 JIRAYAAAAAAAAAAAAAAAAAAAAAAAAA

Fun fact that's the moment when naruto is doing 1st time rasengan with 1 hand XD i believe",well the moment when sasuke said i am the strongest in this world right now peak 2509 jirayaaaaaaaaaaaaaaaaaaaaaaaaa fun fact thats the moment when naruto is doing 1st time rasengan with 1 hand xd i believe
I absolutely love this series. It’s dope to see a YouTuber who shares my same favorite character too!,i absolutely love this series its dope to see a youtuber who shares my same favorite character too
been here since the start of the journey cant believe i rewatched the whole show with you lol,been here since the start of the journey cant believe i rewatched the whole show with you lol
It simply is the greatest anime ever created.,it simply is the greatest anime ever created
"i feel like ”Nandomo, nandomo, nandomo, nandomoooooo!” part is Indra talking through Sasuke to Ashura",i feel like nandomo nandomo nandomo nandomoooooo part is indra talking through sasuke to ashura
"My fav naruto moments: naruto entrance in pain arc, narutos first fist bump with kurama while doing their first transformation. The entire last fight vs Sasuke (really loved the scene where kurama commented on narutos counterjab xD)",my fav naruto moments naruto entrance in pain arc narutos first fist bump with kurama while doing their first transformation the entire last fight vs sasuke really loved the scene where kurama commented on narutos counterjab xd
"Now that was indeed a journey.
Thank you kindly, Nicholas.
Rewatching it alongside you was, plainly put, fucking great.",now that was indeed a journey thank you kindly nicholas rewatching it alongside you was plainly put fucking great
Great reaction video.,great reaction video
The end is finally here 😭,the end is finally here
"Seeing Mckay's face lit up when the final battle was starting was soo relatable to me since I had the same expression while watching the final battle! I remember sobbing the entire time watching the final battle, it was simply nostalgic and wholesome. Naruto is a big part of my strongest memories from my childhood, a time when the power of friendship mattered the most! It's a show that'll never leave my top spot! Thanks for the watch!!!",seeing mckays face lit up when the final battle was starting was soo relatable to me since i had the same expression while watching the final battle i remember sobbing the entire time watching the final battle it was simply nostalgic and wholesome naruto is a big part of my strongest memories from my childhood a time when the power of friendship mattered the most its a show thatll never leave my top spot thanks for the watch
Damn I never watched y'all's Naruto reactions but I felt like I HAD to be here for this one😭😭,damn i never watched yalls naruto reactions but i felt like i had to be here for this one
"Ain't no WAY YOU SKIPPED THE ""NANDOMO NANDOMOOOOOOOOOOOOOO"" NONONONO THATS A CRIME 27:34",aint no way you skipped the nandomo nandomoooooooooooooo nononono thats a crime 2734
"Despite the flaws in the last arc, this series really really meant a lot. Not just to me but to a lot of people. I really hope in the end you all enjoyed the series as a whole",despite the flaws in the last arc this series really really meant a lot not just to me but to a lot of people i really hope in the end you all enjoyed the series as a whole
"""that was sketchy, i thought he was gonna lose his arm for a second.""
subtle foreshadowing moment",that was sketchy i thought he was gonna lose his arm for a second subtle foreshadowing moment
Naruto vs Sasuke is still my no. 1 Favourite fight of all time...,naruto vs sasuke is still my no 1 favourite fight of all time
"Cannons statement about watching naruto young is very true, im the biggest one piece fan of all time but naruto was my first anime growing up and it literally changed my life and I have so many good memories of the show and how it made me feel at the time.",cannons statement about watching naruto young is very true im the biggest one piece fan of all time but naruto was my first anime growing up and it literally changed my life and i have so many good memories of the show and how it made me feel at the time
12:39 everyone locking in and leaning forward LMAO too real,1239 everyone locking in and leaning forward lmao too real
"now watch the ""movie the last""",now watch the movie the last
"It's been fun rewatching this with you guys, wish Briggs was here for the ending of Naruto, I remember the looks him and Mckay would give each other in Naruto eps 😂",its been fun rewatching this with you guys wish briggs was here for the ending of naruto i remember the looks him and mckay would give each other in naruto eps
"At the end of the day what really helps me understand the feelings of both Sasuke and Naruto is that they’ve both endured such insane lives at the fresh age of 16 man, child soldiers and just putting yourself in both predicaments with their levels of power really makes me think *for the most part* how they act isn’t totally invalid",at the end of the day what really helps me understand the feelings of both sasuke and naruto is that theyve both endured such insane lives at the fresh age of 16 man child soldiers and just putting yourself in both predicaments with their levels of power really makes me think for the most part how they act isnt totally invalid
at least they love the final fight 😂😂 been loving the reactions tho,at least they love the final fight been loving the reactions tho
"""Sasuke's the definition of a school threat"" LOL😂",sasukes the definition of a school threat lol
Now you must react to naruto the last the movie,now you must react to naruto the last the movie
I still think this is one of the best “final battles” in anime,i still think this is one of the best final battles in anime
What do they mean it's over? They have a whole ass wedding to watch,what do they mean its over they have a whole ass wedding to watch
You guys def should watch the last movie before finishing the rest of it. It will make more sense,you guys def should watch the last movie before finishing the rest of it it will make more sense
Wow you all finally got here😭,wow you all finally got here
Naruto the GOAT 😭😭🧡,naruto the goat
25:05 tanjiro don't even born,2505 tanjiro dont even born
"Holy, i thought it's an old reaction but you guys just uploaded this 17 hours ago, i wanna say this anime really does shape me as a person watching this when i was 10 years old every afternoon was magical, i really glad you guys watch this until the end",holy i thought its an old reaction but you guys just uploaded this 17 hours ago i wanna say this anime really does shape me as a person watching this when i was 10 years old every afternoon was magical i really glad you guys watch this until the end
"This final fight will always be iconic, and the inner mind sequence finally gives us a glimpse into Sasuke’s POV that he had hidden for so long while trying to sever all his ties with the world. The only bond he could never cut completely off has always been Naruto. I think, after the imperfect Kagya arc, this is the perfect finale that Kishimoto planned from very early on.",this final fight will always be iconic and the inner mind sequence finally gives us a glimpse into sasukes pov that he had hidden for so long while trying to sever all his ties with the world the only bond he could never cut completely off has always been naruto i think after the imperfect kagya arc this is the perfect finale that kishimoto planned from very early on
"Onto boruto, just watch the canon episodes only and it’s just more peak on the way",onto boruto just watch the canon episodes only and its just more peak on the way
23:47 i am crying bro,2347 i am crying bro
The last pleaseeeee,the last pleaseeeee
"Finally, we are here. I love that Cannon is really able to grasp and appreciate what Naruto stands for and the entirety of his story. IMO it is not very easy to get into Naruto so strongly if you did not grow up with it so I'm glad to see Jack and Cannon find the connection to this very deep, nostalgic, and beloved series. Just like its theme of raising the ""new leaves"" / generations to come, Naruto is for sure something you'd want to pass down to your kids. Looking forward to the movie react!",finally we are here i love that cannon is really able to grasp and appreciate what naruto stands for and the entirety of his story imo it is not very easy to get into naruto so strongly if you did not grow up with it so im glad to see jack and cannon find the connection to this very deep nostalgic and beloved series just like its theme of raising the new leaves generations to come naruto is for sure something youd want to pass down to your kids looking forward to the movie react
"The end is here! Naruto vs Sasuke was so well animated and the moments in between were so well done, thank you guys for the reactions 👍",the end is here naruto vs sasuke was so well animated and the moments in between were so well done thank you guys for the reactions
"Minato - ""Goodbye Naruto""
Sasuke - ""Dont worry, you will meet him again in a moment""",minato goodbye naruto sasuke dont worry you will meet him again in a moment
THERES NO WAY YOUTUBE HID THIS FROM ME FOR AN HOUR,theres no way youtube hid this from me for an hour
"At 29:10 in that episode idk if you guys caught the detail but when all the hands make Naruto's last rasengan if you go through the frames, Itachi's hand does the same to Sasuke's chidori",at 2910 in that episode idk if you guys caught the detail but when all the hands make narutos last rasengan if you go through the frames itachis hand does the same to sasukes chidori
I can’t believe we reached the end 💪🏼,i cant believe we reached the end
People forget that his own village made his brother kill his mother and father and he saw it replayed in his head for hours. The fact that he is not a straight up serial killer is a miracle,people forget that his own village made his brother kill his mother and father and he saw it replayed in his head for hours the fact that he is not a straight up serial killer is a miracle
"@28:51 From my understanding, this scene means Naruto got everyone helping him and what’s all these characters put their wish and hope into it ,when he have no chakura left for the final bigbang Rasengun ,not only acknowledge.",2851 from my understanding this scene means naruto got everyone helping him and whats all these characters put their wish and hope into it when he have no chakura left for the final bigbang rasengun not only acknowledge
It was amazing and nostalgic journey with you guys. Thanks for being consistent with it . Loved you reactions. It was my routine for a year to wait and watch Naruto with you😂,it was amazing and nostalgic journey with you guys thanks for being consistent with it loved you reactions it was my routine for a year to wait and watch naruto with you
"Technically, there's still a wedding after the movie. The end is the 500th episode.",technically theres still a wedding after the movie the end is the 500th episode
I REMEMBER YALLS FIRST VIDEO EVER T.T its been a journey,i remember yalls first video ever tt its been a journey
"This fight was good and all, but I still prefer their fight as kids, that shit changed me when I watched it as a kid",this fight was good and all but i still prefer their fight as kids that shit changed me when i watched it as a kid
The time has come,the time has come
334 days until YLIA: the Gek edition 🔥,334 days until ylia the gek edition
Great last episodes here. Sick fight. Sasuke using narutos hand to do signs was wildddd,great last episodes here sick fight sasuke using narutos hand to do signs was wildddd
Its so good to see actual good daredevil everyweek while i do what's necessary,its so good to see actual good daredevil everyweek while i do whats necessary
There’s still more canon episodes until episode 500!,theres still more canon episodes until episode 500
Where's Ep 480 to 500?,wheres ep 480 to 500
We dont really need a remake we need a prequel😊,we dont really need a remake we need a prequel
I love this speech Sasuke gave you guys talked over mostly xD,i love this speech sasuke gave you guys talked over mostly xd
Next watch Naruto the Last Movie and some episode after this last episode,next watch naruto the last movie and some episode after this last episode
That was an amazing discussion guys. Loved it so much.. And yeah... See you for the movie!,that was an amazing discussion guys loved it so much and yeah see you for the movie
No other fight scene I've ever seen has surpassed this. Genuine GOAT status,no other fight scene ive ever seen has surpassed this genuine goat status
"you have to watch the movie The Last, it's important",you have to watch the movie the last its important
Been a fun ride boys,been a fun ride boys
Guys! The new episode of my hero academia is out😓🙏🏼,guys the new episode of my hero academia is out
"for me Naruto is treasure to my childhood , I love it so much that despite with the pacing issues and all the filler eps , I never skipped single ep. With all its flaws , it remains very dear to my heart 
 the friendship between sasuke is one of the most compelling aspects of the story . THEIR relationship is incredibly complex, and I understand both of theme very well . I never blamed sasuke for what he did considering everything he went through he was indeed alone.
the same could have been happend to Naruto, but the diffrence is that he had Iruka sensai by his side when he needed someone the most.",for me naruto is treasure to my childhood i love it so much that despite with the pacing issues and all the filler eps i never skipped single ep with all its flaws it remains very dear to my heart the friendship between sasuke is one of the most compelling aspects of the story their relationship is incredibly complex and i understand both of theme very well i never blamed sasuke for what he did considering everything he went through he was indeed alone the same could have been happend to naruto but the diffrence is that he had iruka sensai by his side when he needed someone the most
18:53 that shot + the ost goes so fucking hard it always gives me the chills,1853 that shot the ost goes so fucking hard it always gives me the chills
"That is his epic theme version,  spotted well carter",that is his epic theme version spotted well carter
One of the best anime fights ever!,one of the best anime fights ever
"That whole Sasuke pov and conversation is my absolute favorite moment in the series. That look on Sasuke’s face when he finally understands, him admitting he lost, that moment when he cries and suggests offing himself, all peak character moments from Sasuke that really don’t get topped until Boruto for me",that whole sasuke pov and conversation is my absolute favorite moment in the series that look on sasukes face when he finally understands him admitting he lost that moment when he cries and suggests offing himself all peak character moments from sasuke that really dont get topped until boruto for me
They finished that was as quick as My Hero relatively speaking,they finished that was as quick as my hero relatively speaking
Sasukes mini arc is definitely worth a watch and the last episodes are a must watch as well,sasukes mini arc is definitely worth a watch and the last episodes are a must watch as well
"OMG 
FINALLYY WE MADE IT",omg finallyy we made it
lol watching the entire show and still not understanding sasuke character is so wild,lol watching the entire show and still not understanding sasuke character is so wild
Can't wait for the movie and the last reaction from you guys,cant wait for the movie and the last reaction from you guys
There is still episodes of naruto shippuden hope u guys continue watching (The last ) and (Boruto),there is still episodes of naruto shippuden hope u guys continue watching the last and boruto
"After 2 day binge starting at 5 Katge Summit, ive made it to this Reaction that dropped faster than i thought even tho i forgot about them",after 2 day binge starting at 5 katge summit ive made it to this reaction that dropped faster than i thought even tho i forgot about them
What about 484-500?,what about 484500
This will always be one of my favourite animes,this will always be one of my favourite animes
"Ohhh they gotta watch “Naruto: The Last” now, before they head into the epilogue episodes of Shippuden",ohhh they gotta watch naruto the last now before they head into the epilogue episodes of shippuden
"yo when are the intro reactions coming out on patreaon, u guys finished the show a while ago",yo when are the intro reactions coming out on patreaon u guys finished the show a while ago
You guys should do ranking of all the characters theme songs,you guys should do ranking of all the characters theme songs
You should def watch naruto and sasuke vs momoshiki,you should def watch naruto and sasuke vs momoshiki
Now must react to Naruto the last movie 😭,now must react to naruto the last movie
"Fun fact: Sasuke’s personality and attitude,this type of young male are unexpectedly quite popular in Asia real life , culturally different from the west.
Maybe people from the east are more sub? Idk",fun fact sasukes personality and attitudethis type of young male are unexpectedly quite popular in asia real life culturally different from the west maybe people from the east are more sub idk
"Cannon, what was putting the can on your face for? Lol",cannon what was putting the can on your face for lol
Man I wonder how Brig feels about the boys finally finishing the series. Imagine he would've made a cameo for the last fight lol,man i wonder how brig feels about the boys finally finishing the series imagine he wouldve made a cameo for the last fight lol
Borutos manga cannon is 🔥. Y’all should experience it for yourself. Form your own opinion,borutos manga cannon is yall should experience it for yourself form your own opinion
I can’t believe yall have come to the end of the shippuden journey 😭,i cant believe yall have come to the end of the shippuden journey
I FINALLY get to watch this 😭,i finally get to watch this
"Now PV ""ROAD OF NARUTO"" please",now pv road of naruto please
They finally made it 😭😭😭,they finally made it
Also watch the Naruto movie entitled Naruto the last movie,also watch the naruto movie entitled naruto the last movie
28:39 not only is it everyone putting their hearts and acknowledgement behind naruto but its also the first time he's ever done Rasangan without the use of a clone.,2839 not only is it everyone putting their hearts and acknowledgement behind naruto but its also the first time hes ever done rasangan without the use of a clone
"It's time for ""Naruto the Last Movie"" 🔥",its time for naruto the last movie
Sasuke's the most misunderstood character in anime history...when his theme dropped i almost rooted for him lmao,sasukes the most misunderstood character in anime historywhen his theme dropped i almost rooted for him lmao
13:42 the most op move he never used again,1342 the most op move he never used again
"Watching the first bunch of non canon boruto episodes and then skipping all other filler isnt as bad as i thought it would be. I think episode 1 to 17 are not from the manga but give much needed context. Skipping straight to the "" manga canon"" episodes feels so bad. Also Sasuke & Naruto vs momoshiki 🔥",watching the first bunch of non canon boruto episodes and then skipping all other filler isnt as bad as i thought it would be i think episode 1 to 17 are not from the manga but give much needed context skipping straight to the manga canon episodes feels so bad also sasuke naruto vs momoshiki
Before you guys finish the episode you watch naruto the last movie 👍,before you guys finish the episode you watch naruto the last movie
"End of an era... How I wish Brig was there to experience it once again with you guys. 

I don't know if you've planned to watch The Last yet, but if so, at the very least please react to Boruto the Movie too. I don't really watch Boruto but that movie imo is the actual last Naruto movie that serves as the bridge to the Boruto series. The ending part of that movie was peak",end of an era how i wish brig was there to experience it once again with you guys i dont know if youve planned to watch the last yet but if so at the very least please react to boruto the movie too i dont really watch boruto but that movie imo is the actual last naruto movie that serves as the bridge to the boruto series the ending part of that movie was peak
"Guys... I want to say a few words...
Yes... This show didn't reach your expectations... You may not love the show that much, especially Carter... But ever since you started the show... Trust me, I always waited for your naruto reactions every single day with the same enthusiasm and excitement... That much I love this show and you guys reacting to it... You never faked it guys... You remained true... I loved it... Even if it hurt me sometimes... But thank you so much for never giving up on this show... And giving us these amazing reactions... I'm so so so happy and very grateful... 🥹🙏
PS : Still can't believe that you guys didn't react to Itachi's backstory. 😭 Yes... I'm still mad about this 😤",guys i want to say a few words yes this show didnt reach your expectations you may not love the show that much especially carter but ever since you started the show trust me i always waited for your naruto reactions every single day with the same enthusiasm and excitement that much i love this show and you guys reacting to it you never faked it guys you remained true i loved it even if it hurt me sometimes but thank you so much for never giving up on this show and giving us these amazing reactions im so so so happy and very grateful ps still cant believe that you guys didnt react to itachis backstory yes im still mad about this
Boruto has some peak moments,boruto has some peak moments
"Some people miss the detail, on their final Shidori VS Rasengan clash, everyone is helping Naruto, but you can also see, very subtle, Itachi's hand helping Sasuke,  he'll always be there for him, no matter what",some people miss the detail on their final shidori vs rasengan clash everyone is helping naruto but you can also see very subtle itachis hand helping sasuke hell always be there for him no matter what
let it be known. Naruto didnt start trying til the amaterasu. a tough ass jutsu. he tried not to kill him the whole fight.,let it be known naruto didnt start trying til the amaterasu a tough ass jutsu he tried not to kill him the whole fight
guys even tho its filler episode 500 is a good closure for the show,guys even tho its filler episode 500 is a good closure for the show
"Naruto end, i hope you guys watch BLACK CLOVER 🖤🍀",naruto end i hope you guys watch black clover
Guys! Can yall react to the new episode of my hero academia special more please🙆‍♀️💕,guys can yall react to the new episode of my hero academia special more please
"I know i will cry, even at 4th time rewatching Naruto 😢 it has downsides, but the journey was so important, that at the end they doesn't really matter",i know i will cry even at 4th time rewatching naruto it has downsides but the journey was so important that at the end they doesnt really matter
"When it comes to hand to hand combat in the Naruto universe, never disappoints",when it comes to hand to hand combat in the naruto universe never disappoints
We can all agree that this fight was paying homage to Naruto vs. Sasuke at the end of the war.,we can all agree that this fight was paying homage to naruto vs sasuke at the end of the war
If it's one thing Boruto never fails to disappoint in is hand to hand fighting.,if its one thing boruto never fails to disappoint in is hand to hand fighting
When borushiki started flying da shit was hardd asf,when borushiki started flying da shit was hardd asf
"I like that they didn't do a whole lotta talking once they got to fighting, just straight up putting the paws on each other lmao",i like that they didnt do a whole lotta talking once they got to fighting just straight up putting the paws on each other lmao
"No words, just pure hands.

Thanos: ""Perfectly balanced, as all things should be.""",no words just pure hands thanos perfectly balanced as all things should be
No talking just straight fighting. It's my favorite,no talking just straight fighting its my favorite
"Did you guys notice? 
Borushiki didn't absorb all the fire because he didn't want to wake up Boruto.",did you guys notice borushiki didnt absorb all the fire because he didnt want to wake up boruto
0:18 the exact same moves from Naruto and saskues final battle,018 the exact same moves from naruto and saskues final battle
the moment momoshiki stomped kawaki's arm blade in the ground and spin kicked him was badass.,the moment momoshiki stomped kawakis arm blade in the ground and spin kicked him was badass
"Meanwhile, Eida is watching the fight with her Senrigan.",meanwhile eida is watching the fight with her senrigan
This Kawaki just pulled some Alex Mercer from prototype fighting style,this kawaki just pulled some alex mercer from prototype fighting style
2:37 love that dojutsu sound,237 love that dojutsu sound
Wow Boruto devient franchement plus intéressant avec des combats comme ça,wow boruto devient franchement plus intressant avec des combats comme a
One thing about boruto that amazing is that many hands are thrown,one thing about boruto that amazing is that many hands are thrown
It crazy seeing momoshiki using shuriken,it crazy seeing momoshiki using shuriken
Hand to Hand combat in this anime is peak,hand to hand combat in this anime is peak
Kawaki is genuinely an amazing ninja using skilled techniques in addition of being clever,kawaki is genuinely an amazing ninja using skilled techniques in addition of being clever
0:22 Bros were so in love with Sasuke and Boruto's dad they began to fight like theme lmaooo 😭😭,022 bros were so in love with sasuke and borutos dad they began to fight like theme lmaooo
When borushiki goes for that claw palm strike I really like that. It's small martial arts details that make the Naruto franchise one of the BEST in fighting choreography,when borushiki goes for that claw palm strike i really like that its small martial arts details that make the naruto franchise one of the best in fighting choreography
"THE MUSIC, THE FIGHT I LOVE IT I LOVE IT❤❤",the music the fight i love it i love it
0:22 this move is like Naruto and Saskue fight,022 this move is like naruto and saskue fight
1:30 Super sick way to disarm him.,130 super sick way to disarm him
Love the one handed signing  👌 👏 😊,love the one handed signing
This fight is so good I keep coming back,this fight is so good i keep coming back
these animations and the music are real art.,these animations and the music are real art
"Meanwhile, Naruto is standing still while Kawaki fight Momoshiki and Code still holding Shikamaru hostage.",meanwhile naruto is standing still while kawaki fight momoshiki and code still holding shikamaru hostage
Divine! Thanks!,divine thanks
Kawaki gained one of the strongest dojutsu abilities and Momoshiki was still hanging with him. I suspect that Momoshiki would have won if it was dragged out longer.,kawaki gained one of the strongest dojutsu abilities and momoshiki was still hanging with him i suspect that momoshiki would have won if it was dragged out longer
"The lack of ninjutsu due to absorption being spammed in Boruto is definitely a problem, but god damn. When the anime starts adapting fights, the taijutsu is just the best of whole Naruto/Boruto franchise",the lack of ninjutsu due to absorption being spammed in boruto is definitely a problem but god damn when the anime starts adapting fights the taijutsu is just the best of whole narutoboruto franchise
the dodge from behind best move lmao,the dodge from behind best move lmao
Naruto et sasuke j'adore la réf ❤,naruto et sasuke jadore la rf
Already 1 year ago ! Time goes so fast. What a Amazing fight between KawaShiki and BoruShiki.,already 1 year ago time goes so fast what a amazing fight between kawashiki and borushiki
"Momoshiki is not as weak as people believe him to be. It was clearly emphasised that Momoshiki lost because of his attitude and lack of discipline.
His abilities where busted for what he was doing. And his kind usually didn’t engage each other, he had zero worries.
He was the embodiment of boruto at the time. Extremely talented at what he was doing, with zero interest for everything else, and instead of hard work he used his accumulated resource to overpower occasional threats instead of putting in the work to improve.
The whole arch was screaming this at people, but all they remember is him getting bodied. With some believing he’s below a bijuu.",momoshiki is not as weak as people believe him to be it was clearly emphasised that momoshiki lost because of his attitude and lack of discipline his abilities where busted for what he was doing and his kind usually didnt engage each other he had zero worries he was the embodiment of boruto at the time extremely talented at what he was doing with zero interest for everything else and instead of hard work he used his accumulated resource to overpower occasional threats instead of putting in the work to improve the whole arch was screaming this at people but all they remember is him getting bodied with some believing hes below a bijuu
This is like isshiki vs momoshiki. Kinda dope to think about. Especially knowing they’re gonna have more fights,this is like isshiki vs momoshiki kinda dope to think about especially knowing theyre gonna have more fights
"0:26 Kawaki is like Azula, Blue fire😲🔥",026 kawaki is like azula blue fire
Momoshiki was whooping Kawaki’s ass. He was doing that with just taijutsu while Kawaki spamming chakra moves,momoshiki was whooping kawakis ass he was doing that with just taijutsu while kawaki spamming chakra moves
The fact that Naruto's SON goes toe to toe with Boruto is a feat in itself.,the fact that narutos son goes toe to toe with boruto is a feat in itself
The fight and the song is very bad ass. I love it! ❤️‍🔥❤️‍🔥,the fight and the song is very bad ass i love it
Le combat épique c'est l'un des meilleur combat de l'anime Boruto,le combat pique cest lun des meilleur combat de lanime boruto
Yo that was sick,yo that was sick
Seeing them do hand signs on other people against their will was like watching Todo do Boogie Woogie on Mahito without his right hand. So cool.. 🎉,seeing them do hand signs on other people against their will was like watching todo do boogie woogie on mahito without his right hand so cool
I love how people forget Rasengan by itself is a one hit kill.  Momoshiki didn’t .  Too bad he could not land it,i love how people forget rasengan by itself is a one hit kill momoshiki didnt too bad he could not land it
Good a epic battle and Soundtrack  :),good a epic battle and soundtrack
"Everything just immediately went fire ever since this was released. 
I have to say this is an amazing fight! Ever since reading that manga chapter, I had high expectations, I was blown by how well they did!",everything just immediately went fire ever since this was released i have to say this is an amazing fight ever since reading that manga chapter i had high expectations i was blown by how well they did
"Gotta say, the soundtrack is excellent",gotta say the soundtrack is excellent
A masterpiece,a masterpiece
Kawaki using the fire ball jutsu referencing sasukes jutsu from the naruto fight was awesome to see 😅,kawaki using the fire ball jutsu referencing sasukes jutsu from the naruto fight was awesome to see
Cet épisode montre clairement que si boruto ne se réveille pas le combat aurais durer 2h et que les deux on le même niveau,cet pisode montre clairement que si boruto ne se rveille pas le combat aurais durer 2h et que les deux on le mme niveau
0:18 this same move has been seen in every major fight so far. It's been enough. I've had enough of it,018 this same move has been seen in every major fight so far its been enough ive had enough of it
0:22-0:29 sympa la référence au combat final de Naruto vs Sasuke dans Shippuden 😅,022029 sympa la rfrence au combat final de naruto vs sasuke dans shippuden
es demasiado genial!,es demasiado genial
"Kawaki  got tired of being bullied, so he threw hands instead 😂",kawaki got tired of being bullied so he threw hands instead
Kawaki ain't doing none of that hand signs off each other. The dude is basically genin level.,kawaki aint doing none of that hand signs off each other the dude is basically genin level
Iam sorry but that duck that Momo did is so cold....1:49,iam sorry but that duck that momo did is so cold149
Le meilleurs restera les épisode de Naruto avec les détaillé de combat de wingchun et j'en passe c'etait la dinguerie ainsi que le fameux combat de rocklee en mode bourré ! Boruto a du travaille a faire,le meilleurs restera les pisode de naruto avec les dtaill de combat de wingchun et jen passe cetait la dinguerie ainsi que le fameux combat de rocklee en mode bourr boruto a du travaille a faire
When you think about for boruto to even last that long with out using his abilities is impressive.,when you think about for boruto to even last that long with out using his abilities is impressive
Beautiful taijutsu sequence,beautiful taijutsu sequence
Le troisième meilleur combat fu manga après Naruto et Sasuke vs momoshiku et Naruto mode baryon vs isshiki,le troisime meilleur combat fu manga aprs naruto et sasuke vs momoshiku et naruto mode baryon vs isshiki
Fire I cant wait to see them fight as teenagers!,fire i cant wait to see them fight as teenagers
"other than taijustsu, it seems like borushiki can evade all isshikis ninjutsu attacks",other than taijustsu it seems like borushiki can evade all isshikis ninjutsu attacks
I Love this music so much,i love this music so much
"Kawaki: wants to kill Borushiki
Momoshiki: wants to knockout only",kawaki wants to kill borushiki momoshiki wants to knockout only
"Honestly this was an awesome show, fighting style animation the soundtrack it was perfect from an old Naruto animé follower I didn't expect boruto animé to come this far congratulations massachi kichimoto",honestly this was an awesome show fighting style animation the soundtrack it was perfect from an old naruto anim follower i didnt expect boruto anim to come this far congratulations massachi kichimoto
I am actually happy how this actually keep handsigns relevant cause i swear in naruto people went from using handsigns to just instant  using jutsu,i am actually happy how this actually keep handsigns relevant cause i swear in naruto people went from using handsigns to just instant using jutsu
Pouaaah😭😭 Combat Mythique ❤❤❤,pouaaah combat mythique
"Full use of Karma gives them battle experience of the Otsutsuki. You can vividly see this through the fight. 2 parts that stood out to me where:

1st. With Borushiki 1:35 when he dodges Kawaki's smash to the to his face then zooms behind Kawaki to hit him but he dodges but when Kawaki goes to counter Borutoshiki immediately knew this and went to block this the same hand he missed with.

2nd. 1:50 With Kawashiki After he vanished and tried to sneak attack Borushiki, he ducked out the way and tried to kick Kawaki i since he missed but Kawaki knows this so he jumps back.

Really displays how much fighting exp they have. Truly skilled",full use of karma gives them battle experience of the otsutsuki you can vividly see this through the fight 2 parts that stood out to me where 1st with borushiki 135 when he dodges kawakis smash to the to his face then zooms behind kawaki to hit him but he dodges but when kawaki goes to counter borutoshiki immediately knew this and went to block this the same hand he missed with 2nd 150 with kawashiki after he vanished and tried to sneak attack borushiki he ducked out the way and tried to kick kawaki i since he missed but kawaki knows this so he jumps back really displays how much fighting exp they have truly skilled
les reufs Boruto c'est bien lâchez pas,les reufs boruto cest bien lchez pas
What an incredible animation,what an incredible animation
"Naruto looks like a proud dad, seeing his 2 sons sparring for his love, “sound familiar “",naruto looks like a proud dad seeing his 2 sons sparring for his love sound familiar
I tell you these ninjas have some strong wrist. That little kunai holding steady against that blade is crazy. But none crazier than kakashi’s kunai against zabuza’s blade,i tell you these ninjas have some strong wrist that little kunai holding steady against that blade is crazy but none crazier than kakashis kunai against zabuzas blade
Este el el 1% de lo bueno que tiene boruto,este el el 1 de lo bueno que tiene boruto
The ground music hits hard,the ground music hits hard
Is the best hand to hand fight in boruto so far,is the best hand to hand fight in boruto so far
Rare moments like these are why I watch Boruto,rare moments like these are why i watch boruto
"Kawaki’s abilities as a otsutsuki are greater than boruto’s, I mean momoshiki doesn’t have nothing, just the absorbing jutsu",kawakis abilities as a otsutsuki are greater than borutos i mean momoshiki doesnt have nothing just the absorbing jutsu
0:06 nice reference from the pts naruto vs Sasuke battle,006 nice reference from the pts naruto vs sasuke battle
The movement is justttt beautifulllll😥.....bro when i finally got to see this after waiting a year for this i nearly cried,the movement is justttt beautifulllllbro when i finally got to see this after waiting a year for this i nearly cried
0:19 looks the same from that moment in the Naruto V Sasuke Final Fight,019 looks the same from that moment in the naruto v sasuke final fight
These two are powerful with that type of clash no one lost their arm like Naruto and sauske 😂,these two are powerful with that type of clash no one lost their arm like naruto and sauske
La música es de otro nivel😮,la msica es de otro nivel
This is lore acurate jonin movement back in the day 😂😂😂,this is lore acurate jonin movement back in the day
Ready for the rematch in tbv,ready for the rematch in tbv
"Wish ppl would realize that cannon boruto is peak, the anime just overwhelmed us with filler episodes. But the cannon story. & manga is straight fire",wish ppl would realize that cannon boruto is peak the anime just overwhelmed us with filler episodes but the cannon story manga is straight fire
"⚡️ Anime : Boruto : Naruto Next Generations [EP 292]
📺 Où regarder : https://got.cr/Boruto-YT",anime boruto naruto next generations ep 292 o regarder
2:17 favorite image,217 favorite image
"Borushiki made the mistake to  absorb the little from the fire attack, that's why boruto wake up at the end.",borushiki made the mistake to absorb the little from the fire attack thats why boruto wake up at the end
incroyable on attend la suite,incroyable on attend la suite
As an old school Naruto fan I can actually say I’m impressed.,as an old school naruto fan i can actually say im impressed
Man why tf I just had a dream kawaki was in my crib using karma hell nah this why I’m watching it rn 😂,man why tf i just had a dream kawaki was in my crib using karma hell nah this why im watching it rn
I know its not about Naruto and Sasuke but if they ever wanted to give them two a boost again just for maybe the last battle there are definitely a few ways of doing it. Just to help out and not be completely like Yamacha right now. Naruto can learn to use sage mode with the eight inner gates. That would be pretty dang cool. Or if they wanted to bring Nine Tails back those two sealed brothers still around with the Nine Tails chakra. Maybe have  the tail beast use them to revive Nine Tails. Than they all enter Naruto and he becomes the next Sage. Sasuke can always go to Orichi and get new eyes. Maybe get Madara's eyes. Than give him a extra boost with a new advance curse mark. So if there is a final epic battle maybe just to have them two able to be really good support at the end. Meh who knows.,i know its not about naruto and sasuke but if they ever wanted to give them two a boost again just for maybe the last battle there are definitely a few ways of doing it just to help out and not be completely like yamacha right now naruto can learn to use sage mode with the eight inner gates that would be pretty dang cool or if they wanted to bring nine tails back those two sealed brothers still around with the nine tails chakra maybe have the tail beast use them to revive nine tails than they all enter naruto and he becomes the next sage sasuke can always go to orichi and get new eyes maybe get madaras eyes than give him a extra boost with a new advance curse mark so if there is a final epic battle maybe just to have them two able to be really good support at the end meh who knows
Histeri ❤❤merhaba,histeri merhaba
😢😅❤ Boruto TU doi supporté,boruto tu doi support
Essa música epica uso até meus treinos,essa msica epica uso at meus treinos
"Borushiki with just taijutsu super speed and rasengan do that , kawaki with sukuna hikona with ninjutsu and ninja tool , just imagine if boroshiki use his byakogan and we all know the one he had defrent from the hyuga clan",borushiki with just taijutsu super speed and rasengan do that kawaki with sukuna hikona with ninjutsu and ninja tool just imagine if boroshiki use his byakogan and we all know the one he had defrent from the hyuga clan
This fanimation is sick they should add this in naruto!,this fanimation is sick they should add this in naruto
I was in my 2nd year of high school when this fight was first teased. I’ve now graduated university and have a full time job.,i was in my 2nd year of high school when this fight was first teased ive now graduated university and have a full time job
I'm glad he matured out of his brattiness,im glad he matured out of his brattiness
"The animation in this fight better be god-tier, or we riot!",the animation in this fight better be godtier or we riot
"Boruto's ""guess this was the only possible outcome"" hold much more weight due to koji's shinjutsu",borutos guess this was the only possible outcome hold much more weight due to kojis shinjutsu
"Will ❌
Has already broke internet✅",will has already broke internet
"If they adapt this with top-tier animation like in: Bleach, Solo Leveling, this could surpass even Naruto vs Sasuke!",if they adapt this with toptier animation like in bleach solo leveling this could surpass even naruto vs sasuke
😮😮😮😮😢😢😢😢😢😢😢😢😢boruto and Kawaki fight,boruto and kawaki fight
Still hurts that despite Naruto’s best efforts we end up with this scenario. Naruto did way better job compared to Hiruzen,still hurts that despite narutos best efforts we end up with this scenario naruto did way better job compared to hiruzen
Boruto it's a Last Shinobi 🖤🩷⚔️🩷🖤,boruto its a last shinobi
"The moment this drops, the anime world is going to explode! We are not ready yet 🫨",the moment this drops the anime world is going to explode we are not ready yet
"Truly among the greatest introductories ever. This damn scene managed to capture the attention and focus of some untold numbers that's only magnified in growth thereafter. 

To say nothing of that brilliance in storytelling that's successfully maintained across a lengthy span till-date, boasting an unbelievable range over which, each and every new chapter just seems to've upped the ante. 

So many various distinctions in accolade of the diversity with impact of it all... making the series a consistently entertaining prospect of most intelligent application of the lore with plot dynamics so as to elevate in unparalleled fashion. 

I would wish no departure nor end, however must clearly stand in target of at least a closure to this Arc, with that slightest hints at whatever is to follow. 

Coz seeing what, and how the team has accomplished till this still-early juncture, has myself fully invested and dedicated towards the fulfillment of every aspect pertained. 

Thanks for presenting this particular Scene man. This was perfect in light of the latest revelations and I believe, most certainly an appropriate requisite coverage, were one inspired yet further, to delve into theories of the coming future. 

It's about to really start cooking. And for what we've gotten till-date? That is an unthinkable proposition.😅",truly among the greatest introductories ever this damn scene managed to capture the attention and focus of some untold numbers thats only magnified in growth thereafter to say nothing of that brilliance in storytelling thats successfully maintained across a lengthy span tilldate boasting an unbelievable range over which each and every new chapter just seems tove upped the ante so many various distinctions in accolade of the diversity with impact of it all making the series a consistently entertaining prospect of most intelligent application of the lore with plot dynamics so as to elevate in unparalleled fashion i would wish no departure nor end however must clearly stand in target of at least a closure to this arc with that slightest hints at whatever is to follow coz seeing what and how the team has accomplished till this stillearly juncture has myself fully invested and dedicated towards the fulfillment of every aspect pertained thanks for presenting this particular scene man this was perfect in light of the latest revelations and i believe most certainly an appropriate requisite coverage were one inspired yet further to delve into theories of the coming future its about to really start cooking and for what weve gotten tilldate that is an unthinkable proposition
if your reading two blue vortex then you are still in the presents of greatness,if your reading two blue vortex then you are still in the presents of greatness
Insane intro 🔥,insane intro
One of the best first episodes ever. Too bad it's night and day from the other episodes.,one of the best first episodes ever too bad its night and day from the other episodes
Bro nice to meet you 😁,bro nice to meet you
Hashirama and Tobirama:whaaaaaaaa😂😂😂😂,hashirama and tobiramawhaaaaaaaa
Broo thankyou for supporting me I loved your videos soo much,broo thankyou for supporting me i loved your videos soo much
I subscribe to your channel,i subscribe to your channel
This is the best,this is the best
Queria ver um anime de naruto pós batalha final até ele se tornar hokage,queria ver um anime de naruto ps batalha final at ele se tornar hokage
I'm waiting this boruto blue vortex,im waiting this boruto blue vortex
Cannot wait for next part!!😢,cannot wait for next part
Superrrrrrrrrrrrrrrrr❤️❤️,superrrrrrrrrrrrrrrrr
I remember to tobirama and madara,i remember to tobirama and madara
"Kawaki: I will send you where I have sent seventh hokage
Le seventh hokage: Disney landddd",kawaki i will send you where i have sent seventh hokage le seventh hokage disney landddd
He sounds like he’s 6 years old.,he sounds like hes 6 years old
"they still have an animated that fucking fight, bro?",they still have an animated that fucking fight bro
Am am still a shinobi send chills 🥶,am am still a shinobi send chills
we need this shit already,we need this shit already
I hope that’s not his voice ( boruto ),i hope thats not his voice boruto
Don't worry guys when boruto comes back it will be the best filler episodes to date,dont worry guys when boruto comes back it will be the best filler episodes to date
Bro sound like sasuke,bro sound like sasuke
"Made it out like a fekking drama....what's next, the slow motion death fall to emotional music?",made it out like a fekking dramawhats next the slow motion death fall to emotional music
Well im still a shinobi🌀peak,well im still a shinobipeak
Orochimaru would make Sakura actually useful. 😅,orochimaru would make sakura actually useful
Chakrra my fan 💀 MY SUBSCRIBER IS NOW 4.4K,chakrra my fan my subscriber is now 44k
Hi I have a  question we're toread boruto two blue vortex as I only see it on banned websites,hi i have a question were toread boruto two blue vortex as i only see it on banned websites
As much as am I’m excited for this (been reading the manga) this is not gonna break the internet like not even close. If you think this is gonna be on UI Goku level of breaking the internet I’m sorry but that’s not happening. It’ll be big but not internet breaking that’s for sure,as much as am im excited for this been reading the manga this is not gonna break the internet like not even close if you think this is gonna be on ui goku level of breaking the internet im sorry but thats not happening itll be big but not internet breaking thats for sure
Ya chapter kab tak ayaga,ya chapter kab tak ayaga
Bro where you get this clip without copyright please tell me🙏🏼🙏🏼,bro where you get this clip without copyright please tell me
Boruto being mature feels the same as naruto but if Naruto was more mature and somewhat cold,boruto being mature feels the same as naruto but if naruto was more mature and somewhat cold
"Looking at the “Two Blue Wortex” series, I'm not sure if it will definitely happe",looking at the two blue wortex series im not sure if it will definitely happe
Now I guess the only possible outcome meant by kashin kijo prescience,now i guess the only possible outcome meant by kashin kijo prescience
I have a feeling that after Boruto will be Boruto shippurden lol and why Kawaki’s voice sounds like Sasuke’s?,i have a feeling that after boruto will be boruto shippurden lol and why kawakis voice sounds like sasukes
This fighter better be like 3 episodes long,this fighter better be like 3 episodes long
That's the sword he got from when it got broken huh hahahahahha I'm good,thats the sword he got from when it got broken huh hahahahahha im good
Boruto became from a 12 year old brat to  another sasuke and minato vibe . He is kind of attracted . And btw WHEN IS THE ANIME COMING OUT I CAN’T WAIT 😩,boruto became from a 12 year old brat to another sasuke and minato vibe he is kind of attracted and btw when is the anime coming out i cant wait
The va is so ahh omg😭😭,the va is so ahh omg
What’s this child cartoon? My daughter would love this 😊,whats this child cartoon my daughter would love this
When is season 2 coming out,when is season 2 coming out
"wait what does he mean by ""the age of shinobi is over?"" is he going to kill everyone?",wait what does he mean by the age of shinobi is over is he going to kill everyone
When they dropping the new season it's been long,when they dropping the new season its been long
"Sub sounds much better than dub, good video though 😊",sub sounds much better than dub good video though
You remember  me,you remember me
So when the scene will release?,so when the scene will release
why kawaki sound like sasuke,why kawaki sound like sasuke
"I bet you kawaki sent Naruto somewhere he believes is safe, and he wants to do the same for boruto, as he’s now aware of the boroshiki contract",i bet you kawaki sent naruto somewhere he believes is safe and he wants to do the same for boruto as hes now aware of the boroshiki contract
How will boruto master the jogan and the blue karma,how will boruto master the jogan and the blue karma
Kawaki sounds like Sasuke tbh,kawaki sounds like sasuke tbh
My predictions is that someone like orochimaru or smth would help konoha,my predictions is that someone like orochimaru or smth would help konoha
We all know Boruto drops Kawaki 😭 he literally seen his Jougan for the first time!,we all know boruto drops kawaki he literally seen his jougan for the first time
Who knew the whole Boruto series was just a flashback? Kinda devastating for me as I thought it wasn't a flashback,who knew the whole boruto series was just a flashback kinda devastating for me as i thought it wasnt a flashback
Soooo when is this happening??? Someone tell me because I’ve feel like I’ve been waiting forever,soooo when is this happening someone tell me because ive feel like ive been waiting forever
Will this ever air? Lol,will this ever air lol
They need to change the VA,they need to change the va
Those blue eyes will eventually take everything from him 😢,those blue eyes will eventually take everything from him
What did he went through during training arc...,what did he went through during training arc
Doesn't show this part only in beginning,doesnt show this part only in beginning
Definitely not gonna break the internet 😂,definitely not gonna break the internet
"Unrelated but wouldn't it be cool if the writers reveal shibai otsutsuki's final form to be something weird and incomprehensible called...""masashi kishimoto""",unrelated but wouldnt it be cool if the writers reveal shibai otsutsukis final form to be something weird and incomprehensible calledmasashi kishimoto
What if kawaki fed Naruto to ten tails and three Ed’s to send boruto to the ten tails too,what if kawaki fed naruto to ten tails and three eds to send boruto to the ten tails too
Naruto fans are waiting just like gta 6 fans they been flexing on us since 2013 like that’s the only 2 things us Americans want rn COME ON WTBS!!!!! Drop the mf let us have a 2025 Christmas,naruto fans are waiting just like gta 6 fans they been flexing on us since 2013 like thats the only 2 things us americans want rn come on wtbs drop the mf let us have a 2025 christmas
The voice actor for Kawaki is the same as Sasuke right?? Right guys? I can't be the only one noticing that.,the voice actor for kawaki is the same as sasuke right right guys i cant be the only one noticing that
"God I cannot stand borutos dub voice, I was hoping maybe since he’s older it would be more tolerable but nope",god i cannot stand borutos dub voice i was hoping maybe since hes older it would be more tolerable but nope
What episode?,what episode
i can't watch anime in english,i cant watch anime in english
What episode did all this happen i finish it I got nun,what episode did all this happen i finish it i got nun
What happened to Sasuke?,what happened to sasuke
Which episode is this,which episode is this
I want see teenagers boruto,i want see teenagers boruto
I wish he got more of the Naruto talk no jutsuBut like he's basically a copy of Sasuke at this point,i wish he got more of the naruto talk no jutsubut like hes basically a copy of sasuke at this point
Is Naruto dead?,is naruto dead
Doesn’t this make him a Rogue? He attacked the village,doesnt this make him a rogue he attacked the village
The fight will never be like Naruto vs sasuke,the fight will never be like naruto vs sasuke
"I have a question, the entire village was destroyed, does that mean everyone is dead except Boruto and Kawaki?",i have a question the entire village was destroyed does that mean everyone is dead except boruto and kawaki
7 hokage Naruto,7 hokage naruto
wait what did kawaki kills naruto??but i thought he loved lord seventh more then anyone??,wait what did kawaki kills narutobut i thought he loved lord seventh more then anyone
I like how this fight implies that at 16 with out jutsu sasuke and naruto has god level taijutsu,i like how this fight implies that at 16 with out jutsu sasuke and naruto has god level taijutsu
"Momoshiki using Boruto’s body is SUCH a beast. It’s RIDICULOUS. He can’t absorb chakra. He can’t use many chakra based attacks. He can’t use many Otsutsuki abilities. He is COMPLETELY handling an Isshiki infused Kawaki with 98% taijutsu and raw strength. 
Kawaki is seriously impressive, but if Momo didn’t have all of these handicaps, the fight wouldn’t even be close. I truly hope Momo and Boruto grow to understand each other, because the things they could accomplish would be LEGENDARY.",momoshiki using borutos body is such a beast its ridiculous he cant absorb chakra he cant use many chakra based attacks he cant use many otsutsuki abilities he is completely handling an isshiki infused kawaki with 98 taijutsu and raw strength kawaki is seriously impressive but if momo didnt have all of these handicaps the fight wouldnt even be close i truly hope momo and boruto grow to understand each other because the things they could accomplish would be legendary
"Boruto so underrated, especially since the Otsuki arc.",boruto so underrated especially since the otsuki arc
1:51 this is recreation of Naruto vs Sasuke,151 this is recreation of naruto vs sasuke
"Don't get me wrong Kawaki showed no mercy, but momoshiki with the handicaps he has at the moment was BOSS.",dont get me wrong kawaki showed no mercy but momoshiki with the handicaps he has at the moment was boss
I like how calm momoshiki fights when he takes over borutos body hes so calm,i like how calm momoshiki fights when he takes over borutos body hes so calm
This is the fight that the series needed the most. Now we cooking up the successor to Naruto,this is the fight that the series needed the most now we cooking up the successor to naruto
Now the real Boruto begins ( The real story that I can call a sequel of legendary Big 3 anime like Naruto),now the real boruto begins the real story that i can call a sequel of legendary big 3 anime like naruto
Watching this fight for the first time had me at the edge of my seat. They were really boxing for 10 minutes straight,watching this fight for the first time had me at the edge of my seat they were really boxing for 10 minutes straight
borutos life is looking like itachis so mature for his age and giving his life knowing it was the only way to stop momo if u read the manga it’s just gets worse from here he lost everything i wonder how he will deal with his own feeling now and i wonder how his character might change from a joyful kid to a full on shinboi,borutos life is looking like itachis so mature for his age and giving his life knowing it was the only way to stop momo if u read the manga its just gets worse from here he lost everything i wonder how he will deal with his own feeling now and i wonder how his character might change from a joyful kid to a full on shinboi
You'd a thought Kawaki had a Sharingan the way he pulled Sasukes move from part one.,youd a thought kawaki had a sharingan the way he pulled sasukes move from part one
far better than giant explosions. This is a real fight.,far better than giant explosions this is a real fight
The way boruto ducked that hit🔥🔥🔥😭.    (3:23),the way boruto ducked that hit 323
Now that the time skip is coming. I can’t wait to see their full powers 😎,now that the time skip is coming i cant wait to see their full powers
it feels like a boruto movie,it feels like a boruto movie
This animation and artstyle are a fever nightmare,this animation and artstyle are a fever nightmare
The beginning with the flying rods and how he dodged holy crap 😃,the beginning with the flying rods and how he dodged holy crap
i loved how they were doing the exact stuff naruto and sasuke did in their final battle,i loved how they were doing the exact stuff naruto and sasuke did in their final battle
"I love Boruto's character development from a Notorious Kid to a responsible shinobi who adores his father's ideals. But look how helpless was Naruto even in his adulthood makes me so sad for him. He lost his Mom and Dad, now if someone kills your kid infront of you is really heartbreaking for him at that moment.",i love borutos character development from a notorious kid to a responsible shinobi who adores his fathers ideals but look how helpless was naruto even in his adulthood makes me so sad for him he lost his mom and dad now if someone kills your kid infront of you is really heartbreaking for him at that moment
Crazy how no regular shinobi can stand against these 2. Wayyy too overpowered,crazy how no regular shinobi can stand against these 2 wayyy too overpowered
1:52 nice little throwback to when Naruto and Sasuke fought. Incredibly well done.,152 nice little throwback to when naruto and sasuke fought incredibly well done
"1:51 , 1:57 , 2:36 , 2:38, 2:46 3:08, 3:17 
I love the details in those minutes. The moment Kawaki hit Borushiki was because Borushiki's blind spot was on his left. Kawaki is smart to take advantage of that.
That's why Kawaki always tries to attack Borushiki's left side like in the minutes 2:57",151 157 236 238 246 308 317 i love the details in those minutes the moment kawaki hit borushiki was because borushikis blind spot was on his left kawaki is smart to take advantage of that thats why kawaki always tries to attack borushikis left side like in the minutes 257
who else came back to see this masterpiece again?,who else came back to see this masterpiece again
underrated fight,underrated fight
This fight was epic. The calmness,this fight was epic the calmness
"Hashirama v Madara 
Hiruzen vs danzo
Orochimaru vs Jiraiya 
Kakashi vs obito
Naruto vs Sasuke 
Kawaki vs Boruto 
And this all of era in naruto story",hashirama v madara hiruzen vs danzo orochimaru vs jiraiya kakashi vs obito naruto vs sasuke kawaki vs boruto and this all of era in naruto story
Watching these fights unfold with 60 FPS  ALWAYS sends chills down my whole body! 🥶,watching these fights unfold with 60 fps always sends chills down my whole body
This fight is so legendary,this fight is so legendary
1:51 they be referencing sasuke and narutos fight bru,151 they be referencing sasuke and narutos fight bru
This fight so goated man,this fight so goated man
naruto seeing how ridcolous him and sasuke were first hand is probably the best part about this ep,naruto seeing how ridcolous him and sasuke were first hand is probably the best part about this ep
"Kawaki's fireball handsign, he gave boruto the treatment sasuke gave Naruto. Its an uzumaki thing",kawakis fireball handsign he gave boruto the treatment sasuke gave naruto its an uzumaki thing
Le taijutsu quelle régale❤,le taijutsu quelle rgale
Mumoshiki with boruto's body is a true Monster😈,mumoshiki with borutos body is a true monster
The manga edits animated version of this looks even cooler.,the manga edits animated version of this looks even cooler
1:31 the way kawaki absorbs rasengan he look so cool,131 the way kawaki absorbs rasengan he look so cool
"Boruto maybe been a lil brat.. but he’s still a shinobi. 

Ready to die to protect the things he loves.",boruto maybe been a lil brat but hes still a shinobi ready to die to protect the things he loves
I like this fight this fight is so iconic,i like this fight this fight is so iconic
this is awesome to see the Naruto generation evolve with things getting complicated,this is awesome to see the naruto generation evolve with things getting complicated
Eventually I feel like momoshiki is going to have a kurama like role with Boruto. That or either Boruto keeps his powers and extinguishes momoshikis cautiousness,eventually i feel like momoshiki is going to have a kurama like role with boruto that or either boruto keeps his powers and extinguishes momoshikis cautiousness
Anyone notice fight between two otsusuki is mostly taijutsu. But then my men guy get laughed by other because of his only taijutsu skill. Everyone has his own uniqueness😊😊😊.,anyone notice fight between two otsusuki is mostly taijutsu but then my men guy get laughed by other because of his only taijutsu skill everyone has his own uniqueness
Momo combo is so clean,momo combo is so clean
3:35 when he locks tf in holyy,335 when he locks tf in holyy
"I had to come back , the fact Boruto and Kawaki were throwing hands like JJK was funny. Imagine little Boruto boxing with Itadori 😂",i had to come back the fact boruto and kawaki were throwing hands like jjk was funny imagine little boruto boxing with itadori
Bruh…WHEN BLUE EYE VORTEX IS ANIMATED. Can’t wait😭❤️‍🔥,bruhwhen blue eye vortex is animated cant wait
yo this is actually lit asf 🔥🔥🔥,yo this is actually lit asf
If the anime doesnt mess up tbv will be more or less this level of battle for each canon fight. If its seasonal tbv is gonna be one of the best anime. Mark my words,if the anime doesnt mess up tbv will be more or less this level of battle for each canon fight if its seasonal tbv is gonna be one of the best anime mark my words
I swear to god this OST whenever it hits you know the fight is going to be epic. Such a good OST especially for this fight. The music just feels like a demon is fighting an angel and how epic would that be to see.,i swear to god this ost whenever it hits you know the fight is going to be epic such a good ost especially for this fight the music just feels like a demon is fighting an angel and how epic would that be to see
4K | 48FPS (PERFECT!!! 😍),4k 48fps perfect
3:04 that move was too sweet,304 that move was too sweet
Only true fans would notice kawaki used the same hand sign trick on boruto that sasuke used on naruto in their final fight,only true fans would notice kawaki used the same hand sign trick on boruto that sasuke used on naruto in their final fight
Its crazy that its bascially 90% momoshiki vs 90% isshiki,its crazy that its bascially 90 momoshiki vs 90 isshiki
This is so much better than the fight in Naruto which you have to deal with a MILLION flahsbacks before Naruto and Sasuke fight,this is so much better than the fight in naruto which you have to deal with a million flahsbacks before naruto and sasuke fight
How is this video not a 10 million views JUST LOOOK,how is this video not a 10 million views just loook
I don’t even watch anime n this was the best shit I ever seen,i dont even watch anime n this was the best shit i ever seen
"I wish Boruto could use 8 Trigrams 64 Palm. To remind us of his Hyuuga origin

Edit: Or even a variation of it",i wish boruto could use 8 trigrams 64 palm to remind us of his hyuuga origin edit or even a variation of it
This spundtrack is maaaad dawg,this spundtrack is maaaad dawg
"Just thought about it …. If Kawaki is able to use Daikokuten then Borushiki should be able to activate the Byakugan - as well as strike some tenketsu points. The writers just REFUSE to let the Hyuga be GREAT 😂😂😂 

I suppose there hasn’t been a situation where Byakugan would come in handy while he’s in control- but this fight has plenty of moments where Borushiki could have done a quick skippity papp to a couple of tenketsu points or something !",just thought about it if kawaki is able to use daikokuten then borushiki should be able to activate the byakugan as well as strike some tenketsu points the writers just refuse to let the hyuga be great i suppose there hasnt been a situation where byakugan would come in handy while hes in control but this fight has plenty of moments where borushiki could have done a quick skippity papp to a couple of tenketsu points or something
It is so good fight. One Frame man can only dream to get these good fights,it is so good fight one frame man can only dream to get these good fights
What i liked more of this episode in the manga was borushiki positions while doing the rasengan he looked so badass but the anime didn't really have that 😮‍💨,what i liked more of this episode in the manga was borushiki positions while doing the rasengan he looked so badass but the anime didnt really have that
dis like my fav naruto series fight and i seen them all from lee and gaara to naruto and sasuke v momoshiki to kakashi v obito . idk it’s something about this fight that just hits so different,dis like my fav naruto series fight and i seen them all from lee and gaara to naruto and sasuke v momoshiki to kakashi v obito idk its something about this fight that just hits so different
TBV is gonna go so fucking hard,tbv is gonna go so fucking hard
J'adore ce que tu fais man continue comme ça,jadore ce que tu fais man continue comme a
"If i dont see another post from this man/woman, im finding them; and things gone get wicked",if i dont see another post from this manwoman im finding them and things gone get wicked
and this was also the only time borutos animation improved they made the animation style more hd and flows calmer,and this was also the only time borutos animation improved they made the animation style more hd and flows calmer
Hopefully the Blu-ray for the arc is as smooth as this clip.,hopefully the bluray for the arc is as smooth as this clip
Keep making more w,keep making more w
I wonder what Naruto was thinking. Hell him and Sasuke dried a lake,i wonder what naruto was thinking hell him and sasuke dried a lake
Wow. The quality of this makes me wish better animation days.,wow the quality of this makes me wish better animation days
Seeing Naruto was absolutely baffled was kinda scary.,seeing naruto was absolutely baffled was kinda scary
Rewatching these fights it makes so much sense on why boruto is ridiculous strong in the time skip this was all a small peak of what he can do😭 I cannot imagine what he’s capable in the time skip using his karma,rewatching these fights it makes so much sense on why boruto is ridiculous strong in the time skip this was all a small peak of what he can do i cannot imagine what hes capable in the time skip using his karma
Super nice edits ❤❤I’m a Fan Now,super nice edits im a fan now
Cant lie. That was a damn good fight. Almost took me to dbz days. Had me thinking about back in my days 😅,cant lie that was a damn good fight almost took me to dbz days had me thinking about back in my days
Holla 💯🔥 trop cool Hugo Boss Boss,holla trop cool hugo boss boss
3:40 Since when can these Miggas FLY!!!,340 since when can these miggas fly
Dude this anime on actual fire🔥,dude this anime on actual fire
Anyone 11 march 2025,anyone 11 march 2025
What is the OST that plays at the start of this fight? I know the one like a minute or two in is Victor’s Theme but I’m not sure what the first one is.,what is the ost that plays at the start of this fight i know the one like a minute or two in is victors theme but im not sure what the first one is
No smiles no talking 💪🏽  just fighting..,no smiles no talking just fighting
all the boruto haters are choking on this animation,all the boruto haters are choking on this animation
Nice episode ❤,nice episode
Animation is absolutely teribble damn. I thought it was a fan made animation,animation is absolutely teribble damn i thought it was a fan made animation
1:56 that look like familiar,156 that look like familiar
Peak 🔥🔥🔥 can’t wait for manga to finish current arc 👀,peak cant wait for manga to finish current arc
Bruh luffy gear 5 is so disappointing it makes me watch this again and feel relieved,bruh luffy gear 5 is so disappointing it makes me watch this again and feel relieved
Man why tf I just had a dream kawaki was in my crib using karma hell nah this why I’m watching it rn 😂,man why tf i just had a dream kawaki was in my crib using karma hell nah this why im watching it rn
"What’s crazy is, it looks like Boruto wakes up here because Momoshiki is running out of chakra, but in the past Boruto would wake when Momoshiki absorbed TOO much chakra. During the fight with Boro, he absorbed JUST enough to make the rasengan and not to wake Boruto and then télé qui she’s control after he defeated him. In the fight with Sasuke and Kawaki, he woke because Borushiki absorbed too much chakra from Kawaki’s fire style. But here, it looks like using that last rasengan is what stirred Boruto completely conscious, which is backwards.",whats crazy is it looks like boruto wakes up here because momoshiki is running out of chakra but in the past boruto would wake when momoshiki absorbed too much chakra during the fight with boro he absorbed just enough to make the rasengan and not to wake boruto and then tl qui shes control after he defeated him in the fight with sasuke and kawaki he woke because borushiki absorbed too much chakra from kawakis fire style but here it looks like using that last rasengan is what stirred boruto completely conscious which is backwards
Baruto was really smooth with them dodges tho,baruto was really smooth with them dodges tho
One of the best fights in anime history. (in my opinion),one of the best fights in anime history in my opinion
Js straight boxing bro its crazy😂,js straight boxing bro its crazy
Sikhunahikona is a broken shin jutsu to open another space and dropping cubes like that is terrifying. Hope kawaki will get a power up to utilize this shin jutsu more,sikhunahikona is a broken shin jutsu to open another space and dropping cubes like that is terrifying hope kawaki will get a power up to utilize this shin jutsu more
holy fuck that video description makes me nostalgic,holy fuck that video description makes me nostalgic
Really hyped for boruto shippuden,really hyped for boruto shippuden
Naruto being kakashi and kawaki and boruto being sasuke and naruto😂,naruto being kakashi and kawaki and boruto being sasuke and naruto
fighting for the bathroom first morning is mad funny,fighting for the bathroom first morning is mad funny
Hemawari is most mature here😂❤,hemawari is most mature here
Naruto holding it all 😂😂,naruto holding it all
That's what I call Naruto being kakashi in boruto era,thats what i call naruto being kakashi in boruto era
Boruto fighting when he could've just shadow cloned himself 😂😂,boruto fighting when he couldve just shadow cloned himself
He should become the hokage,he should become the hokage
"and some fucks say Boruto suck what more do you guys need to do in a time of peace 😤, and Naruto tryinghard to be the dad he never got and his son chasing his own goal which is the same as minato and Naruto , idk what does ppl expect shinobi like genin to do in times of peace which their fav mc fought and died and revived and defeat and alien goddess 🤷,",and some fucks say boruto suck what more do you guys need to do in a time of peace and naruto tryinghard to be the dad he never got and his son chasing his own goal which is the same as minato and naruto idk what does ppl expect shinobi like genin to do in times of peace which their fav mc fought and died and revived and defeat and alien goddess
So funny 😂😂😂😂😂😂 1:19,so funny 119
i dont know cant help but think this is kinda foreshadowing for whats to come 1:23,i dont know cant help but think this is kinda foreshadowing for whats to come 123
Sasuke learn Naruto's jitsu,sasuke learn narutos jitsu
Guys what's the name of the song in 11:40,guys whats the name of the song in 1140
This Boruto episode was fire asf,this boruto episode was fire asf
"Boruto VS Kawaki: To protect Naruto

Naruto VS Sasuke: To save the world",boruto vs kawaki to protect naruto naruto vs sasuke to save the world
"Hogoromo from heaven ""Ah !shit here we go again"".😂😅",hogoromo from heaven ah shit here we go again
THE SOUL OF A SHINOBI NEVER CHANGES,the soul of a shinobi never changes
"Father, like son, they both can throw some hands 🥶",father like son they both can throw some hands
"naruto:eye battle 
boruto:battle of horns",narutoeye battle borutobattle of horns
If there was a fight scene to recreate this was the one here 🤌,if there was a fight scene to recreate this was the one here
This reference is so Badass🔥🔥🔥🔥,this reference is so badass
Song = La Caution - Thè A la Menthe,song la caution th a la menthe
i always loved Boruto from the beginning but after i saw this fight it brought back so many memories of watching Naruto that i became addicted to the anime.,i always loved boruto from the beginning but after i saw this fight it brought back so many memories of watching naruto that i became addicted to the anime
"Ngl both are good, but the old one is slightly better in both animation and choreography",ngl both are good but the old one is slightly better in both animation and choreography
Still naruto vs sasuke fight is so smooth and better,still naruto vs sasuke fight is so smooth and better
Amazing fight transition,amazing fight transition
"Naruto,boruto,kawaki and sasuke so amazing❤",narutoborutokawaki and sasuke so amazing
Fire edit still waiting on my request but take ur time😅,fire edit still waiting on my request but take ur time
bro it was so fire like father like son,bro it was so fire like father like son
"Look at those bad asses in action,😎🔥",look at those bad asses in action
This Naruto battle was insane,this naruto battle was insane
The fight between boruto and kawaki haven't ended yet,the fight between boruto and kawaki havent ended yet
fire episode,fire episode
Finally good animation and fight fr 🙌💯,finally good animation and fight fr
these fights was peak🔥🔥,these fights was peak
Can you pls do(( gojo full power vs Goku mui))❤️‍🔥,can you pls do gojo full power vs goku mui
Naruto vs Sasuke was something else💀🗿🔥,naruto vs sasuke was something else
Kawaki be like : Don't Hart Lord 7 😈👿💯,kawaki be like dont hart lord 7
Boruto and Kawaki in the future be a friends,boruto and kawaki in the future be a friends
That fight with kawai and boruto is a reference to that last fight with naruto and Sasuke,that fight with kawai and boruto is a reference to that last fight with naruto and sasuke
❤ and cool duo,and cool duo
"Like Father, like sons

- Sasuke Uchiha",like father like sons sasuke uchiha
Always ol is gold😊,always ol is gold
name of the song?,name of the song
Ashura and indra: another day another reincarnation,ashura and indra another day another reincarnation
The simularities😂,the simularities
"no matter what anyone says, the fight between Kakashi and Obito was much more epic than all existing fights in Naruto.",no matter what anyone says the fight between kakashi and obito was much more epic than all existing fights in naruto
Dude no way tell me why I wanted someone to do this edit amazing bro,dude no way tell me why i wanted someone to do this edit amazing bro
Hater bout to storm the comments,hater bout to storm the comments
Like father like son❤❤😊😎,like father like son
Boruto= Sonic Kawaki = Shadow.❤ Boruto = Naruto Kawaki= Sasuke ♥️,boruto sonic kawaki shadow boruto naruto kawaki sasuke
Nice timing,nice timing
O kawaki fes aulas com o sasuke 😂,o kawaki fes aulas com o sasuke
"Haha, awesome",haha awesome
Think god they didn't ruin the fight and the animation was good,think god they didnt ruin the fight and the animation was good
"It’s so cool because one just copies the other, huehuehue.
Anyway the rest of the fight was good",its so cool because one just copies the other huehuehue anyway the rest of the fight was good
"NARUTO AND BARUTO 🧡🖤
KAWAKI AND SASUKE 💙🖤",naruto and baruto kawaki and sasuke
Naruto and Sasuke hit different 🗿💀,naruto and sasuke hit different
"Kawaki throws fire ball boruto absorbs it
Sasuke throws fire ball naruto catches it
💯💯💯💯I love it",kawaki throws fire ball boruto absorbs it sasuke throws fire ball naruto catches it i love it
What the music?,what the music
every masterpiece has its cheap copy,every masterpiece has its cheap copy
Sasuke is so aggressive I love it,sasuke is so aggressive i love it
"When kishimoto didn't have much money to make noruto fight scene , he replaced the characters in Naruto fight scene",when kishimoto didnt have much money to make noruto fight scene he replaced the characters in naruto fight scene
"A battle that will always revive, through generations to generations... Nice👍✨",a battle that will always revive through generations to generations nice
"Naruto dodge the fire jutsu from sasuke 
Boruto just calm and absorb it 
😂😂😂",naruto dodge the fire jutsu from sasuke boruto just calm and absorb it
The song perfectly matched,the song perfectly matched
"W parallels,hater crying rn",w parallelshater crying rn
Nice graphics!,nice graphics
"Kawaki-Saske 💯
Naruto-Boruto 💯",kawakisaske narutoboruto
Ok so sasuke trains for ages to get that proficient at using ninjutsu and kawaki just does that straight away nice,ok so sasuke trains for ages to get that proficient at using ninjutsu and kawaki just does that straight away nice
POV genins are figthing,pov genins are figthing
Boruto peak will carry 2023 🗿,boruto peak will carry 2023
Boruto and naruto good 🎉,boruto and naruto good
This was the best episode of boruto because of his death,this was the best episode of boruto because of his death
Boruto vs kawaki dan Naruto vs Sasuke👏👏👏👏👏👏👏👏👏👏,boruto vs kawaki dan naruto vs sasuke
Boruto Vs Kawaki Is The Cheap Copy Of The Naruto Vs Sasuke 😂,boruto vs kawaki is the cheap copy of the naruto vs sasuke
"Yes, I noticed him. I was shocked. I remembered Naruto Sasuke's fight",yes i noticed him i was shocked i remembered naruto sasukes fight
Boruto better,boruto better
Naruto and his son got spiint with the same combo. 😂,naruto and his son got spiint with the same combo
Bro bgm name?,bro bgm name
Always old is gold ❤❤,always old is gold
"J'ai trop aimé 
,❤😊😊❤",jai trop aim
Those kicks were personal 😅,those kicks were personal
U missed eyes clip 👀,u missed eyes clip
Super magnificent,super magnificent
Quase uma cópia Naruto de Boruto mas e pai e filho 😅❤,quase uma cpia naruto de boruto mas e pai e filho
The song syncs with the fight,the song syncs with the fight
Like dad like son,like dad like son
Bro what's the tone name??..,bro whats the tone name
Super💀💀💀💀💀👌👌😎😎😎😱😱😱👿👿👄💋naruto ❤❤❤,supernaruto
Nah that’s heat,nah thats heat
Song name please bro,song name please bro
"Like father, like son.",like father like son
The anime starting to get really good,the anime starting to get really good
is nobody gonna mention the ishowspeed in the corner,is nobody gonna mention the ishowspeed in the corner
Boruto feels like fan fiction at times.,boruto feels like fan fiction at times
Kawakii is the naruto fanbase who refuses to let naruto go,kawakii is the naruto fanbase who refuses to let naruto go
"Boruto feels like a fever dream lol its alright, but it almost dismisses everything naruto achieved in shippuden",boruto feels like a fever dream lol its alright but it almost dismisses everything naruto achieved in shippuden
The way borushiki was walking kawaki like a dog 😂,the way borushiki was walking kawaki like a dog
Naruto really is like lord 3rd they just can't pull the trigger though in Naruto's defense they made him worthless after the nine tails left him,naruto really is like lord 3rd they just cant pull the trigger though in narutos defense they made him worthless after the nine tails left him
Naruto seeing his son killed right in front of him. I wouldn’t wish this upon my worst enemy.,naruto seeing his son killed right in front of him i wouldnt wish this upon my worst enemy
Kawaki represents the naruto fanbase who cant let naruto retire 😂,kawaki represents the naruto fanbase who cant let naruto retire
The fact that naruto still siding with kawaki shows he really loves kawaki😢,the fact that naruto still siding with kawaki shows he really loves kawaki
Watching your own son get killed by someone is one of the worst things that anybody has ever done,watching your own son get killed by someone is one of the worst things that anybody has ever done
"I’ve seen some comments where people were like oh he didn’t react after seeing that and I’m like the man is in shock. And I haven’t even gotten to this part in the anime, but I’m caught up on Manga. Naruto couldn’t even begin to process what was happening. And he’s been through so much. But this is his son. 😢Anyhow, for the anime, I am loving it enough, and I really can’t wait to see how the rest of it gets animated. It’s a good continuity from where Naruto left off when it comes to the ōtsutsuki saga. Boruto is shaping to be a hero in his own right.  As it’s like where his dad had to fight for everything that he has, and Boruto is the reverse. He had everything and it was taken away from him now he has to fight for it back, so I’m absolutely loving this story.",ive seen some comments where people were like oh he didnt react after seeing that and im like the man is in shock and i havent even gotten to this part in the anime but im caught up on manga naruto couldnt even begin to process what was happening and hes been through so much but this is his son anyhow for the anime i am loving it enough and i really cant wait to see how the rest of it gets animated its a good continuity from where naruto left off when it comes to the tsutsuki saga boruto is shaping to be a hero in his own right as its like where his dad had to fight for everything that he has and boruto is the reverse he had everything and it was taken away from him now he has to fight for it back so im absolutely loving this story
"i like boruto series overall but this scene has to be a disrespect to the sage mode, i mean naruto couldve saved boruto when he was in sage mode. SAGE MODE WAS GOATED BEFOREEEEE  4:42",i like boruto series overall but this scene has to be a disrespect to the sage mode i mean naruto couldve saved boruto when he was in sage mode sage mode was goated beforeeeee 442
"So , this era it will not tailed beast inside on them , but like momoshiki things😂",so this era it will not tailed beast inside on them but like momoshiki things
5:12 twilight sparkle 😂,512 twilight sparkle
Shikamaru shouting what ridiculous strength like he the guy😂😂😂,shikamaru shouting what ridiculous strength like he the guy
When do ancient ninjas have pierced ears and have diamonds???? What did I miss???,when do ancient ninjas have pierced ears and have diamonds what did i miss
"Damn, magics and wizards Shippuden.",damn magics and wizards shippuden
😢When will the sequel to Evil be released?,when will the sequel to evil be released
"When’s the 2 blue vortex coming out I’ve been waiting sence I started watching Naruto so years, first to comment btw",whens the 2 blue vortex coming out ive been waiting sence i started watching naruto so years first to comment btw
Tf is Speed doing in the corner💔,tf is speed doing in the corner
When power creep goes horribly wrong,when power creep goes horribly wrong
how is he using naruto and boruto episode without copyright material 🤔,how is he using naruto and boruto episode without copyright material
Momoshiki is comedy telling kawaki to be nice,momoshiki is comedy telling kawaki to be nice
It's gonna be gold to see borushiki  carrying around adult kawaki in two.blur vortex😂😂😂,its gonna be gold to see borushiki carrying around adult kawaki in twoblur vortex
There behind you speed✌️😔🥀💔,there behind you speed
A.man who lost Everything 😢,aman who lost everything
Boruto isn't gone he comes back in 2 blue vortex,boruto isnt gone he comes back in 2 blue vortex
man i miss This shi. I wonder when boruto is continuing.,man i miss this shi i wonder when boruto is continuing
Lord forth in heaven like why can't I do rasengan like that 😂,lord forth in heaven like why cant i do rasengan like that
Last episode for everyone to believe game ended.,last episode for everyone to believe game ended
"That ain't a reaction video, even if you put fair use law.",that aint a reaction video even if you put fair use law
Dayum this show is amazing if only they dont add dem fillers,dayum this show is amazing if only they dont add dem fillers
Looking back at this I realize code isn’t defective. I think code was compatible but was given a “defect” karma marking to slow jigen down. It made me question his capabilities and why he doesn’t display anything other than his claw marks. Amado is saving him for later,looking back at this i realize code isnt defective i think code was compatible but was given a defect karma marking to slow jigen down it made me question his capabilities and why he doesnt display anything other than his claw marks amado is saving him for later
Well Naruto been super upset over his son dieing wouldn't be bad as it's his son,well naruto been super upset over his son dieing wouldnt be bad as its his son
please old edite please ❤😢,please old edite please
Sarada is gonna burn him alive for this.,sarada is gonna burn him alive for this
Are we gonna ignore the i show speed bubble?,are we gonna ignore the i show speed bubble
How you make anime videos without copyright,how you make anime videos without copyright
yo why is code dub so tuff,yo why is code dub so tuff
"Remember what Hashirama said, he'll protect the village at all cost no matter who they are a family, a brother, a friend. Boruto tried to do just that",remember what hashirama said hell protect the village at all cost no matter who they are a family a brother a friend boruto tried to do just that
Boruto is my  favorite,boruto is my favorite
Boruto Somehow Still Alive (According To Google),boruto somehow still alive according to google
"Dam he survived, not our lucky day.. Eventually tho.",dam he survived not our lucky day eventually tho
Y did you put a song when they were talking,y did you put a song when they were talking
Ky bhai bich fight mai tune dalne ki ky jarurat thi,ky bhai bich fight mai tune dalne ki ky jarurat thi
the music is so annoying,the music is so annoying
Im just going to say i thonk people would actually like to hear the show without ur music making it where u cant hear anything,im just going to say i thonk people would actually like to hear the show without ur music making it where u cant hear anything
Momoshiki vs isshiki how cool,momoshiki vs isshiki how cool
Anyone in 2025,anyone in 2025
Which episode is this?,which episode is this
why does it feel like im watching ai  every single eye in this video is messed up,why does it feel like im watching ai every single eye in this video is messed up
Naruto ninja Heroes ❤❤,naruto ninja heroes
How much does it start shooting our own thing,how much does it start shooting our own thing
Which episode?,which episode
why is speed in the corner lol,why is speed in the corner lol
Wtf he survived lmao....i have not seen one episode,wtf he survived lmaoi have not seen one episode
What ishowspeed doing in the corner,what ishowspeed doing in the corner
I thought momoshiki placed a mark on code and made code turn into boruto damn click baiters,i thought momoshiki placed a mark on code and made code turn into boruto damn click baiters
What’s with the shitty music parts?,whats with the shitty music parts
huaaaaa borutooooo😭😭😭you scared meeeeee,huaaaaa borutoooooyou scared meeeeee
Why is speed there he is not even watching the video,why is speed there he is not even watching the video
Bagus banget dah aku sampe begadang,bagus banget dah aku sampe begadang
bruh why is speed is in the corner,bruh why is speed is in the corner
"Bro, why didnt they take the madara's rinnegan to fight this shit",bro why didnt they take the madaras rinnegan to fight this shit
I don't know kids are old,i dont know kids are old
Boruto is real no fanmake his make by Naruto creator,boruto is real no fanmake his make by naruto creator
MO MO SHIKI,mo mo shiki
Like a brother to boruto yea he just killed him,like a brother to boruto yea he just killed him
Man call he is cooked when it comes to Boruto try hard and karma,man call he is cooked when it comes to boruto try hard and karma
"7:13

..Them writers are just rage baiting us, arent they?",713 them writers are just rage baiting us arent they
Kawaki venom kawasaki venom,kawaki venom kawasaki venom
Eposide number,eposide number
Can anyone tell which episode,can anyone tell which episode
I shall speed,i shall speed
😊 Urdu mein laya karo English samajh nahin aati,urdu mein laya karo english samajh nahin aati
It's like Sasuke and Naruto again,its like sasuke and naruto again
Sometimes I feel like Dragon Ball Super was the worse continuation to an anime I grew up with. Then Boruto shows up in my recommended and I’m like…perhaps I treated you too harshly DBS…,sometimes i feel like dragon ball super was the worse continuation to an anime i grew up with then boruto shows up in my recommended and im likeperhaps i treated you too harshly dbs
What episode?,what episode
Naruto 😎 Editing 🤡,naruto editing
https://youtu.be/vH256rGN1Lk Naruto hindi dubbed me😮😮😮😮,naruto hindi dubbed me
The english dub is so whack its funny.,the english dub is so whack its funny
The bond between kawaking and boruto is so tuff,the bond between kawaking and boruto is so tuff
Tangal stress kawaki,tangal stress kawaki
Babuy kawaki kaw,babuy kawaki kaw
Wssp wit the bs ah slow music,wssp wit the bs ah slow music
What ep is this ? Is this fanmade ?,what ep is this is this fanmade
This not even entertaining I miss shippuden very well made n writing 😢,this not even entertaining i miss shippuden very well made n writing
Naruto is really useless without the nine tails 😢,naruto is really useless without the nine tails
Shikamaru is a hippocrite.,shikamaru is a hippocrite
Real oR fake,real or fake
Dude the Eng Dub voice for Naruto is so bad and cringe for this moment. The way he cried BoRuToE!! made me laugh.,dude the eng dub voice for naruto is so bad and cringe for this moment the way he cried borutoe made me laugh
I think Gaaras feats in Shippuden being mostly defensive is a great way to show his character growth from someone who protected no one and killed everyone,i think gaaras feats in shippuden being mostly defensive is a great way to show his character growth from someone who protected no one and killed everyone
"""I said anyone who saw a perfect Susano'o would definitely die, but since the first attempt failed I thought there was no point in using the same jutsu in order not to ruin it's reputation"" -Madara casually roasts the 5 Kage",i said anyone who saw a perfect susanoo would definitely die but since the first attempt failed i thought there was no point in using the same jutsu in order not to ruin its reputation madara casually roasts the 5 kage
"33:55 Hey, Nick... Naruto lost his arm, too. He just got a replacement.",3355 hey nick naruto lost his arm too he just got a replacement
"14:09 Tobriama yes only made 2 shadow clones but was surprised by the lack of how many he could make. This happened Due to being at a reduced power level. 

So it would be safe to assume he could probably make at least 4-6. Hashirama made like 15 granted they were wood clones.",1409 tobriama yes only made 2 shadow clones but was surprised by the lack of how many he could make this happened due to being at a reduced power level so it would be safe to assume he could probably make at least 46 hashirama made like 15 granted they were wood clones
22:42 minato teleporting the alliance wasn't a speed feat. He connected his Chakra to narutos (who shared his Chakra w the alliance) and used that connection to teleport  everyone. He was only able to do it because of naruto,2242 minato teleporting the alliance wasnt a speed feat he connected his chakra to narutos who shared his chakra w the alliance and used that connection to teleport everyone he was only able to do it because of naruto
"0:00 preamble
1:55 main content
40:00 list summation and nick’s picks
42:53 closing",000 preamble 155 main content 4000 list summation and nicks picks 4253 closing
I love when Nick says something and then shows a panel or screenshot disproving what he just said lol,i love when nick says something and then shows a panel or screenshot disproving what he just said lol
uhh I think bro forgot sakura,uhh i think bro forgot sakura
The amount of glaze the community gives to Itachi is beyond human comprehension,the amount of glaze the community gives to itachi is beyond human comprehension
It's like you knew I was looking for a video from you,its like you knew i was looking for a video from you
Y are your vids so addicting 😢 I need to study,y are your vids so addicting i need to study
Always looking forward to listening to a video you drop otw to work my boy appreciate you,always looking forward to listening to a video you drop otw to work my boy appreciate you
Nick calling the sword of totsuka the sword of nunobuko 😂😂😂😂,nick calling the sword of totsuka the sword of nunobuko
"i love you’re basically a professional naruto scholar, get that bag",i love youre basically a professional naruto scholar get that bag
05:47 My mom,0547 my mom
"Time to sit down, smoke, and zone out to another one of nicks videos. 😁🔥💨💨",time to sit down smoke and zone out to another one of nicks videos
oh thank god because i again am sitting in a damn chair in the hospital getting iron and blood because my new chemo infusion is trying to kill me and i’m stuck sitting here for THREE MORE HOURS 🙃😭,oh thank god because i again am sitting in a damn chair in the hospital getting iron and blood because my new chemo infusion is trying to kill me and im stuck sitting here for three more hours
Good job on the video!,good job on the video
"Reminding Nick you don’t need to be Faster Than Light to dodge a laser. You only need to be faster than the person shooting the laser.

You don’t dodge a bullet, you dodge the gun!",reminding nick you dont need to be faster than light to dodge a laser you only need to be faster than the person shooting the laser you dont dodge a bullet you dodge the gun
I had to break from the rankings but yeah man makes sense Wiley on them so good job,i had to break from the rankings but yeah man makes sense wiley on them so good job
"Why is Sakura not on this list? You Said times before that she's stronger then Tsunade, yet Tsunade Is on this list and Sakura not",why is sakura not on this list you said times before that shes stronger then tsunade yet tsunade is on this list and sakura not
thank you for this one,thank you for this one
Make a video on rewriting Naruto,make a video on rewriting naruto
Great video,great video
Leaving Kabuto OUT is A CRIME,leaving kabuto out is a crime
"3:43   Reading the manga 3-4 times, watching the anime start to finish 10+ times, here’s my quick list while driving home from a job. Curious how my list differs.
1. Kaguya
2. Haguromo
3. 3 eyed Madara
4. 6 paths Naruto
5. 6 paths Sasuke
6. DMS Kakashi
7. 8 gates Guy
8. 10 tails Obito
9. Edo Hashirama
10. Edo Minato
11. Edo Itachi
12. Edo Nagato
13. White zetsu Orochimaru
14. Onoki
15. Edo Tobirama
16. Edo Hiruzen
17. Toad sage Jiryia
18. Tsunade
I can offer context if Nick reply’s.",343 reading the manga 34 times watching the anime start to finish 10 times heres my quick list while driving home from a job curious how my list differs 1 kaguya 2 haguromo 3 3 eyed madara 4 6 paths naruto 5 6 paths sasuke 6 dms kakashi 7 8 gates guy 8 10 tails obito 9 edo hashirama 10 edo minato 11 edo itachi 12 edo nagato 13 white zetsu orochimaru 14 onoki 15 edo tobirama 16 edo hiruzen 17 toad sage jiryia 18 tsunade i can offer context if nick replys
Aye this right here hit 🎯,aye this right here hit
Zetsu and Sakura not being here is absolutely criminal,zetsu and sakura not being here is absolutely criminal
22:45 I thought the reason he was able to teleport everyone is because everyone was connected to Kuramas chakra and Minato used that connection to transport everyone by touching Naruto?,2245 i thought the reason he was able to teleport everyone is because everyone was connected to kuramas chakra and minato used that connection to transport everyone by touching naruto
I thought he was going to say so today i got an email linking me to another article lmao i thought here we go again still love these videos,i thought he was going to say so today i got an email linking me to another article lmao i thought here we go again still love these videos
"You say some crazy things. 23:00 minato does not teleport to 1000 different ninja or more, they are all linked with Naruto and kuramas chakra. They all teleported at the same time.",you say some crazy things 2300 minato does not teleport to 1000 different ninja or more they are all linked with naruto and kuramas chakra they all teleported at the same time
Sensational,sensational
Could we possibly see Kaguya show up in Boruto to wage war against her kin. I would like to see that.,could we possibly see kaguya show up in boruto to wage war against her kin i would like to see that
You should do a video on how accurate to inaccurate ranked or something like that lol,you should do a video on how accurate to inaccurate ranked or something like that lol
41:14 Kaguya winning is always welcom to me,4114 kaguya winning is always welcom to me
"Video idea.
Who of the konoha 12/13 could be hokage.
I’d say shino and or choji could do it but I’d love to see your hashed out version of this.",video idea who of the konoha 1213 could be hokage id say shino and or choji could do it but id love to see your hashed out version of this
Leaving Gaara off the list because his sand has so much utility beyond just offense is such an insane oversight to me. He's easily top 18,leaving gaara off the list because his sand has so much utility beyond just offense is such an insane oversight to me hes easily top 18
Interesting stickers on the table throughout the video,interesting stickers on the table throughout the video
His videos are always awesome,his videos are always awesome
I haven’t thought about Naruto really since the series ended. But now I can’t stop binging your videos and reliving “the good ole days” 😂,i havent thought about naruto really since the series ended but now i cant stop binging your videos and reliving the good ole days
"Tobirama IS the greatest hokage of all time.
And the Uchiha are the people who cause most of the problems in Naruto, so he was right.
😊",tobirama is the greatest hokage of all time and the uchiha are the people who cause most of the problems in naruto so he was right
"Make a video on the worst people of konoha, I feel like that would be a good vid",make a video on the worst people of konoha i feel like that would be a good vid
I feel like people sleep on Madara. Jubidara is like at least a Mid-High Level Otsostuki as far as power goes,i feel like people sleep on madara jubidara is like at least a midhigh level otsostuki as far as power goes
"I just have to say it's really lovely to me that Gara's big feats are all defensive, really a beautiful way to show how much he's grown both mentally and physically, starting protecting himself, then rock lee, then his village, then every person on the battlefield in the 4th great shinobi war, I love the little bits like that in Naruto",i just have to say its really lovely to me that garas big feats are all defensive really a beautiful way to show how much hes grown both mentally and physically starting protecting himself then rock lee then his village then every person on the battlefield in the 4th great shinobi war i love the little bits like that in naruto
Am I the only one who want to see Itachi vs Tsunade 🤔,am i the only one who want to see itachi vs tsunade
Hey nick could you do a vid on kaguya vs iishiki,hey nick could you do a vid on kaguya vs iishiki
"The part that confuses me is that Yes while the show does kind of retcon Hiruzen's statements towards Hashirama they don't retcon ANY towards Tobirama.....so how on Earth is someone that's stated to have surpassed Tobirama at a young age not above Tobirama.....plus the fact that Orochimaru stated that if Hiruzen was 10 years younger (which still isn't his prime) that he would lose to him........This is where bias come in.

Hiruzen is so underrated.....the only Hokage who wasn't brought back in his prime body yet still had great showings during the war. Better than the guy you put right ahead of him btw.",the part that confuses me is that yes while the show does kind of retcon hiruzens statements towards hashirama they dont retcon any towards tobiramaso how on earth is someone thats stated to have surpassed tobirama at a young age not above tobiramaplus the fact that orochimaru stated that if hiruzen was 10 years younger which still isnt his prime that he would lose to himthis is where bias come in hiruzen is so underratedthe only hokage who wasnt brought back in his prime body yet still had great showings during the war better than the guy you put right ahead of him btw
i missed the ranked and explained videos,i missed the ranked and explained videos
"What buddy Nick here is trying to say, is that he’s running out of creative content so he’s recycling. 😹",what buddy nick here is trying to say is that hes running out of creative content so hes recycling
Do one for both Boruto and Naruto please 🙏,do one for both boruto and naruto please
Did Minato need to mark everyone? They all had Kurama chakra…,did minato need to mark everyone they all had kurama chakra
Need a boruto Naruto combined list next,need a boruto naruto combined list next
Am I tripping or did Sakura not make the list?,am i tripping or did sakura not make the list
when he said kakashi I literally stopped what i was doing and rewound.   The explanation helped.,when he said kakashi i literally stopped what i was doing and rewound the explanation helped
As a Sakura hater I even  I think she should’ve made the list somewhere near but above tsunade,as a sakura hater i even i think she shouldve made the list somewhere near but above tsunade
This is way better than the top 30 list that he debunked a while ago,this is way better than the top 30 list that he debunked a while ago
PLEASE SOMEONE TELL NICK THAT KAKASHI DID NOOOOOOT SPEED BLITZ KAGUYA YOU CAN SEE HER REACT 3 SEPERATE TIMES. SHE WAS FIGHTING 3 PEOPLE. LITTERALLY IN 4K IN VIDEO FORM BEFORE OUR EYES HE DID NOOOOOT SPEED BLITZ KAGUSSY,please someone tell nick that kakashi did noooooot speed blitz kaguya you can see her react 3 seperate times she was fighting 3 people litterally in 4k in video form before our eyes he did nooooot speed blitz kagussy
This guy is incredible. This dude’s word is just Naruto law,this guy is incredible this dudes word is just naruto law
Someone please tell me if it's a bit that he always says tensAI edo tensAI chibaku tensAI why does he say it like that💀 that's not how it's pronounced in the show,someone please tell me if its a bit that he always says tensai edo tensai chibaku tensai why does he say it like that thats not how its pronounced in the show
I can't believe you think ayy is stronger than sakura,i cant believe you think ayy is stronger than sakura
Haven’t we gotten this video like 20 times before,havent we gotten this video like 20 times before
6:31 and this is Onoki when he's like 100...,631 and this is onoki when hes like 100
Still better scaling than Swagkage I guess.,still better scaling than swagkage i guess
Can someone make a playlist on all the two blue vortex videos,can someone make a playlist on all the two blue vortex videos
The glazing on this is wild. It starts with people putting hands on madara and then goes down to people who weren't close to madara. Itatchi isn't touching madara,the glazing on this is wild it starts with people putting hands on madara and then goes down to people who werent close to madara itatchi isnt touching madara
Do a debunking of your video dawg,do a debunking of your video dawg
Could Madara Uchiha (10 tails jinchuuriki form) defeat Scarlet Witch from MCU easily?,could madara uchiha 10 tails jinchuuriki form defeat scarlet witch from mcu easily
Kabuto underrated lowkey,kabuto underrated lowkey
"Can you do the same for boruto's timeline, I want to compare them, but obviously you don't have to, it's just a suggestion. But Shibai would definitely be 1st, we don't see ant feits from him, but to have aquiered so much power as to leave his body and go to a higher dimension.",can you do the same for borutos timeline i want to compare them but obviously you dont have to its just a suggestion but shibai would definitely be 1st we dont see ant feits from him but to have aquiered so much power as to leave his body and go to a higher dimension
Now do every ninja if they were reanimated at their strongest ranked,now do every ninja if they were reanimated at their strongest ranked
Where is Sakura? Theres at least 5 people shes stronger than or on par with on this list,where is sakura theres at least 5 people shes stronger than or on par with on this list
"34:00 and this is where you loose the plot nick. I’m pretty sure you yourself have said that madara is weaker than at minimum naruto and sasuke combined. You can’t start debating hypotheticals here man, that’s like the same argument that “oh if hiruzen was in his prime he’s stronger than hashirama” we debate what’s presented not but could be. Feats super dead statements everytime. Just because madara was approaching space daddy’s power doesn’t supersede the statement and feat that kaguya has so much more chakra than madara is laughable. Your opinions are getting a little worse dude. I’m not saying this as senseless hate because I’m mad or someone I’m saying what is objectively true by the presented story. As a certain buff guy says often, you need to do better",3400 and this is where you loose the plot nick im pretty sure you yourself have said that madara is weaker than at minimum naruto and sasuke combined you cant start debating hypotheticals here man thats like the same argument that oh if hiruzen was in his prime hes stronger than hashirama we debate whats presented not but could be feats super dead statements everytime just because madara was approaching space daddys power doesnt supersede the statement and feat that kaguya has so much more chakra than madara is laughable your opinions are getting a little worse dude im not saying this as senseless hate because im mad or someone im saying what is objectively true by the presented story as a certain buff guy says often you need to do better
"Small error in the section about nagato. Itachi doesn't have the sword of nunoboko, he has the totsuka blade",small error in the section about nagato itachi doesnt have the sword of nunoboko he has the totsuka blade
"is he rage baiting at this point? Kabuto on 20th place, Itachi vs Tsunade is close fight, jubito below guy and hashirama somehow above, L takes all the way",is he rage baiting at this point kabuto on 20th place itachi vs tsunade is close fight jubito below guy and hashirama somehow above l takes all the way
So the same video for the 100th time,so the same video for the 100th time
"I feel like Kaguya after merging with the 10 tails became more powerful than any version we’ve seen of Ishikki. 

My rationale is the size and maturity of the 10 tails both had. Kaguya’s being significantly more massive. 

Kaguya is just not a good fighter.",i feel like kaguya after merging with the 10 tails became more powerful than any version weve seen of ishikki my rationale is the size and maturity of the 10 tails both had kaguyas being significantly more massive kaguya is just not a good fighter
Video suggestion- could naruto beat Itachi during the time when he was sick fighting Sasuke,video suggestion could naruto beat itachi during the time when he was sick fighting sasuke
"This list is all sorts of fucked up boys lmao

Madara stronger than end of Shippuden Naruto & Sasuke? Sakura not even on the list? Still calling Orochimaru a “they”?

What’s next, Nick says Sasuke is the best written character?",this list is all sorts of fucked up boys lmao madara stronger than end of shippuden naruto sasuke sakura not even on the list still calling orochimaru a they whats next nick says sasuke is the best written character
"Could you do a video on what happened to Madara’s eyes after the war? I don’t know if it was ever explained, I couldn’t find anything…
Or what do you think they should do with his eyes after the 4th war and or now in current Boruto. Please, thanks!",could you do a video on what happened to madaras eyes after the war i dont know if it was ever explained i couldnt find anything or what do you think they should do with his eyes after the 4th war and or now in current boruto please thanks
"top 10 most powerful shippuden characters

1 kaguya 
2 Sage of six paths and his brother 
3 Naruto 
4 sauske 
5 madara 
6 GUY
7 obito jinchuriki 
8 Hashirama 
9 ashura
10 indra",top 10 most powerful shippuden characters 1 kaguya 2 sage of six paths and his brother 3 naruto 4 sauske 5 madara 6 guy 7 obito jinchuriki 8 hashirama 9 ashura 10 indra
Quick question does this list include the reanimation jutsu for kabuto and orochimaru in the war arc?,quick question does this list include the reanimation jutsu for kabuto and orochimaru in the war arc
it’s the video that was supposed to come out on swagkage lmao,its the video that was supposed to come out on swagkage lmao
"Loove this video thanks!! Am I the only one though who doesn’t love edo tensei variants in rankings? I like the analysis more of the living forms. Can have edo characters separate if wanting to include them, because it’s still interesting data. 


But edo tensei is just like they brought back everyone that had already died. So we could otherwise get edo tensei variants for every character if everyone had already died, and then at point we’d have the same rankings (kinda) as the original rankings for all non-edo tensei variants. So it’s like ranking half the characters living forms and the other half in edo tensei forms which doesn’t feel like a good apples to apples comparison. 

Because half the discussion of “who could defeat who” is really referencing their living forms not ones living form vs another’s edo form.

Like I care more about 2 characters facing off when they’re both peak while alive and are themselves. Not after one is brought back after death and granted pseudo-immortality and strength. 

Except Madara. He earned that sh!t 😊",loove this video thanks am i the only one though who doesnt love edo tensei variants in rankings i like the analysis more of the living forms can have edo characters separate if wanting to include them because its still interesting data but edo tensei is just like they brought back everyone that had already died so we could otherwise get edo tensei variants for every character if everyone had already died and then at point wed have the same rankings kinda as the original rankings for all nonedo tensei variants so its like ranking half the characters living forms and the other half in edo tensei forms which doesnt feel like a good apples to apples comparison because half the discussion of who could defeat who is really referencing their living forms not ones living form vs anothers edo form like i care more about 2 characters facing off when theyre both peak while alive and are themselves not after one is brought back after death and granted pseudoimmortality and strength except madara he earned that sht
I just noticed izuna looks a lot like Sasuke,i just noticed izuna looks a lot like sasuke
Hiruzens staff is based on sun wukongs staff which is called Ruyi Jingu Bang and now this more of a stretch but if this is the same staff then hiruzen must've been carrying thousands of pounds with one hand because in the myth sun wukong needed a certain weapon but non of the other weapons that the dragon king had was heavy enough but the Ruyi Jingu Bang which was as tall as the ocean was just right and as it shrunk into his hand it kept it's weight but that's just a stretch so if you wanna believe it you can but it was never confirmed but it would be cool if it was,hiruzens staff is based on sun wukongs staff which is called ruyi jingu bang and now this more of a stretch but if this is the same staff then hiruzen mustve been carrying thousands of pounds with one hand because in the myth sun wukong needed a certain weapon but non of the other weapons that the dragon king had was heavy enough but the ruyi jingu bang which was as tall as the ocean was just right and as it shrunk into his hand it kept its weight but thats just a stretch so if you wanna believe it you can but it was never confirmed but it would be cool if it was
I swear you’ve made this geode before. It’s ok to take a break and wait for real content.,i swear youve made this geode before its ok to take a break and wait for real content
I'm still waiting for a video about your top 10 favorite characters in Naruto/Anime.,im still waiting for a video about your top 10 favorite characters in narutoanime
Epileptic boi back at it again 😂 ooh shaky shaky head lmao,epileptic boi back at it again ooh shaky shaky head lmao
"Nick, makes a top 20 epithet name's for the strongest ninja in Naruto to Naruto shippuden rank and explain, please",nick makes a top 20 epithet names for the strongest ninja in naruto to naruto shippuden rank and explain please
I know I might be late to the Party but it would be AMAZING to see Nick do this Ranking only taking into Account the peak forms of everyone while they were alive. So taking Edo Tensei out of the equation and maybe also taking Itachis sikness out since it was a substancial nerf to his abilities,i know i might be late to the party but it would be amazing to see nick do this ranking only taking into account the peak forms of everyone while they were alive so taking edo tensei out of the equation and maybe also taking itachis sikness out since it was a substancial nerf to his abilities
legit list tbh,legit list tbh
The fact that hamura wasn't mentioned is crazy 🤣,the fact that hamura wasnt mentioned is crazy
Naruto had one arm too lol,naruto had one arm too lol
"If you’re using everyone at the peak of their strength, wouldn’t Obito be higher because of DMS Obito instead of already being weakened from using rinne rebirth and having the ten tails pulled out of him, he’d be fully healthy and able to do all the things Kakashi did, but even better?",if youre using everyone at the peak of their strength wouldnt obito be higher because of dms obito instead of already being weakened from using rinne rebirth and having the ten tails pulled out of him hed be fully healthy and able to do all the things kakashi did but even better
Not the best list ever ... I'll wait for the part 2 of this I know you'll make it 😂😂😂,not the best list ever ill wait for the part 2 of this i know youll make it
DO A HYPOTHETICAL ALL TIME STRONGEST LIST + TBV PLS I BEG OF YOU NICKYPOOH 🙏🏽🙏🏽🙏🏽🙏🏽,do a hypothetical all time strongest list tbv pls i beg of you nickypooh
"Who do you think is the strongest Naruto character? Let us know in the comments. 
For more content like this, click here: https://youtube.com/playlist?list=PLmZTDWJGfRq0J9LQYo9MDRsPpyp09YOYb&si=eryYqG54DxJxDvNx",who do you think is the strongest naruto character let us know in the comments for more content like this click here
The utter disrespect for Hamura Otzuki and Tobirama is unreal,the utter disrespect for hamura otzuki and tobirama is unreal
I don't know how watch mojo still coming up with these list without doing proper scaling.,i dont know how watch mojo still coming up with these list without doing proper scaling
That's what happens when you watch Naruto from reels,thats what happens when you watch naruto from reels
"""How many times we gotta teach you this lesson old man""...

Us to WatchMojo...",how many times we gotta teach you this lesson old man us to watchmojo
Putting tobirama at 27 is criminal,putting tobirama at 27 is criminal
"Ladies and gentlemen, a guide to piss off an entire fan base 😂😂😂",ladies and gentlemen a guide to piss off an entire fan base
I never knew Hamura had Sharingan. LOL,i never knew hamura had sharingan lol
"this ranking is soooooo bad specifically when you're bringing boruto characters. 
just delete this video and make a new one.",this ranking is soooooo bad specifically when youre bringing boruto characters just delete this video and make a new one
Halfway through the video. I disagree with the ranking.,halfway through the video i disagree with the ranking
Just 2 words: Nasty Work,just 2 words nasty work
"If you ever feel dumb or usless, just remember Watch Mojo is out here making videos like this in 2025.",if you ever feel dumb or usless just remember watch mojo is out here making videos like this in 2025
"This Video is the Perfect Example of ""Tell Me You Haven't Watch or Read Naruto or Boruto Without Actually Tell Me That You Haven't Watched or Read Naruto or Boruto""",this video is the perfect example of tell me you havent watch or read naruto or boruto without actually tell me that you havent watched or read naruto or boruto
"0:22 sakura
1:17 onoki
2:10 hamura
3:05 tobirama
4:00 orochimaru
5:04 tsunade
6:09 jiraiya
7:10 gaara
8:08 kojin
9:06 kawaki
10:04 boruto
11:08 code
12:06 Itachi
13:10 PAIN
14:07 minato
15:11 indra ashura
16:18 kinshiki
17:13 hashirama
18:20 guy
19:16 toneri
20:10 urashiki
21:17 kakashi
22:13 obito
23:18 momoshiki
24:20 sasuke
25:26 Madara
26:24 isshiki
27:16 hagaromo
28:14 kaguya
29:41 naruto",022 sakura 117 onoki 210 hamura 305 tobirama 400 orochimaru 504 tsunade 609 jiraiya 710 gaara 808 kojin 906 kawaki 1004 boruto 1108 code 1206 itachi 1310 pain 1407 minato 1511 indra ashura 1618 kinshiki 1713 hashirama 1820 guy 1916 toneri 2010 urashiki 2117 kakashi 2213 obito 2318 momoshiki 2420 sasuke 2526 madara 2624 isshiki 2716 hagaromo 2814 kaguya 2941 naruto
"wow such a bad list, but it warmed my heart that all the comments say how awful and wrong this is. 
be ashamed watchmojo. that was absolutely abyssmal",wow such a bad list but it warmed my heart that all the comments say how awful and wrong this is be ashamed watchmojo that was absolutely abyssmal
Where did you get your reference for this list? Stock knowledge? Reels? This list is ridiculous and I can't bear to finish it.,where did you get your reference for this list stock knowledge reels this list is ridiculous and i cant bear to finish it
Yall better remake this list. Like seriously,yall better remake this list like seriously
"did we watch the same anime, watchmojo?",did we watch the same anime watchmojo
Hamura at 29???? Ik he’s kinda featless but there’s no shot fucking Orochimaru is stronger than him,hamura at 29 ik hes kinda featless but theres no shot fucking orochimaru is stronger than him
I'm still remember Naruto 50 years,im still remember naruto 50 years
How the hell did Gaara top the legendary Sanin?!,how the hell did gaara top the legendary sanin
Yeah you know they had to give Kakashi DMS in order to put him in the Top 10,yeah you know they had to give kakashi dms in order to put him in the top 10
6:02 Kenshiro: Hey that’s my line!,602 kenshiro hey thats my line
could've just hired an actual fan to write the script like??,couldve just hired an actual fan to write the script like
tsunade is NOT above tobirama oml,tsunade is not above tobirama oml
"Putting Kakashi above Hasirama, should be officially classified as a mental illness😂",putting kakashi above hasirama should be officially classified as a mental illness
Shibai Otsutsuki: guess i'll just wait 'til the anime comes back.,shibai otsutsuki guess ill just wait til the anime comes back
"Why even include Boruto characters if you haven’t read the manga? You’re missing some of the strongest characters in the universe, like Jura, Daemon, Sarada, and even Himawari",why even include boruto characters if you havent read the manga youre missing some of the strongest characters in the universe like jura daemon sarada and even himawari
"I see, putting Kiba at number 1, Tenten at number 2, Shino at number 3, but Akamaru at number 4? That's where I draw the line!",i see putting kiba at number 1 tenten at number 2 shino at number 3 but akamaru at number 4 thats where i draw the line
Very wise choice putting Rock Lee at #1,very wise choice putting rock lee at 1
This is what happens when you leave AI to write a script 😑,this is what happens when you leave ai to write a script
You ever heard of Shibai Ōtsutsuki,you ever heard of shibai tsutsuki
Me looking at this list: :Hoooow?!,me looking at this list hoooow
I knew this list was invalid when y'all had TOBIRAMA at 27 🤦,i knew this list was invalid when yall had tobirama at 27
Wrong wrong wrong wrong wrong tf kinda crunchy are you smokin bro. This buhl sittin over here watching boruto thinking he knows shit lol.,wrong wrong wrong wrong wrong tf kinda crunchy are you smokin bro this buhl sittin over here watching boruto thinking he knows shit lol
"I would like for NCHammer to debunk this, it would be rly funny video😂",i would like for nchammer to debunk this it would be rly funny video
Hamura literally only has byakugan. Come on a quick Wikipedia search isn't much more to add to scripting these,hamura literally only has byakugan come on a quick wikipedia search isnt much more to add to scripting these
"Shibai is the most powerful being in the Naruto / Boruto lore, but he's not an active player. Post time-skip, the most powerful noncombatants are Amado, Ada, Masturi, and Koji, though not particularly in that order. For combatants, it seems to be the case that Jura >= Hidari >= Ishiki >= Boruto/Boroshiki > Code  >  Adult Sasuke >= Dragon Sage Mitsuki >= Kawaki >= Boro > pre-upgrade Delta. 

Presumably, Code > Clawgrimes, but the average Clawgrime appears to be chunin team / jonin-level threats in terms of the generation gang. I'd hazard a guess that Mistuki is at or above sanin / high-jonin power levels. Sarada is a bit harder to place, but given her training and heritage, is likely a sanin / high-jonin class threat as well. 

Himawari is easily a kage-level threat,  placing somewhere between KCM1 teenage Naruto and Baryon mode adult Naruto, albiet with less battle experience and no exact equivalent to perfect sage mode, Toad or Six Paths. Honestly, she may be closer to some of the Shinju than she is to Boruto in terms of nature and power. Give her a few years of growth, battle experience, slap on a Tenseigan, and she'd probably at least as powerful as Jura.  Sadly, no evidence of wood release yet. 

Currently, Naruto is frozen, but would likely place between slightly below Kawaki in terms of raw power, with possible arguments being made for battle experience and taijutsu prowess leading to an even match. Even if Naruto was somehow leaching Otsusuki chakra out of the pocket dimension where to unlock PERFECT SIX PATHS [without Kurama, mind you] and finally utilize the Wood release he's been packing since he got the Hashirama cell arm, he still probably wouldn't be able to reach Boruto, or even Himawari's potential. Naruto and Kurama may have roughly equal chakras, but they were never an ideal match. He's roughly half as powerful as he was in Six Paths Sage mode during the Madara / Kaguya arc, but rustier. 

Thematically, Shibai seems like the late-arriving much-hyped big bad that Madara was in Shippuden, but I get this feeling that its Amado that really has this game-planned and will steal the spotlight. As has already been hinted, Kawaki is likey to get a power up from Amado soon to regain his relevance. 

Source: I watch WAY too much NCHammer23 vids.",shibai is the most powerful being in the naruto boruto lore but hes not an active player post timeskip the most powerful noncombatants are amado ada masturi and koji though not particularly in that order for combatants it seems to be the case that jura hidari ishiki borutoboroshiki code adult sasuke dragon sage mitsuki kawaki boro preupgrade delta presumably code clawgrimes but the average clawgrime appears to be chunin team joninlevel threats in terms of the generation gang id hazard a guess that mistuki is at or above sanin highjonin power levels sarada is a bit harder to place but given her training and heritage is likely a sanin highjonin class threat as well himawari is easily a kagelevel threat placing somewhere between kcm1 teenage naruto and baryon mode adult naruto albiet with less battle experience and no exact equivalent to perfect sage mode toad or six paths honestly she may be closer to some of the shinju than she is to boruto in terms of nature and power give her a few years of growth battle experience slap on a tenseigan and shed probably at least as powerful as jura sadly no evidence of wood release yet currently naruto is frozen but would likely place between slightly below kawaki in terms of raw power with possible arguments being made for battle experience and taijutsu prowess leading to an even match even if naruto was somehow leaching otsusuki chakra out of the pocket dimension where to unlock perfect six paths without kurama mind you and finally utilize the wood release hes been packing since he got the hashirama cell arm he still probably wouldnt be able to reach boruto or even himawaris potential naruto and kurama may have roughly equal chakras but they were never an ideal match hes roughly half as powerful as he was in six paths sage mode during the madara kaguya arc but rustier thematically shibai seems like the latearriving muchhyped big bad that madara was in shippuden but i get this feeling that its amado that really has this gameplanned and will steal the spotlight as has already been hinted kawaki is likey to get a power up from amado soon to regain his relevance source i watch way too much nchammer23 vids
Why are list from websites like this never right.,why are list from websites like this never right
Never and I mean NEVER let this guy rank anything ever again! This whole list order is ridiculous and criminal!!,never and i mean never let this guy rank anything ever again this whole list order is ridiculous and criminal
hamura doesn't have the sharingan,hamura doesnt have the sharingan
This is the most bullshit list I’ve ever seen. I can’t even fathom just how wrong the placement of practically all these characters are in.,this is the most bullshit list ive ever seen i cant even fathom just how wrong the placement of practically all these characters are in
@NCHammer. We need you to criticize this list XD,nchammer we need you to criticize this list xd
not a perfect list but cool vid,not a perfect list but cool vid
"how on earth is kakashi ranked higher than indra,hashirama,might guy,itatchi ,minato,ashura that just shows they didnt watch the anime",how on earth is kakashi ranked higher than indrahashiramamight guyitatchi minatoashura that just shows they didnt watch the anime
@NCHammer23 debunked this video 🤣,nchammer23 debunked this video
Seeing hamura is weaker than tobirama i automatically turned the video off and disliked,seeing hamura is weaker than tobirama i automatically turned the video off and disliked
saying might guy is stronger than hashirama and itachi is wild,saying might guy is stronger than hashirama and itachi is wild
I think even guy who didn't watch the series would scale them better than this,i think even guy who didnt watch the series would scale them better than this
"When will you stop putting Sasuke number 6? Plus, if you guys think Isshiki wins it's because he was nerfed. If not nerfed it would be a really complicated battle.",when will you stop putting sasuke number 6 plus if you guys think isshiki wins its because he was nerfed if not nerfed it would be a really complicated battle
Kiba robbed!... Nah but for real where is The 3rd Hokage,kiba robbed nah but for real where is the 3rd hokage
Tobirama at 27 is crazy but Hashirama below might guy is just ridiculous,tobirama at 27 is crazy but hashirama below might guy is just ridiculous
This ranking is definitely not in order,this ranking is definitely not in order
I wonder how many dislike this video got,i wonder how many dislike this video got
I bet y’all don’t even read the comments on these videos,i bet yall dont even read the comments on these videos
"If you guys had anyone that actually watched this show in its entirety, you should have had them do this. This is just not it. wtf, mojo.",if you guys had anyone that actually watched this show in its entirety you should have had them do this this is just not it wtf mojo
The scaling is so bad I wonder if this is meant to be Rage bait,the scaling is so bad i wonder if this is meant to be rage bait
Also Gaara didn't even have Shukaku post 1st arc of Shippuden and the sand he controls is his mom's ghost,also gaara didnt even have shukaku post 1st arc of shippuden and the sand he controls is his moms ghost
This the most egregious list ever made,this the most egregious list ever made
"Kaguya was not and is not the meanest villain Naruto has ever faced. Is she the most powerful? Yes, but not the meanest.",kaguya was not and is not the meanest villain naruto has ever faced is she the most powerful yes but not the meanest
this list must not be in order can't be. you gotta be just naming characters which is fine but def. can't be in order.,this list must not be in order cant be you gotta be just naming characters which is fine but def cant be in order
Only top 5 was perfect honestly 👾🗿,only top 5 was perfect honestly
Why is pain in 17th place?!,why is pain in 17th place
"the moment itachi was ranked,,i knew his list was a joke",the moment itachi was rankedi knew his list was a joke
WHAT DID I JUST WATCH,what did i just watch
MoJo watchu know bout naruto that u didn't get from google lmao,mojo watchu know bout naruto that u didnt get from google lmao
Top greșit tot !!!,top greit tot
This list is Ludacris and I don't mean the rapper and co star of the fast serries,this list is ludacris and i dont mean the rapper and co star of the fast serries
Hamura at 28 and tobirama at 27 is criminal,hamura at 28 and tobirama at 27 is criminal
Watch mojo I actually like you but this is on ign levels of bad,watch mojo i actually like you but this is on ign levels of bad
"Say what you want about Sakura Haruno, but I think she's gone stronger as the series went on and I love that she has some healing abilities as a Medical Ninja. Sakura is just as strong as Naruto and Sasuke as time goes on.🥷🏻🌸🗡️⚔️",say what you want about sakura haruno but i think shes gone stronger as the series went on and i love that she has some healing abilities as a medical ninja sakura is just as strong as naruto and sasuke as time goes on
WTF is that list?,wtf is that list
In the manga Boruto is already as strong as Sasuke..,in the manga boruto is already as strong as sasuke
is @nchammer23 aware of this non-sense?,is nchammer23 aware of this nonsense
"Jiraiya is not lower than Itachi! Not to mention, A is another character shown to be Tsunade's equal.",jiraiya is not lower than itachi not to mention a is another character shown to be tsunades equal
WatchMojo definitely doesn't watch the anime or manga. Or knows how power scaling works whatsoever.,watchmojo definitely doesnt watch the anime or manga or knows how power scaling works whatsoever
"Eat your heart out, Madara, because Naruto has taken back the OP crown! 😁",eat your heart out madara because naruto has taken back the op crown
"It seems that the aren't using characters introduced in Two Blue Vortex so (also not including Baryon Mode):
30. A (3rd)
29. Orochimaru
28. Hiruzen
27. Tobirama
26. Kabuto
25. Itachi
24. Nagato
23. Minato 
22. Sakura
21. Gaara
20. Hashirama
19. Guy
18. Toneri
17. Kinshiki
16. Obito 
15. Kashin Koji
14. Delta
13. Kakashi
12. Madara
11. Hamura
10. Hagoromo
9. Kaguya
8. Momoshiki
7. Sasuke 
6. Naruto 
5. Code 
4. Boruto 
3. Kawaki
2. Daemon
1. Isshiki",it seems that the arent using characters introduced in two blue vortex so also not including baryon mode 30 a 3rd 29 orochimaru 28 hiruzen 27 tobirama 26 kabuto 25 itachi 24 nagato 23 minato 22 sakura 21 gaara 20 hashirama 19 guy 18 toneri 17 kinshiki 16 obito 15 kashin koji 14 delta 13 kakashi 12 madara 11 hamura 10 hagoromo 9 kaguya 8 momoshiki 7 sasuke 6 naruto 5 code 4 boruto 3 kawaki 2 daemon 1 isshiki
Wow I'm only 3 characters in and I'm not watching the rest...this is so off its frightening,wow im only 3 characters in and im not watching the restthis is so off its frightening
This list is soooo wrong,this list is soooo wrong
You should include boruto two blue vortex too,you should include boruto two blue vortex too
whom ever made this list  didn't read a lick or watch a sentence of these two shows smh,whom ever made this list didnt read a lick or watch a sentence of these two shows smh
There are so many mistakes that I can't even count,there are so many mistakes that i cant even count
Where is sasuke???,where is sasuke
awesome job about Strongest Naruto Characters from Top 30,awesome job about strongest naruto characters from top 30
One Piece VS Naruto VS Bleach,one piece vs naruto vs bleach
"With Two blue vortex , Boruto should be higher and Jura should be eventually in this list",with two blue vortex boruto should be higher and jura should be eventually in this list
Sasuke Uchiha💜,sasuke uchiha
"I get that this list is probably a careful curated list. But the fact that there are no honorable mentions of some other characters in the list is just horrendous to the show and the fans. Characters such as Kakuzu, Kabuto, Sarutobi Hiruzen (Third Hokage), Danzo, Shisui Uchiha, Hanzo (who single handedly was on par against legendary sannin), third raikage (who single handedly go 1on1 against eight tails), second tsuchikage (Ohnoki’s sensei), Shikamaru & his dad, etc. This list is just plain unacceptable if they can’t even give honorable mentions to these guys which according to many devoted & passionate Naruto fans at large definitely better & stronger than characters such as Sakura, Boruto, etc. To be frank, a lot of Boruto characters are just simply strong because they know some strong jutsu or can copy some some strong jutsu or because they possess some dna traits that automatically gives them a competitive edge in contrast to the many characters in Shippuden who were strong not only because of everything mentioned above. They have to learn what it means to be a Shinobi through suffering & life and death circumstances instead of simply relying on brute force/power, etc. And on this point alone shows everyone how simplistic this list is & why I can’t give a like to this video.

Thanks for the effort but it doesn’t cut it. This isn’t a subjective opinion but it’s just truth.",i get that this list is probably a careful curated list but the fact that there are no honorable mentions of some other characters in the list is just horrendous to the show and the fans characters such as kakuzu kabuto sarutobi hiruzen third hokage danzo shisui uchiha hanzo who single handedly was on par against legendary sannin third raikage who single handedly go 1on1 against eight tails second tsuchikage ohnokis sensei shikamaru his dad etc this list is just plain unacceptable if they cant even give honorable mentions to these guys which according to many devoted passionate naruto fans at large definitely better stronger than characters such as sakura boruto etc to be frank a lot of boruto characters are just simply strong because they know some strong jutsu or can copy some some strong jutsu or because they possess some dna traits that automatically gives them a competitive edge in contrast to the many characters in shippuden who were strong not only because of everything mentioned above they have to learn what it means to be a shinobi through suffering life and death circumstances instead of simply relying on brute forcepower etc and on this point alone shows everyone how simplistic this list is why i cant give a like to this video thanks for the effort but it doesnt cut it this isnt a subjective opinion but its just truth
"Tobirama should had been in Top 10

The disrespect MAN FR",tobirama should had been in top 10 the disrespect man fr
How tf you think pain is is stronger than Boruto or Kawaki ?,how tf you think pain is is stronger than boruto or kawaki
Not in Order,not in order
This is easily the most wild and inaccurate list I’ve EVER seen on here,this is easily the most wild and inaccurate list ive ever seen on here
What in the absolute anime fuff is this list?  Watchmojo did y'all carefully did your research or just Google this up and have an AI put this together,what in the absolute anime fuff is this list watchmojo did yall carefully did your research or just google this up and have an ai put this together
Seriously Hasirama in 13😂,seriously hasirama in 13
who gave you this list?😭😭 who?,who gave you this list who
This is the worst video on YouTube,this is the worst video on youtube
Even with kakashis upgrade at the end of the 4 war I don’t think k he was stronger than hashirama,even with kakashis upgrade at the end of the 4 war i dont think k he was stronger than hashirama
so many wrongs,so many wrongs
"Naruto, Sasuke and Sakura are definitely the Top 3 strongest Konoha 11 but if we ranked 10 left
4. Rock Lee
5. Hinata
6. Neji
7. Shikamaru
8. Choji
9. Sai
10. Shinso
11. Kiba + Akamaru
12. Ino
13. Tenten",naruto sasuke and sakura are definitely the top 3 strongest konoha 11 but if we ranked 10 left 4 rock lee 5 hinata 6 neji 7 shikamaru 8 choji 9 sai 10 shinso 11 kiba akamaru 12 ino 13 tenten
Guy be like- 🙂,guy be like
Might guy left the chat,might guy left the chat
I think harishima deserves a little more upper position at least he doesn't have any other power source,i think harishima deserves a little more upper position at least he doesnt have any other power source
"Might Guy should be in this list, but W video",might guy should be in this list but w video
Might guy laughing in the corner,might guy laughing in the corner
Hashirama be like what the hell are you 😂,hashirama be like what the hell are you
amazing edit,amazing edit
Itachi fans can't handle truth💀,itachi fans cant handle truth
I don't understand myself why I always see kaguya as a weird cat 🐱,i dont understand myself why i always see kaguya as a weird cat
Me thinking kaguya just scammed by the sexy jutsu😂,me thinking kaguya just scammed by the sexy jutsu
perfect list,perfect list
"My list from 1-10
Kaguya
Hagoromo
Hamura
Juubidara 
Juubito 
Naruto 
Sasuke
Dms kakashi 
Hashirama 
Might guy",my list from 110 kaguya hagoromo hamura juubidara juubito naruto sasuke dms kakashi hashirama might guy
"guy, ashura, indra left the chat",guy ashura indra left the chat
Minato be like ⚡,minato be like
Which software did you use,which software did you use
Hashirama under kakashi and obito is criminal,hashirama under kakashi and obito is criminal
This is one of the lists ever,this is one of the lists ever
Guy watched Naruto in reels 💀 many main ones are missing,guy watched naruto in reels many main ones are missing
His genjutsu is out of the world,his genjutsu is out of the world
JIRAIYA left the chat,jiraiya left the chat
Side fect of watching Naruto in reel or short,side fect of watching naruto in reel or short
Dms kakashi is nothing without obito chakra but this reel watcher didn't put might guy,dms kakashi is nothing without obito chakra but this reel watcher didnt put might guy
Bro forgot Indra literally Sage of six paths son💀,bro forgot indra literally sage of six paths son
"My list
10.minato namikaze
9.hashirama 
8.obito
7.mightguy
6.sasuke
5.Naruto 
4.kakashi
3.madara
2.hogoromo
1.kaguya 
Is this list is really true",my list 10minato namikaze 9hashirama 8obito 7mightguy 6sasuke 5naruto 4kakashi 3madara 2hogoromo 1kaguya is this list is really true
Maturity is when you realise DMS kakshi can solo Itachi and nagato 🥱,maturity is when you realise dms kakshi can solo itachi and nagato
W but 10 is indra  or ashura,w but 10 is indra or ashura
Actually accurate,actually accurate
"1 Kaguya
2 Hogoroma
3 Madara
4 Hamura
5 Tobi
6 Naruto
7 Sasuke
8 Toneri
9 Asura
10 Hashirama",1 kaguya 2 hogoroma 3 madara 4 hamura 5 tobi 6 naruto 7 sasuke 8 toneri 9 asura 10 hashirama
"I love Naruto,sasuke and kakashi",i love narutosasuke and kakashi
Bro forgot might guy,bro forgot might guy
Hagoromo will always be goated,hagoromo will always be goated
"Guy 8gates>Hashirama
Tobirama>kcm Minato",guy 8gateshashirama tobiramakcm minato
Gai has left the chat,gai has left the chat
I feel like kaguya was kinda light work compared to the fight scenes in the later episodes of boruto now I will say I like Naruto Shippuden the best show wise however if we talking about strongest overall them new characters in boruto are insane,i feel like kaguya was kinda light work compared to the fight scenes in the later episodes of boruto now i will say i like naruto shippuden the best show wise however if we talking about strongest overall them new characters in boruto are insane
"8 gates Guy: ""i'm about to ruin this mans whoke career""
Other then that everything is fine",8 gates guy im about to ruin this mans whoke career other then that everything is fine
What about Naruto Baryon mode?,what about naruto baryon mode
I wish itachi was on here :(,i wish itachi was on here
8 gates guy: 🤡,8 gates guy
Brooooo song name ples,brooooo song name ples
"Hasirama >>>>>dms kakashi 

And where is gai?",hasirama dms kakashi and where is gai
11th is Might Gai if anyone is wondering.,11th is might gai if anyone is wondering
Konse saste nashe fuk k ranking m kakashi ko ghusa diya😂,konse saste nashe fuk k ranking m kakashi ko ghusa diya
Yellow flash of the leaf,yellow flash of the leaf
"1- kaguya
2-Sasuke Fv
3-Naruto Fv
4-madara
5-hagoromo
6-dms kakashi
7-Gai 8 gate
8-Juubito
9-Hamura
10-hashirama",1 kaguya 2sasuke fv 3naruto fv 4madara 5hagoromo 6dms kakashi 7gai 8 gate 8juubito 9hamura 10hashirama
Thalaivan enga da dai,thalaivan enga da dai
Hashirama over Kakashi !,hashirama over kakashi
"Drugs didn't effect my child 
The Child:",drugs didnt effect my child the child
Might guy claps almost half the list,might guy claps almost half the list
Ramen 🍜 guy after seeing this -☠️💀🙏,ramen guy after seeing this
"Bro where is guy ???? He is stronger than minato and Juubito.
And DMS Kakashi >>> Juubito",bro where is guy he is stronger than minato and juubito and dms kakashi juubito
I would say 8 gates guy is slightly above minato but it’s a pretty good ranking,i would say 8 gates guy is slightly above minato but its a pretty good ranking
OBITO< KAKASHI,obito kakashi
Pain ‘Itachi’mightguy left the chat for kakashi 😂😂😂,pain itachimightguy left the chat for kakashi
Legendary sanin Master Jiraya❤️‍🔥❤️‍🔥❤️‍🔥❤️‍🔥❤️‍🔥,legendary sanin master jiraya
Shibai otsutsuki left the chat,shibai otsutsuki left the chat
Guy should be at least right below DMS Kakashi,guy should be at least right below dms kakashi
fax but guy instead of minato,fax but guy instead of minato
"Strange list. Dont get me wrong, its pretty good but you did include Hamura and even ranked him higher than Sasuke/Naruto even tho we did not see anything from him, only that he helped seal Kaguya. Ok its your opinion but why did you then not include Ashura and Indra?",strange list dont get me wrong its pretty good but you did include hamura and even ranked him higher than sasukenaruto even tho we did not see anything from him only that he helped seal kaguya ok its your opinion but why did you then not include ashura and indra
I love seeing all these guy and Itachi meat riders getting so mad about there bfs not being on the list,i love seeing all these guy and itachi meat riders getting so mad about there bfs not being on the list
Indra and Ashura is laughing at corner and Might Guy is practicing,indra and ashura is laughing at corner and might guy is practicing
Ok if it’s prime hogoromo and 3 eyed madara I can accept that but if it’s sage of six paths then madara is 2nd,ok if its prime hogoromo and 3 eyed madara i can accept that but if its sage of six paths then madara is 2nd
List is good except 9 guy 10 hashirama,list is good except 9 guy 10 hashirama
"guy broke his leg and left the chat, naruto is first bro",guy broke his leg and left the chat naruto is first bro
1st : The god of otsutsuki,1st the god of otsutsuki
imagine naruto had momoshiki's powers.......,imagine naruto had momoshikis powers
might guy is legend very close to Madara in the fight compared to others.,might guy is legend very close to madara in the fight compared to others
What about Jashin?,what about jashin
When you watch naruto at yt shorts,when you watch naruto at yt shorts
How about the shinigami,how about the shinigami
"Might guy, pain",might guy pain
Naruto in sage mode in top characters in naruto,naruto in sage mode in top characters in naruto
"Shisui when hes alive
Itachi when he were not sick and would live
Might guy",shisui when hes alive itachi when he were not sick and would live might guy
might guy was 3 or 4 must be in he is fucking beast,might guy was 3 or 4 must be in he is fucking beast
FAX 1-10 EVERYTHING RIGHT,fax 110 everything right
Might guyyy 8 inner gates ??,might guyyy 8 inner gates
Never let this guy rate naruto,never let this guy rate naruto
Ashura? Indra?,ashura indra
Isshiki left the chat-😂😂,isshiki left the chat
I think Might guy should be  in 10th,i think might guy should be in 10th
Finally a guy who make video after watching Naruto,finally a guy who make video after watching naruto
Accurate but where's might guy,accurate but wheres might guy
"Hell, guy than kakashi Lol😂",hell guy than kakashi lol
Y'all forgot that tobirana can take hashimara on a fight on jutsus,yall forgot that tobirana can take hashimara on a fight on jutsus
Might Guy probably number 5😅😅,might guy probably number 5
If Naruto and Sasuke are fifth and sixth how tf is itachi gonna be on the list guys smh,if naruto and sasuke are fifth and sixth how tf is itachi gonna be on the list guys smh
Bro he should’ve just put obito and kakashi DMs together and put the place for guy wtf,bro he shouldve just put obito and kakashi dms together and put the place for guy wtf
"Everyone saying might guy but if you remember minato teleport infront of guy took a 180⁰ turn amd teleport to the hokage stone therefore we can say that might guy can't touch minato cause minato is faster than 8 inner gates guy so minato will just have to wait for when the time of 8 inner gates will finish.
Now you know how minato can beat might guy",everyone saying might guy but if you remember minato teleport infront of guy took a 180 turn amd teleport to the hokage stone therefore we can say that might guy cant touch minato cause minato is faster than 8 inner gates guy so minato will just have to wait for when the time of 8 inner gates will finish now you know how minato can beat might guy
Where s the ultimate night guy,where s the ultimate night guy
Subscribe to my SECOND Channel for if this one is SHUT DOWN: https://www.youtube.com/channel/UChFKu1diUTyTkTN2ayhZRAw,subscribe to my second channel for if this one is shut down
I love how the highest is below average xD,i love how the highest is below average xd
The best character is definitely that ramen coupon Teuchi gave naruto,the best character is definitely that ramen coupon teuchi gave naruto
"I love the Fact that the highest Tier is still ""below Average"".",i love the fact that the highest tier is still below average
This guy seriously has the most genius discussion topics.,this guy seriously has the most genius discussion topics
remember that Kawaki is also an otsutsuki and is useing tehnology. :),remember that kawaki is also an otsutsuki and is useing tehnology
"Eida is basically Kaguya. Both of them can just charm people by just existing, except for other Otsutsukis.",eida is basically kaguya both of them can just charm people by just existing except for other otsutsukis
Guy should have had a Taijutsu school where he training the next generation of taijutsu users along with Lee,guy should have had a taijutsu school where he training the next generation of taijutsu users along with lee
"This is hilarious, I love this channel",this is hilarious i love this channel
Konohamaru should be waaaay stronger tbh. He was basically Naruto's student AND is also the Grandson of the 3rd Hokage who was supposed to be stronger than the 1st and 2nd pre retcon. Even then he has was strong enough to singlehandedly push 9 ninetsils outside the village and has ALL 4 basic chakra natures,konohamaru should be waaaay stronger tbh he was basically narutos student and is also the grandson of the 3rd hokage who was supposed to be stronger than the 1st and 2nd pre retcon even then he has was strong enough to singlehandedly push 9 ninetsils outside the village and has all 4 basic chakra natures
The second sand girl (the one next to the cat girl. Idk her name) honestly feels like the creators were trying to make Temari 2.0.,the second sand girl the one next to the cat girl idk her name honestly feels like the creators were trying to make temari 20
I really like Gaara’s adopted son. Why does he have to be a Gaara copy though?,i really like gaaras adopted son why does he have to be a gaara copy though
"I actually think moegi is disrespectful as she is one of the only characters who naturally had wood release, I thought she was going to be a really interesting character as we could get allot of mysteries surrounding wood release and possibly hashirama explained but then again boruto just has to make every character a piece of sh*t",i actually think moegi is disrespectful as she is one of the only characters who naturally had wood release i thought she was going to be a really interesting character as we could get allot of mysteries surrounding wood release and possibly hashirama explained but then again boruto just has to make every character a piece of sht
"11:33
kabuto adopted the shin kids thats when he appeared",1133 kabuto adopted the shin kids thats when he appeared
I really love this video and your channel. So hilarious 😂,i really love this video and your channel so hilarious
"I was curious, then after 10seconds I read the labels and you got a gooood loud chuckle from me 😂 wp 😉",i was curious then after 10seconds i read the labels and you got a gooood loud chuckle from me wp
I don’t think Sakura is a housewife. I watched Boruto a few years ago but I remember she is the hospital’s director and she still does surgeries and stuff. Am I wrong?,i dont think sakura is a housewife i watched boruto a few years ago but i remember she is the hospitals director and she still does surgeries and stuff am i wrong
"Hey good news, Eida isn't the worst character anymore.  Her brother is.",hey good news eida isnt the worst character anymore her brother is
Gaara deserved his own tier or just joined Eida. Himawari is best character solely for the couple episodes or so she gets walking around village with the one tails in a jar.,gaara deserved his own tier or just joined eida himawari is best character solely for the couple episodes or so she gets walking around village with the one tails in a jar
Himawari is the only good new character introduced Boruto.,himawari is the only good new character introduced boruto
"So question, how is Boruto in Ootsutsuki while Kawaki is in below average when Kawaki is also an Ootsutsuki?",so question how is boruto in ootsutsuki while kawaki is in below average when kawaki is also an ootsutsuki
"Love this video! Like! Hahaha Dygo the best Naruto YouTube channel. Never enjoyed a tier list so much! I agree with almost every comment  😂
Bro. Kankuro goes in disrespectful, they shat on his whole character, they took away his sasori puppet and he got folded by a otsutsuki puppet",love this video like hahaha dygo the best naruto youtube channel never enjoyed a tier list so much i agree with almost every comment bro kankuro goes in disrespectful they shat on his whole character they took away his sasori puppet and he got folded by a otsutsuki puppet
I love that this Uchicha villan was so bad that you forget to add him to the list,i love that this uchicha villan was so bad that you forget to add him to the list
Kabuto is in one scene that lasts for a few seconds. He runs the orphanage that they drop all the Shin clones in 😂,kabuto is in one scene that lasts for a few seconds he runs the orphanage that they drop all the shin clones in
well Sasuke want to restore the clan and you can't have that with only one branch in the family so that's prob why he did travel a lot,well sasuke want to restore the clan and you cant have that with only one branch in the family so thats prob why he did travel a lot
Chojuro actually had potential. He was a next gen 7 deadly miss swordsmen and pressed albeit a WEAKENED Sasuke he still pushed back Susano defence. Unfortunately this is naruto and side characters dont ever get developed💀,chojuro actually had potential he was a next gen 7 deadly miss swordsmen and pressed albeit a weakened sasuke he still pushed back susano defence unfortunately this is naruto and side characters dont ever get developed
I hate how they did Naruto look at the top of his head,i hate how they did naruto look at the top of his head
"i know i say this alot but that video was hell emtertaining ive alr watched it like
5 times",i know i say this alot but that video was hell emtertaining ive alr watched it like 5 times
The fact that you even watched it at all is a feat in itself😅,the fact that you even watched it at all is a feat in itself
the only characters i can call (above) average in boruto are hanabi himawari and kakashi,the only characters i can call above average in boruto are hanabi himawari and kakashi
Boro should have his own tier for not disposing of the cyborgs...,boro should have his own tier for not disposing of the cyborgs
I thought Ao's whole character in Boruto was based around him straying from the path of a true ninja plus his cyborg mods were given to him against his will so Kara could exploit his resulting loyalty to them in the end as he felt like he owed them his life.,i thought aos whole character in boruto was based around him straying from the path of a true ninja plus his cyborg mods were given to him against his will so kara could exploit his resulting loyalty to them in the end as he felt like he owed them his life
"Oh geez, Dygo didn't know what happens right now in the manga. The tier list would have 2-3 extra tiers if he did it today",oh geez dygo didnt know what happens right now in the manga the tier list would have 23 extra tiers if he did it today
Kabuto appears in the Shin arc with that same design😂. He's in charge of an Orphanage with a bunch fo Shin Clones😭,kabuto appears in the shin arc with that same design hes in charge of an orphanage with a bunch fo shin clones
The old Mizukage had the most realistic goal of anyone in the series and that was just to get married...Kishimoto made her OLD...FAT...AND SINGLE💀🤦‍♂️🤦‍♂️🤦‍♂️,the old mizukage had the most realistic goal of anyone in the series and that was just to get marriedkishimoto made her oldfatand single
"Throw against Eida an unit of gay ninjas, problem solved.",throw against eida an unit of gay ninjas problem solved
If they use Eida to kill off Sasuke I will be soo pissed. If Sasuke was going to die soon they'd make retsuden and that is what they did. Ikemoto would totally kill Sasuke by making Eida charm him then kill him somehow ... I hope I'm wrong.,if they use eida to kill off sasuke i will be soo pissed if sasuke was going to die soon theyd make retsuden and that is what they did ikemoto would totally kill sasuke by making eida charm him then kill him somehow i hope im wrong
This is top tier comedy,this is top tier comedy
can we have the link to the tier list template?,can we have the link to the tier list template
One can says Hashirama's cells carry the whole Naruto verse,one can says hashiramas cells carry the whole naruto verse
The most based tierlist,the most based tierlist
eidas tier should be plot device,eidas tier should be plot device
20:24 rewrite spoiler???!,2024 rewrite spoiler
"Hanabi being at the top of the tier list just because she's cute.
Idk why but I can't disagree on it with who she's competing with.",hanabi being at the top of the tier list just because shes cute idk why but i cant disagree on it with who shes competing with
Haha man you put Boruto in Ootsutsuki 😆😆Well his blood and DNA is so it works☺☺,haha man you put boruto in ootsutsuki well his blood and dna is so it works
"How would Sasuke even restore the Uchiha clan? All of his hypotethical children with Sakura would not even be pure blood Uchihas, and those same children would have to mate with other non-Uchiha characters making Sasuke's hypotethical Grand Kids only 25% Uchiha, which, i don't even know if it's enough for them to be able to awaken a sharingan, perhaps only in a single eye like that Kohinata from Itachi's novel, he was a descendant from the Hyuga clan and so he was able to awaken a Byakugan in one of his eyes. That would be complicated. Unless they pull out some Orochimaru type shit i don't really see how Sasuke would be able to restore the Uchiha clan to its former glory, he'd be able at best to create a new Uchiha clan where only a few set of individuals Is able to awaken the sharingan, probably not even in both of their eyes.",how would sasuke even restore the uchiha clan all of his hypotethical children with sakura would not even be pure blood uchihas and those same children would have to mate with other nonuchiha characters making sasukes hypotethical grand kids only 25 uchiha which i dont even know if its enough for them to be able to awaken a sharingan perhaps only in a single eye like that kohinata from itachis novel he was a descendant from the hyuga clan and so he was able to awaken a byakugan in one of his eyes that would be complicated unless they pull out some orochimaru type shit i dont really see how sasuke would be able to restore the uchiha clan to its former glory hed be able at best to create a new uchiha clan where only a few set of individuals is able to awaken the sharingan probably not even in both of their eyes
pls update tierlist Dygoknight,pls update tierlist dygoknight
"*Sees the thumbnail*
Me: who are these rejected wannabe rappers?",sees the thumbnail me who are these rejected wannabe rappers
This is why I love you dygo❤ keep on hating on Boruto😂,this is why i love you dygo keep on hating on boruto
You forgot the Ramen Guy.,you forgot the ramen guy
Hey..... Kawaki is a otsutsuki too you know 🙂,hey kawaki is a otsutsuki too you know
Man i dont think u realize that u and me might be otsutsuki just because we do not like eida at all :)))),man i dont think u realize that u and me might be otsutsuki just because we do not like eida at all
is actually ture that one girl can use wood style,is actually ture that one girl can use wood style
"How can you say this Sakura is bad, she’ s a hard-working mother and a powerful kunoichi. Her Boruto version is so mature and admirable. Also I laughed when I saw Eida, she’s really the worst thing ever lol.",how can you say this sakura is bad she s a hardworking mother and a powerful kunoichi her boruto version is so mature and admirable also i laughed when i saw eida shes really the worst thing ever lol
Dude why u hate evrything on boruto,dude why u hate evrything on boruto
Subscribe and like this video,subscribe and like this video
a video about how B survive?,a video about how b survive
Why is “disrespectful” a worse tier than “ruined”? Lmao.,why is disrespectful a worse tier than ruined lmao
15:43 - 16:37  Which is a shame the bad characters have a lot of potential 😢😢,1543 1637 which is a shame the bad characters have a lot of potential
"I love how the Boruturds are seething in the comment section

😂😂",i love how the boruturds are seething in the comment section
Adult sasuke is underrated,adult sasuke is underrated
Boruto Shikamaru is season 7 Tyrion Lannister,boruto shikamaru is season 7 tyrion lannister
"Didnt sakura make a mental hospital for children and is a leader of hospital???How do you say she is a housewife?Hinata remained hausewife ,sakura folowed the dream of becoming a doctor",didnt sakura make a mental hospital for children and is a leader of hospitalhow do you say she is a housewifehinata remained hausewife sakura folowed the dream of becoming a doctor
"No, Mei has to get Disrespectful, as they seriously expect you to believe somebody like that never married and had kids despite being a double kekke genkai, good looking, implied socially adept, and basically a beloved leader for her village/nation for pulling them out of the Blood Mist Era.  Seriously her main plot point in Naruto was concern over not having a husband, and they couldn't even give her that win and made one of the Mist good characters during that arc her child.",no mei has to get disrespectful as they seriously expect you to believe somebody like that never married and had kids despite being a double kekke genkai good looking implied socially adept and basically a beloved leader for her villagenation for pulling them out of the blood mist era seriously her main plot point in naruto was concern over not having a husband and they couldnt even give her that win and made one of the mist good characters during that arc her child
"You know, this is a mild hunch so don't quote me, but I think @dygoknight might not like boruto very much.",you know this is a mild hunch so dont quote me but i think dygoknight might not like boruto very much
Boruto is such an Ootsutsuki man 🤣,boruto is such an ootsutsuki man
Naruto and Sasuke should be in disrespectful but I would have made a tier at the very bottom called unforgivable.,naruto and sasuke should be in disrespectful but i would have made a tier at the very bottom called unforgivable
Rida is so good,rida is so good
"yeah, gonna stop you right there in the beginning. in naruto, they already had walkie talkies, and i pretty much have the feeling i even seen some TVs in the show.
you can poop on in canon inconsistencies all you want, but this whole hating stops being fun, as soon as you equate our reality and progression, to a show that has nothing to do with out reality.

there is also highly sophisticated geneologie tech, even long before orochimarus exploits in turning everyone and their mum, into test subjects. madara is literally skingrafting grown hashirama cells onto his body, long before naruto was ever born.
we had skingrafting for a while now, but growing said skin, is pretty infant tech.

it's clear that tech wasn't as prevalent in naruto, cause most ppl we see are shinobi, which spend a lot of time on ninja missions, and not infront of the TV.
just cause kakashi always reads smut novels, doens't mean that he does that, cause he doesn't have a gameboy, or a tablet to watch TV on 😆
he jsut enjoys reading.

not saying they didn't take the P out of Ao, but it is absolutely possible in that timejump of around 20 years sicne the end of the 4th great ninja war, that they used their jutsus, to improve tech rapidly, cause it was a rather peaceful time, and peace breeds progress.

the whole plot of borito revolvs around synthetic ppl which had gods DNA implaneted in them, to gain his abilities.

as for the borito thing, the end of the manga was pretty tight, and the continutation, is getting better and better, as they actually managed to find a non explored topic, as in, they turned the 10 tails into a learning hungry, snide lil bookworm. i found that in incredibly appealing.
what if you are a god basiclly, but you're so oblivious and one track minded, that you never even thought, until you thought for the first time, cause someone was meddling with you, and it somehow spawned conciousness. how would you deal with that sudden complete reversal, of your own being and goals.

i need to check if you have videos which are a bit more timely towards that topic. i also never watched the burritos anime, once i realized that they couldn't wait 5 minutes with the filler, i immediatly decided that the anime doesn't exist, adn kept to the manga, which was so so, until the end which turned that dial up to a solid 8 when eida turned everysbody against boritos.
and the return was actually a good 9 for about like, 12 chapters before they finally took the foot off of the gas.

but yeah, i can't argue that plenty of characters got some plutonium tier character assassinations.

funnily enough, i'm totaly against modern customs in our world, but orochimaru demanding to be called they, kinda checks out.

dude/ette was basiclly everybody at this point, and porbably has some genitals we've never even seen before, with how many bodies he hopped.
if you can do that IRL, and you're basiclly an algamation of multiple ppl you consumed, i will actually accept you as being a third gender, but i will still call the POPO on you 😆",yeah gonna stop you right there in the beginning in naruto they already had walkie talkies and i pretty much have the feeling i even seen some tvs in the show you can poop on in canon inconsistencies all you want but this whole hating stops being fun as soon as you equate our reality and progression to a show that has nothing to do with out reality there is also highly sophisticated geneologie tech even long before orochimarus exploits in turning everyone and their mum into test subjects madara is literally skingrafting grown hashirama cells onto his body long before naruto was ever born we had skingrafting for a while now but growing said skin is pretty infant tech its clear that tech wasnt as prevalent in naruto cause most ppl we see are shinobi which spend a lot of time on ninja missions and not infront of the tv just cause kakashi always reads smut novels doenst mean that he does that cause he doesnt have a gameboy or a tablet to watch tv on he jsut enjoys reading not saying they didnt take the p out of ao but it is absolutely possible in that timejump of around 20 years sicne the end of the 4th great ninja war that they used their jutsus to improve tech rapidly cause it was a rather peaceful time and peace breeds progress the whole plot of borito revolvs around synthetic ppl which had gods dna implaneted in them to gain his abilities as for the borito thing the end of the manga was pretty tight and the continutation is getting better and better as they actually managed to find a non explored topic as in they turned the 10 tails into a learning hungry snide lil bookworm i found that in incredibly appealing what if you are a god basiclly but youre so oblivious and one track minded that you never even thought until you thought for the first time cause someone was meddling with you and it somehow spawned conciousness how would you deal with that sudden complete reversal of your own being and goals i need to check if you have videos which are a bit more timely towards that topic i also never watched the burritos anime once i realized that they couldnt wait 5 minutes with the filler i immediatly decided that the anime doesnt exist adn kept to the manga which was so so until the end which turned that dial up to a solid 8 when eida turned everysbody against boritos and the return was actually a good 9 for about like 12 chapters before they finally took the foot off of the gas but yeah i cant argue that plenty of characters got some plutonium tier character assassinations funnily enough im totaly against modern customs in our world but orochimaru demanding to be called they kinda checks out dudeette was basiclly everybody at this point and porbably has some genitals weve never even seen before with how many bodies he hopped if you can do that irl and youre basiclly an algamation of multiple ppl you consumed i will actually accept you as being a third gender but i will still call the popo on you
Ikemoto man he ruins everything,ikemoto man he ruins everything
How is Sakura in bad but Sarada in below average😂,how is sakura in bad but sarada in below average
ur down bad for hanabi,ur down bad for hanabi
"I genuinely feel like Naruto is the best Boruto character ,after we look past all the nerfing ,him just looking when Himawari is thrown into the air but after that, the effect he has on the children ,he is like a light on the new generation always understanding and forgiving and the way they portrayed him as a father figure to Kawaki as opposed to Isshiki which was peak to me ,I would also say Isshiki is one of the best characters",i genuinely feel like naruto is the best boruto character after we look past all the nerfing him just looking when himawari is thrown into the air but after that the effect he has on the children he is like a light on the new generation always understanding and forgiving and the way they portrayed him as a father figure to kawaki as opposed to isshiki which was peak to me i would also say isshiki is one of the best characters
I think bayon mode is cool,i think bayon mode is cool
What wrong with the otsutsuki I love all of them their so great 👍,what wrong with the otsutsuki i love all of them their so great
boruto is being hated so much and you made a tier just for otsutsuki,boruto is being hated so much and you made a tier just for otsutsuki
All of that technology in Boruto and they cant get the Raikage some hair plugs?,all of that technology in boruto and they cant get the raikage some hair plugs
Something tells me you don't like Boruto...,something tells me you dont like boruto
kakashi still great as pantera..,kakashi still great as pantera
I thought you were  gonna say hinata was disrespectful cause they made her into a housecwife and not any ninja job(p.s there nothing wrong with being a housewife i'm just complaining about it cause it a shonen anime),i thought you were gonna say hinata was disrespectful cause they made her into a housecwife and not any ninja jobps there nothing wrong with being a housewife im just complaining about it cause it a shonen anime
"5:46 
Chojuro beat Black zetsu who beat tentails madara",546 chojuro beat black zetsu who beat tentails madara
I feel just one thing that kawaki is the best character in boruto and one of the best in the whole naruto franchise he should be above average,i feel just one thing that kawaki is the best character in boruto and one of the best in the whole naruto franchise he should be above average
"NGL,this is kind of  based.",nglthis is kind of based
Toneri should be a tier or 2 higher. He's one of the better Otsutsuki😭. Yh Urashiki is TRASH and they used him to seal by boy Toneri so he couldnt help the main characters because they ignored him until that point,toneri should be a tier or 2 higher hes one of the better otsutsuki yh urashiki is trash and they used him to seal by boy toneri so he couldnt help the main characters because they ignored him until that point
Lol if you knew what they did to Shukaku he would be in ruined lmao,lol if you knew what they did to shukaku he would be in ruined lmao
I think toneri is Pretty Ok than most otsutsukis,i think toneri is pretty ok than most otsutsukis
almost every boruto character that wasnt in naruto is trash,almost every boruto character that wasnt in naruto is trash
i really hate naruto in boruto his cut bad dad and just they made him weak,i really hate naruto in boruto his cut bad dad and just they made him weak
Boruto is boring btw long time fan,boruto is boring btw long time fan
"You know talking about something constantly and insulting it firstly is not good for your spirit. Secondly, I think you've passed the point of constructive criticism to just bashing on the show. Which is made by people not robots. Yeah and when you put it like that you sound like a hate commenter. Insulting talent and work. So yeah. Please stop?",you know talking about something constantly and insulting it firstly is not good for your spirit secondly i think youve passed the point of constructive criticism to just bashing on the show which is made by people not robots yeah and when you put it like that you sound like a hate commenter insulting talent and work so yeah please stop
Hello First,hello first
Sakura is not a house wife she runs every medical facility in the town she can’t be on missions because Sasuke isn’t there to raise their kid she’s also hella op in boruto read Sakura Hiden Naruto fans just hate women along with the creators,sakura is not a house wife she runs every medical facility in the town she cant be on missions because sasuke isnt there to raise their kid shes also hella op in boruto read sakura hiden naruto fans just hate women along with the creators
"You put mitski on bad bro next kawaki, mitski I'd the best things of boruto",you put mitski on bad bro next kawaki mitski id the best things of boruto
ay x hina ship would have saved boruto,ay x hina ship would have saved boruto
"A finally losing some hair and musclemass in his old age doesn't make him ruined. He already didn't look young and already had white hair so losing hair was an easier visual sign of his aging, manga and anime are visual mediums. The scene he's in in 700 is a joke but the joke is distinctly on Mei, being juxtaposed with Tsunade who is looking younger then ever and Onoki, clinging to life at pushing a 100, A himself was fine I think. 

Momoshiki lacks motivations like all Ootsutsuki but when he is trapped inside Boruto he does acquire a personality, he's not the absolute worst anymore.",a finally losing some hair and musclemass in his old age doesnt make him ruined he already didnt look young and already had white hair so losing hair was an easier visual sign of his aging manga and anime are visual mediums the scene hes in in 700 is a joke but the joke is distinctly on mei being juxtaposed with tsunade who is looking younger then ever and onoki clinging to life at pushing a 100 a himself was fine i think momoshiki lacks motivations like all ootsutsuki but when he is trapped inside boruto he does acquire a personality hes not the absolute worst anymore
Literally every adult in Boruto is just  Look like a garbage version of BTS and Every kid in Boruto it’s just going to copy every skills that their parents have that is literally everything absolutely garbage show wasting my life time supplies,literally every adult in boruto is just look like a garbage version of bts and every kid in boruto its just going to copy every skills that their parents have that is literally everything absolutely garbage show wasting my life time supplies
Amado in awful? Are you serious? He's the best character in the series,amado in awful are you serious hes the best character in the series
No wonder bro gets no likes lmao 💀💀,no wonder bro gets no likes lmao
Who is your favorite character in Naruto to Boruto Shinobi Striker & why?,who is your favorite character in naruto to boruto shinobi striker why
Looking at the roster now. I feel like we need more Mitsuki and Sarada variants. Cause Sarada with sharingan that she has now and her chidori could be dope for healers. Same for Defense or Range with the better version of Mitsuki’s Sage Mode and moves being added.,looking at the roster now i feel like we need more mitsuki and sarada variants cause sarada with sharingan that she has now and her chidori could be dope for healers same for defense or range with the better version of mitsukis sage mode and moves being added
Should of done this on live would  of been fun,should of done this on live would of been fun
Never been this earlier on a vid drop 🔥 ranking bro,never been this earlier on a vid drop ranking bro
W list my only input is that it didn't seem like you considered characters substitutions.,w list my only input is that it didnt seem like you considered characters substitutions
Thank you for update,thank you for update
Hopefully my fav character will be Kimimaro. Just depends on what class he is for. I pray he is a healer,hopefully my fav character will be kimimaro just depends on what class he is for i pray he is a healer
Is this video good to look at for what dlc to gets,is this video good to look at for what dlc to gets
"You should do in your opinion, the best of everything in the game and its own department and entitled the video best whatever for the beginning of the new year and then make an updated list at the end of the year",you should do in your opinion the best of everything in the game and its own department and entitled the video best whatever for the beginning of the new year and then make an updated list at the end of the year
I wonder if might guy ult can be countered by kakazu healing ninjutsu,i wonder if might guy ult can be countered by kakazu healing ninjutsu
When did we lose the chance for an Edo Deidara? Cause now I hate Konohamaru,when did we lose the chance for an edo deidara cause now i hate konohamaru
I wish people would save these videos for the very last day of the game 😅 now you gotta update this when the next dlc comes out,i wish people would save these videos for the very last day of the game now you gotta update this when the next dlc comes out
why did they make Orochimaru weaker than Sakura,why did they make orochimaru weaker than sakura
Himawari solos,himawari solos
You're definitely gonna naruto run at least once. Believe it.,youre definitely gonna naruto run at least once believe it
"Watching someone experience Naruto for the first time is always awesome, because it’s so good",watching someone experience naruto for the first time is always awesome because its so good
wow based editer a true onepiece fan indeed,wow based editer a true onepiece fan indeed
I cant wait! its going to be fun,i cant wait its going to be fun
"The voice acting in the sub is way better and it's not even close. Dub is just ""fine"" I would say. There are people who swear by the dub, but I'm convinced they have ear damage.",the voice acting in the sub is way better and its not even close dub is just fine i would say there are people who swear by the dub but im convinced they have ear damage
2:57 YES! Nø fillers🔥🔥🔥🔥🔥🔥🔥🔥🔥🔥🔥🔥🔥🔥🔥🔥🔥🔥🔥🔥,257 yes n fillers
W streamer W YouTuber ♥️,w streamer w youtuber
"Lets go, i will watch your Naruto reaction",lets go i will watch your naruto reaction
"Looking forward to rewatching the show with you! Been a long time since I've seen it, so I'm curious if any thoughts change about it, and how you and other people first watching feel about it after all this time!",looking forward to rewatching the show with you been a long time since ive seen it so im curious if any thoughts change about it and how you and other people first watching feel about it after all this time
I love you so very much and I subscribe to your channel 😊😊😊😊❤❤❤😊,i love you so very much and i subscribe to your channel
Queen put the reactions on Youtube in near future please,queen put the reactions on youtube in near future please
Im subscribing just because you are watching it in dub. Thank God someone finally watches it in dub and experiences it the first time how it should be. The sub isn't bad but the dub is better and the dialogue is better too. The emotional scenes don't deliver as hard in sub like it does in dub. EVERYONE on YouTube always watches it in sub and it pisses me off.,im subscribing just because you are watching it in dub thank god someone finally watches it in dub and experiences it the first time how it should be the sub isnt bad but the dub is better and the dialogue is better too the emotional scenes dont deliver as hard in sub like it does in dub everyone on youtube always watches it in sub and it pisses me off
She did this for me gu- English????,she did this for me gu english
Poor sakura. Still love her,poor sakura still love her
I'm the 69th liker 😂🤪 never watched it so definitely tuning in for sure,im the 69th liker never watched it so definitely tuning in for sure
Where is the reaction videos,where is the reaction videos
"Just of heads up.  Some of the ""fillers"" aren't actually fillers, but important backstories to some of the most important characters in the Naruto methos.  But, yes, it's ok to skip the non-important fillers for sure.",just of heads up some of the fillers arent actually fillers but important backstories to some of the most important characters in the naruto methos but yes its ok to skip the nonimportant fillers for sure
"You’re not the first one, as I kid I watched the original Naruto. And now?

I’m pushing in my early 20’S and watching shipudden!

Give yourself a wild journey fellow ninja.

Or are you a villian 🥷",youre not the first one as i kid i watched the original naruto and now im pushing in my early 20s and watching shipudden give yourself a wild journey fellow ninja or are you a villian
u dont like ur pushing 30s and God bless have a nice day!!,u dont like ur pushing 30s and god bless have a nice day
Nooooooooooooo not the dubbed version man!!!!,nooooooooooooo not the dubbed version man
The dub is the best way to watch trust!!!,the dub is the best way to watch trust
So you finally gonna lose the naruto V card. bout time lol,so you finally gonna lose the naruto v card bout time lol
"oof too bad youre watching american dub, was looking forward to it but gotta pass :)",oof too bad youre watching american dub was looking forward to it but gotta pass
English dub!,english dub
Yo what’s good comment section I hope y’all are having a blessed day,yo whats good comment section i hope yall are having a blessed day
everyone hits their counter….with the sole exception of poisonedokami of course🥀,everyone hits their counterwith the sole exception of poisonedokami of course
Is it bad that I find it entertaining when poison struggles in ranked?  Awesome video my Gang,is it bad that i find it entertaining when poison struggles in ranked awesome video my gang
I’m glad to see you keeping the grind going🔥,im glad to see you keeping the grind going
Good to see you Poison probably for me is probably Sub management sometimes and definitely not landing as much counters also.,good to see you poison probably for me is probably sub management sometimes and definitely not landing as much counters also
"Man i am SO PISSED OFF by how companies still haven't made an rpgmmo game for animes like naruto yet....
We as naruto fans get to just have two barely active fighting games 
This is also the same for avatar the last airbender, the power system is like naruto its so perfect for an rpgmmo open world, a game like genshin or black desert gameplay but with naruto or avatar elements like goddamn when will we have one of those? when we get 60 years old? or never prob",man i am so pissed off by how companies still havent made an rpgmmo game for animes like naruto yet we as naruto fans get to just have two barely active fighting games this is also the same for avatar the last airbender the power system is like naruto its so perfect for an rpgmmo open world a game like genshin or black desert gameplay but with naruto or avatar elements like goddamn when will we have one of those when we get 60 years old or never prob
"i like this types of videos , like explaining stuff with the montages ....but i also like lesser jokes it get annoying ",i like this types of videos like explaining stuff with the montages but i also like lesser jokes it get annoying
my weakness : existence of connections... anw good to see you back again left a 👍,my weakness existence of connections anw good to see you back again left a
I really enjoy these live commentary casual talk style videos you've made in the last two uploads ✌😁,i really enjoy these live commentary casual talk style videos youve made in the last two uploads
Another Poison upload? Yup we’re back 😎,another poison upload yup were back
What wake up mom POISON DROPPED 👀,what wake up mom poison dropped
You should play against infernal storm he makes good content would be cool to see a collab on storm,you should play against infernal storm he makes good content would be cool to see a collab on storm
"Ye I don’t like counters, because it prolongs the match and is usually used by spammers",ye i dont like counters because it prolongs the match and is usually used by spammers
I'm really glad you're back🎉❤,im really glad youre back
Grab finish was actually sick 🔥,grab finish was actually sick
"Hey bro I learned a lot watching u back in the day, always a good day when u post on here 🔥",hey bro i learned a lot watching u back in the day always a good day when u post on here
Those matches from the 18:00 minute mark is crazy,those matches from the 1800 minute mark is crazy
Man I miss Storm 2.,man i miss storm 2
We love you poison !!,we love you poison
I'm really thinking of playing storm 4 now,im really thinking of playing storm 4 now
GODSPEED OKAYUMERI,godspeed okayumeri
"The goat is back!? Letsssgoooooo 🔥🔥🔥🔥🔥 bro never disappoints to entertain, those were some fire matches 😤",the goat is back letsssgoooooo bro never disappoints to entertain those were some fire matches
i miss playing this game lmao,i miss playing this game lmao
"Just started playing this game, watching you makes me feel more hyped on getting on and grinding for hours ❤",just started playing this game watching you makes me feel more hyped on getting on and grinding for hours
Relly good video. Would love to see tayuya player fight against you,relly good video would love to see tayuya player fight against you
"welcome back again poison, NOW GET ON STORM 4💔💔💔💔",welcome back again poison now get on storm 4
"Idk if anything would change with the rank your at, but Sasuke EMS Ametarasu Slash always worked well when I did it as a mid-air atk to catch people off guard and then follow up after.",idk if anything would change with the rank your at but sasuke ems ametarasu slash always worked well when i did it as a midair atk to catch people off guard and then follow up after
"Hey Okami, here's an idea
How about playing with every character but you can't switch to another character until you secure a win with said character",hey okami heres an idea how about playing with every character but you cant switch to another character until you secure a win with said character
Waiting for storm 5... xD,waiting for storm 5 xd
"ems sasuke is very slept on, really hope to see more people use him 🤠",ems sasuke is very slept on really hope to see more people use him
I just got back into storm,i just got back into storm
yo apart from papa berto are all the bigger SC channels from the EU? propa cheeky lads innit m8,yo apart from papa berto are all the bigger sc channels from the eu propa cheeky lads innit m8
"It could be another reason, but ever since Sasuke (Kirin) got his aerial atk buff where you can follow up after the last hit now, alot more people play him. He's also probably my favorite character to play now. Alot of characters were held back before when they couldn't do anything after their aerial combo.",it could be another reason but ever since sasuke kirin got his aerial atk buff where you can follow up after the last hit now alot more people play him hes also probably my favorite character to play now alot of characters were held back before when they couldnt do anything after their aerial combo
Im a taka Sasuke merchant,im a taka sasuke merchant
"For I wish I could have a better understanding of my lead character properties,like I think my movement and leader switch is solid but I feel like I need to improve on fully utilization of particular characters I enjoy. Oh but counters are easy to bait real impatient players so I never had issues there lol 😆 😆",for i wish i could have a better understanding of my lead character propertieslike i think my movement and leader switch is solid but i feel like i need to improve on fully utilization of particular characters i enjoy oh but counters are easy to bait real impatient players so i never had issues there lol
Not buying Nintendo online knowing there's 0 players,not buying nintendo online knowing theres 0 players
"Ay poison, im making a patch mod for connections, would u like to post here when its alpha_test ?",ay poison im making a patch mod for connections would u like to post here when its alphatest
why did they abandon the game man,why did they abandon the game man
"I honestly don't use Counter mechanic very much when I play, since its a very risky move. Yet I would often get cooked by people that either spam it or are just very good at timing it constantly. I have always hated the mechanic in this game. I prob. wouldn't mind it as much if it was like post-patch Revolution where they treated it like a Combo Breaker in Mortal Kombat and you just got pushed back to the floor for a neutral reset.",i honestly dont use counter mechanic very much when i play since its a very risky move yet i would often get cooked by people that either spam it or are just very good at timing it constantly i have always hated the mechanic in this game i prob wouldnt mind it as much if it was like postpatch revolution where they treated it like a combo breaker in mortal kombat and you just got pushed back to the floor for a neutral reset
1:50 Did you record that voice sample yourself? xD,150 did you record that voice sample yourself xd
"I think my weakness is straight aggression.   for some reason I'm terrible at just dashing and mashing, it's just not how I play.   I'm very used to doing set ups and layers of attacks,  and it's also hard to play characters that have rasangans and chidoris and such cause I don't really throw those out, things like that.     Also what's the music at 20 minutes in?",i think my weakness is straight aggression for some reason im terrible at just dashing and mashing its just not how i play im very used to doing set ups and layers of attacks and its also hard to play characters that have rasangans and chidoris and such cause i dont really throw those out things like that also whats the music at 20 minutes in
What do you guys consider to be your main weakness in Storm? ,what do you guys consider to be your main weakness in storm
yooo poison when u streaming again man?,yooo poison when u streaming again man
E is finally streaming again and yama is uploading again ? I sold my PS5 at the wrong moment 🙄,e is finally streaming again and yama is uploading again i sold my ps5 at the wrong moment
Why do people play Kirin Sasuke? Because he got 3 buffs just like Sage Kabuto and now he's broken. 😂,why do people play kirin sasuke because he got 3 buffs just like sage kabuto and now hes broken
"Storm connections? More like, I LOVE Gambling!!! 🎰 since matches are always 50/50s regardless of skill!!!",storm connections more like i love gambling since matches are always 5050s regardless of skill
"Cousin really yaping about the lore like I didn't all the Storm games on launch.
EMS the 2nd GOAT, if only he had an Onyx Chidori he would be cooler than FKS Sasuker.
My weakness is that I'm so good I can never fight fairly if I use my full power and I constantly counter my opponents like a book I'm reading, it's a sad life at the top.
If someone thought counters were op in Revolution, I just KNOW they were getting caught mashing 24/7 and begging CC2 to let them mash without big consequences.
Cousin, I use every character in the game yet you talk about my student Rikuder, smh my head.
Good to see you still script the video matches.
KIRIN SASUKE DOESN'T EXIST, HIS NAME IS S2/HEBI SASUKE.
Mei is 100% top tier support, crazy tracking mid/long range and undodgeable other Jutsu at close range, while HITTING ON THE GROUND (Showers) that ALSO let you combo and cost LITTLE CHAKRA, nah, bombooclat on the rosclat.
Cousin, someone clapping you post match means he's confirming he CLAPPED you.😭
Still a Strike Back merchant, shame on you.
Stay washed.",cousin really yaping about the lore like i didnt all the storm games on launch ems the 2nd goat if only he had an onyx chidori he would be cooler than fks sasuker my weakness is that im so good i can never fight fairly if i use my full power and i constantly counter my opponents like a book im reading its a sad life at the top if someone thought counters were op in revolution i just know they were getting caught mashing 247 and begging cc2 to let them mash without big consequences cousin i use every character in the game yet you talk about my student rikuder smh my head good to see you still script the video matches kirin sasuke doesnt exist his name is s2hebi sasuke mei is 100 top tier support crazy tracking midlong range and undodgeable other jutsu at close range while hitting on the ground showers that also let you combo and cost little chakra nah bombooclat on the rosclat cousin someone clapping you post match means hes confirming he clapped you still a strike back merchant shame on you stay washed
where were the tobi grab loops 😢off an otg assist,where were the tobi grab loops off an otg assist
hey man.. you on ps xbox or pc?,hey man you on ps xbox or pc
10:48 whats this video? asking for a friend,1048 whats this video asking for a friend
"Any PC storm players here? I wanna buy Connections for online matches but I find conflicting information. Can someone tell me if online mode is ""online"" or dried up on PC please?",any pc storm players here i wanna buy connections for online matches but i find conflicting information can someone tell me if online mode is online or dried up on pc please
Anyone here play on PC? Could use some good matches,anyone here play on pc could use some good matches
didnt get ems by his brothers eyes ?,didnt get ems by his brothers eyes
kirin sasuke is the best looking sasuke,kirin sasuke is the best looking sasuke
Online is different from a match from the same console. no delays. Get your shit together.,online is different from a match from the same console no delays get your shit together
Ft5 $2000 money match me vs you naruto storm 4,ft5 2000 money match me vs you naruto storm 4
Storm 4 when?,storm 4 when
"If you got DBFZ music, you should show us some DBFZ games, unless you haven't played the game very much.",if you got dbfz music you should show us some dbfz games unless you havent played the game very much
Good video poison!!💯 I've been struggling with countering and trying to get my leader switching back up to date 🫩,good video poison ive been struggling with countering and trying to get my leader switching back up to date
"If I had to make any changes it would be: Move Sasuke into SS, move Kuro to C,  Move Konohamaru to D, Amado wasnt on the list but he would be in A tier, Deepa wasnt on the list but he would be A tier. 

Also join the discord if you want to see more discord based videos like this: https://discord.gg/dEekWEQBN8",if i had to make any changes it would be move sasuke into ss move kuro to c move konohamaru to d amado wasnt on the list but he would be in a tier deepa wasnt on the list but he would be a tier also join the discord if you want to see more discord based videos like this
I love how naruto and boruto immediately go to SS Goated Tierlist,i love how naruto and boruto immediately go to ss goated tierlist
Thank You! Finally some Ao appreciation! I loved him as a villain.,thank you finally some ao appreciation i loved him as a villain
"I'm laughing at ""Konohamaru"" and ""Daemon"" part lol
Deamon is adorable idc😭",im laughing at konohamaru and daemon part lol deamon is adorable idc
Goated tier list,goated tier list
My only critique about the discussion you guys had was that someone would bringing up that we see something in the anime that wasn’t expressed in the manga but That’s literally how the boruto series works consuming the boruto series through one medium only isn’t a good way to go. Having the manga leaf room for the anime to expand isn’t a bad thing since it’s been said that the manga is only the skeleton of the story.,my only critique about the discussion you guys had was that someone would bringing up that we see something in the anime that wasnt expressed in the manga but thats literally how the boruto series works consuming the boruto series through one medium only isnt a good way to go having the manga leaf room for the anime to expand isnt a bad thing since its been said that the manga is only the skeleton of the story
Sasuke didn’t run out chakra vs Kinshiki he retreated because he would have been at a disadvantage,sasuke didnt run out chakra vs kinshiki he retreated because he would have been at a disadvantage
"Ino is pretty important in Boruto, sad she was missing in this tier list. Where would you have rank her?",ino is pretty important in boruto sad she was missing in this tier list where would you have rank her
If you guys go back to episode 151 where sai and sasuke go to the rain to the original Kara hideout RIGHT next to where jiraiya die making it easier for amado to get cells to create koji and no one catcher on to this at all.,if you guys go back to episode 151 where sai and sasuke go to the rain to the original kara hideout right next to where jiraiya die making it easier for amado to get cells to create koji and no one catcher on to this at all
"speaking about kashin koji, i really wish they make an arc for him & have myb have tsunade and orochimaru face him",speaking about kashin koji i really wish they make an arc for him have myb have tsunade and orochimaru face him
"AO deserves that spot,underrated boruto villain",ao deserves that spotunderrated boruto villain
"I actually like Code, he's so violent",i actually like code hes so violent
You should have ranked Amado's character too,you should have ranked amados character too
Where’s deepa tf!!?,wheres deepa tf
100th like lol,100th like lol
Where's sumire?,wheres sumire
What about rest of the classmates of Boruto?,what about rest of the classmates of boruto
Isn't Jigen to Code what Naruto is to Kawaki?,isnt jigen to code what naruto is to kawaki
What if in the middle of boruto and kawaki fight they get stop by 2 otsutsuki stronger then them,what if in the middle of boruto and kawaki fight they get stop by 2 otsutsuki stronger then them
Nah you forgot the best boruto character out there the goat urashiki 🤣,nah you forgot the best boruto character out there the goat urashiki
"What I dont like about mitsuki is that he needs a personality asap, he is basically Boruto's yes man, everything boruto says and does he says and does too,that makes him boring",what i dont like about mitsuki is that he needs a personality asap he is basically borutos yes man everything boruto says and does he says and does toothat makes him boring
did u put code at c,did u put code at c
This list basically goes off of relevancy nothing else,this list basically goes off of relevancy nothing else
Why is Kakashi Only B tier?😭😭😭,why is kakashi only b tier
Ao Is S tier lol,ao is s tier lol
I think kawaki is overrated boruto has a few interesting conflictions sarada has even more potential than boruto when it comes to development and growth but hasn’t gotten to that point Naruto and sasuke are SS by default and mitsuki isn’t interesting at all,i think kawaki is overrated boruto has a few interesting conflictions sarada has even more potential than boruto when it comes to development and growth but hasnt gotten to that point naruto and sasuke are ss by default and mitsuki isnt interesting at all
BORUTO IS FIREEEEE 🔥,boruto is fireeeee
Boruto Is So MID,boruto is so mid
BORUTO IS ASSSSSS,boruto is assssss
